{"type": "bundle", "id": "bundle--d57d0fcb-e713-4604-ae79-ce28bab2713c", "objects": [{"type": "identity", "spec_version": "2.1", "id": "identity--b9df1786-0d32-410c-8018-a4f33816121e", "created": "2022-05-13T14:29:12.103528Z", "modified": "2022-05-13T14:29:12.103528Z", "name": "Bournemouth University CERT"}, {"type": "malware", "spec_version": "2.1", "id": "malware--575f0d9d-4285-4d05-ad62-ad310544f1bd", "created": "2022-05-13T14:29:12.104511Z", "modified": "2022-05-13T14:29:12.104511Z", "name": "BlackBasta", "description": "American Dental Association hit by new Black Basta ransomware", "is_family": false}, {"type": "vulnerability", "spec_version": "2.1", "id": "vulnerability--d470012a-c195-4e45-903d-66a95e74abaf", "created": "2022-05-13T14:29:12.105508Z", "modified": "2022-05-13T14:29:12.105508Z", "name": "CVE-2019-1003029", "external_references": [{"source_name": "mitre-attack", "url": "https://nvd.nist.gov/vuln/detail/CVE-2019-1003029", "external_id": "CVE-2019-1003029"}]}, {"type": "vulnerability", "spec_version": "2.1", "id": "vulnerability--91a9208b-1c26-4231-839b-f4ca1a56de1b", "created": "2022-05-13T14:29:12.106505Z", "modified": "2022-05-13T14:29:12.106505Z", "name": "CVE-2021-34484", "external_references": [{"source_name": "mitre-attack", "url": "https://nvd.nist.gov/vuln/detail/CVE-2021-34484", "external_id": "CVE-2021-34484"}]}, {"type": "vulnerability", "spec_version": "2.1", "id": "vulnerability--0e6714cf-ab68-4e61-b143-3766a702fc07", "created": "2022-05-13T14:29:12.106505Z", "modified": "2022-05-13T14:29:12.106505Z", "name": "CVE-2021-40450", "external_references": [{"source_name": "mitre-attack", "url": "https://nvd.nist.gov/vuln/detail/CVE-2021-40450", "external_id": "CVE-2021-40450"}]}, {"type": "vulnerability", "spec_version": "2.1", "id": "vulnerability--736b35ac-d671-41c7-982d-1736c3ac5a9b", "created": "2022-05-13T14:29:12.106505Z", "modified": "2022-05-13T14:29:12.106505Z", "name": "CVE-2021-41357", "external_references": [{"source_name": "mitre-attack", "url": "https://nvd.nist.gov/vuln/detail/CVE-2021-41357", "external_id": "CVE-2021-41357"}]}, {"type": "vulnerability", "spec_version": "2.1", "id": "vulnerability--35b46404-f24b-43e2-8160-6ab2c611d162", "created": "2022-05-13T14:29:12.107538Z", "modified": "2022-05-13T14:29:12.107538Z", "name": "CVE-2022-0847", "external_references": [{"source_name": "mitre-attack", "url": "https://nvd.nist.gov/vuln/detail/CVE-2022-0847", "external_id": "CVE-2022-0847"}]}, {"type": "vulnerability", "spec_version": "2.1", "id": "vulnerability--bdfe673b-ec86-441c-be3c-3a4c882b81d9", "created": "2022-05-13T14:29:12.107538Z", "modified": "2022-05-13T14:29:12.107538Z", "name": "CVE-2022-21919", "external_references": [{"source_name": "mitre-attack", "url": "https://nvd.nist.gov/vuln/detail/CVE-2022-21919", "external_id": "CVE-2022-21919"}]}, {"type": "vulnerability", "spec_version": "2.1", "id": "vulnerability--7231387d-c855-4905-8fa5-0e21857b8d54", "created": "2022-05-13T14:29:12.108524Z", "modified": "2022-05-13T14:29:12.108524Z", "name": "CVE-2022-26904", "external_references": [{"source_name": "mitre-attack", "url": "https://nvd.nist.gov/vuln/detail/CVE-2022-26904", "external_id": "CVE-2022-26904"}]}, {"type": "vulnerability", "spec_version": "2.1", "id": "vulnerability--8a2773cd-0762-4c95-b524-a86060373b98", "created": "2022-05-13T14:29:12.108524Z", "modified": "2022-05-13T14:29:12.108524Z", "name": "CVE-2022-29464", "external_references": [{"source_name": "mitre-attack", "url": "https://nvd.nist.gov/vuln/detail/CVE-2022-29464", "external_id": "CVE-2022-29464"}]}, {"type": "indicator", "spec_version": "2.1", "id": "indicator--1715840e-2fbf-45a4-849b-ddf5fcdf9455", "created_by_ref": "identity--b9df1786-0d32-410c-8018-a4f33816121e", "created": "2022-05-13T14:29:12.109521Z", "modified": "2022-05-13T14:29:12.109521Z", "name": "Malicious MD5 - 3f400f30415941348af21d515a2fc6a3", "description": "Malicious MD5 involved with BlackBasta", "pattern": "[file:hashes.MD5 = '3f400f30415941348af21d515a2fc6a3']", "pattern_type": "stix", "pattern_version": "2.1", "valid_from": "2022-05-13T15:29:12.109521Z", "labels": ["malicious-activity"]}, {"type": "relationship", "spec_version": "2.1", "id": "relationship--6867d6e5-db34-42a2-a786-482cd191337e", "created": "2022-05-13T14:29:12.138179Z", "modified": "2022-05-13T14:29:12.138179Z", "relationship_type": "indicates", "source_ref": "indicator--1715840e-2fbf-45a4-849b-ddf5fcdf9455", "target_ref": "malware--575f0d9d-4285-4d05-ad62-ad310544f1bd"}, {"type": "indicator", "spec_version": "2.1", "id": "indicator--8d5f660a-eb5b-42ec-a8b2-fd8e3d969d10", "created_by_ref": "identity--b9df1786-0d32-410c-8018-a4f33816121e", "created": "2022-05-13T14:29:12.139179Z", "modified": "2022-05-13T14:29:12.139179Z", "name": "Malicious SHA1 - bd0bf9c987288ca434221d7d81c54a47e913600a", "description": "Malicious SHA1 involved with BlackBasta", "pattern": "[file:hashes.'SHA-1' = 'bd0bf9c987288ca434221d7d81c54a47e913600a']", "pattern_type": "stix", "pattern_version": "2.1", "valid_from": "2022-05-13T15:29:12.139179Z", "labels": ["malicious-activity"]}, {"type": "relationship", "spec_version": "2.1", "id": "relationship--cd436436-a499-443c-a9d5-46c839e2fe4b", "created": "2022-05-13T14:29:12.146158Z", "modified": "2022-05-13T14:29:12.146158Z", "relationship_type": "indicates", "source_ref": "indicator--8d5f660a-eb5b-42ec-a8b2-fd8e3d969d10", "target_ref": "malware--575f0d9d-4285-4d05-ad62-ad310544f1bd"}, {"type": "indicator", "spec_version": "2.1", "id": "indicator--a686b85e-7167-4fbd-89f1-cb6dbbdce0a7", "created_by_ref": "identity--b9df1786-0d32-410c-8018-a4f33816121e", "created": "2022-05-13T14:29:12.147155Z", "modified": "2022-05-13T14:29:12.147155Z", "name": "Malicious SHA256 - 17205c43189c22dfcb278f5cc45c2562f622b0b6280dcd43cc1d3c274095eb90", "description": "Malicious SHA256 involved with BlackBasta", "pattern": "[file:hashes.'SHA-256' = '17205c43189c22dfcb278f5cc45c2562f622b0b6280dcd43cc1d3c274095eb90']", "pattern_type": "stix", "pattern_version": "2.1", "valid_from": "2022-05-13T15:29:12.147155Z", "labels": ["malicious-activity"]}, {"type": "relationship", "spec_version": "2.1", "id": "relationship--43fa1c69-e4ee-4533-afca-ca9bbf0d70a9", "created": "2022-05-13T14:29:12.151145Z", "modified": "2022-05-13T14:29:12.151145Z", "relationship_type": "indicates", "source_ref": "indicator--a686b85e-7167-4fbd-89f1-cb6dbbdce0a7", "target_ref": "malware--575f0d9d-4285-4d05-ad62-ad310544f1bd"}, {"type": "indicator", "spec_version": "2.1", "id": "indicator--241e12d7-fa26-47fa-bde5-49db4501ba3d", "created_by_ref": "identity--b9df1786-0d32-410c-8018-a4f33816121e", "created": "2022-05-13T14:29:12.151145Z", "modified": "2022-05-13T14:29:12.151145Z", "name": "Malicious SHA256 - 1d040540c3c2ed8f73e04c578e7fb96d0b47d858bbb67e9b39ec2f4674b04250", "description": "Malicious SHA256 involved with BlackBasta", "pattern": "[file:hashes.'SHA-256' = '1d040540c3c2ed8f73e04c578e7fb96d0b47d858bbb67e9b39ec2f4674b04250']", "pattern_type": "stix", "pattern_version": "2.1", "valid_from": "2022-05-13T15:29:12.151145Z", "labels": ["malicious-activity"]}, {"type": "relationship", "spec_version": "2.1", "id": "relationship--beb693f6-0dc2-4e85-b4e7-88107ee28bb4", "created": "2022-05-13T14:29:12.154136Z", "modified": "2022-05-13T14:29:12.154136Z", "relationship_type": "indicates", "source_ref": "indicator--241e12d7-fa26-47fa-bde5-49db4501ba3d", "target_ref": "malware--575f0d9d-4285-4d05-ad62-ad310544f1bd"}, {"type": "indicator", "spec_version": "2.1", "id": "indicator--58fc1f0a-ff8e-4a97-a4ef-cdd4fa54c6f1", "created_by_ref": "identity--b9df1786-0d32-410c-8018-a4f33816121e", "created": "2022-05-13T14:29:12.15518Z", "modified": "2022-05-13T14:29:12.15518Z", "name": "Malicious SHA256 - 2967e1d97d32605fc5ace49a10828800fbbefcc1e010f6004a9c88ef3ecdad88", "description": "Malicious SHA256 involved with BlackBasta", "pattern": "[file:hashes.'SHA-256' = '2967e1d97d32605fc5ace49a10828800fbbefcc1e010f6004a9c88ef3ecdad88']", "pattern_type": "stix", "pattern_version": "2.1", "valid_from": "2022-05-13T15:29:12.15518Z", "labels": ["malicious-activity"]}, {"type": "relationship", "spec_version": "2.1", "id": "relationship--deac3d9b-ab1c-4950-ae7a-044c9626273a", "created": "2022-05-13T14:29:12.159123Z", "modified": "2022-05-13T14:29:12.159123Z", "relationship_type": "indicates", "source_ref": "indicator--58fc1f0a-ff8e-4a97-a4ef-cdd4fa54c6f1", "target_ref": "malware--575f0d9d-4285-4d05-ad62-ad310544f1bd"}, {"type": "indicator", "spec_version": "2.1", "id": "indicator--a63f578d-09f1-4676-86fb-47d52c4a3bb2", "created_by_ref": "identity--b9df1786-0d32-410c-8018-a4f33816121e", "created": "2022-05-13T14:29:12.16012Z", "modified": "2022-05-13T14:29:12.16012Z", "name": "Malicious SHA256 - 5d2204f3a20e163120f52a2e3595db19890050b2faa96c6cba6b094b0a52b0aa", "description": "Malicious SHA256 involved with BlackBasta", "pattern": "[file:hashes.'SHA-256' = '5d2204f3a20e163120f52a2e3595db19890050b2faa96c6cba6b094b0a52b0aa']", "pattern_type": "stix", "pattern_version": "2.1", "valid_from": "2022-05-13T15:29:12.16012Z", "labels": ["malicious-activity"]}, {"type": "relationship", "spec_version": "2.1", "id": "relationship--9386a40d-47a3-4f92-84e6-a5dae9f869fe", "created": "2022-05-13T14:29:12.16411Z", "modified": "2022-05-13T14:29:12.16411Z", "relationship_type": "indicates", "source_ref": "indicator--a63f578d-09f1-4676-86fb-47d52c4a3bb2", "target_ref": "malware--575f0d9d-4285-4d05-ad62-ad310544f1bd"}, {"type": "indicator", "spec_version": "2.1", "id": "indicator--05fcc0a4-f587-46d4-b13f-0b78619912d0", "created_by_ref": "identity--b9df1786-0d32-410c-8018-a4f33816121e", "created": "2022-05-13T14:29:12.165109Z", "modified": "2022-05-13T14:29:12.165109Z", "name": "Malicious SHA256 - 7883f01096db9bcf090c2317749b6873036c27ba92451b212b8645770e1f0b8a", "description": "Malicious SHA256 involved with BlackBasta", "pattern": "[file:hashes.'SHA-256' = '7883f01096db9bcf090c2317749b6873036c27ba92451b212b8645770e1f0b8a']", "pattern_type": "stix", "pattern_version": "2.1", "valid_from": "2022-05-13T15:29:12.165109Z", "labels": ["malicious-activity"]}, {"type": "relationship", "spec_version": "2.1", "id": "relationship--9f273ebc-7359-49d8-ac07-f6ff41d3394c", "created": "2022-05-13T14:29:12.169117Z", "modified": "2022-05-13T14:29:12.169117Z", "relationship_type": "indicates", "source_ref": "indicator--05fcc0a4-f587-46d4-b13f-0b78619912d0", "target_ref": "malware--575f0d9d-4285-4d05-ad62-ad310544f1bd"}, {"type": "indicator", "spec_version": "2.1", "id": "indicator--c5c7fdaf-65af-4314-a00a-a82160706024", "created_by_ref": "identity--b9df1786-0d32-410c-8018-a4f33816121e", "created": "2022-05-13T14:29:12.169117Z", "modified": "2022-05-13T14:29:12.169117Z", "name": "Malicious SHA256 - a54fef5fe2af58f5bd75c3af44f1fba22b721f34406c5963b19c5376ab278cd1", "description": "Malicious SHA256 involved with BlackBasta", "pattern": "[file:hashes.'SHA-256' = 'a54fef5fe2af58f5bd75c3af44f1fba22b721f34406c5963b19c5376ab278cd1']", "pattern_type": "stix", "pattern_version": "2.1", "valid_from": "2022-05-13T15:29:12.169117Z", "labels": ["malicious-activity"]}, {"type": "relationship", "spec_version": "2.1", "id": "relationship--884518d7-33c9-49e8-b989-3fbcf532cb28", "created": "2022-05-13T14:29:12.174104Z", "modified": "2022-05-13T14:29:12.174104Z", "relationship_type": "indicates", "source_ref": "indicator--c5c7fdaf-65af-4314-a00a-a82160706024", "target_ref": "malware--575f0d9d-4285-4d05-ad62-ad310544f1bd"}, {"type": "indicator", "spec_version": "2.1", "id": "indicator--3939c8fc-7be4-4525-b8ef-24dfecb381d3", "created_by_ref": "identity--b9df1786-0d32-410c-8018-a4f33816121e", "created": "2022-05-13T14:29:12.174104Z", "modified": "2022-05-13T14:29:12.174104Z", "name": "Malicious SHA256 - ae7c868713e1d02b4db60128c651eb1e3f6a33c02544cc4cb57c3aa6c6581b6e", "description": "Malicious SHA256 involved with BlackBasta", "pattern": "[file:hashes.'SHA-256' = 'ae7c868713e1d02b4db60128c651eb1e3f6a33c02544cc4cb57c3aa6c6581b6e']", "pattern_type": "stix", "pattern_version": "2.1", "valid_from": "2022-05-13T15:29:12.174104Z", "labels": ["malicious-activity"]}, {"type": "relationship", "spec_version": "2.1", "id": "relationship--8122c4cd-7157-4e84-9a85-6198c9527d28", "created": "2022-05-13T14:29:12.177135Z", "modified": "2022-05-13T14:29:12.177135Z", "relationship_type": "indicates", "source_ref": "indicator--3939c8fc-7be4-4525-b8ef-24dfecb381d3", "target_ref": "malware--575f0d9d-4285-4d05-ad62-ad310544f1bd"}, {"type": "indicator", "spec_version": "2.1", "id": "indicator--975d4ee4-5b5d-437a-b20e-a80116f7c6cc", "created_by_ref": "identity--b9df1786-0d32-410c-8018-a4f33816121e", "created": "2022-05-13T14:29:12.177654Z", "modified": "2022-05-13T14:29:12.177654Z", "name": "Malicious SHA256 - f088e6944b2632bb7c93fa3c7ba1707914c05c00f9491e033f78a709d65d7cff", "description": "Malicious SHA256 involved with BlackBasta", "pattern": "[file:hashes.'SHA-256' = 'f088e6944b2632bb7c93fa3c7ba1707914c05c00f9491e033f78a709d65d7cff']", "pattern_type": "stix", "pattern_version": "2.1", "valid_from": "2022-05-13T15:29:12.177654Z", "labels": ["malicious-activity"]}, {"type": "relationship", "spec_version": "2.1", "id": "relationship--b664c263-9032-4aa6-986f-08867bfba566", "created": "2022-05-13T14:29:12.179639Z", "modified": "2022-05-13T14:29:12.179639Z", "relationship_type": "indicates", "source_ref": "indicator--975d4ee4-5b5d-437a-b20e-a80116f7c6cc", "target_ref": "malware--575f0d9d-4285-4d05-ad62-ad310544f1bd"}, {"type": "relationship", "spec_version": "2.1", "id": "relationship--b9ce497c-eb26-46af-9b49-afad5c7cb23f", "created": "2022-05-13T14:29:12.180636Z", "modified": "2022-05-13T14:29:12.180636Z", "relationship_type": "indicates", "source_ref": "indicator--975d4ee4-5b5d-437a-b20e-a80116f7c6cc", "target_ref": "vulnerability--d470012a-c195-4e45-903d-66a95e74abaf"}, {"type": "relationship", "spec_version": "2.1", "id": "relationship--2f462a73-7f54-4a86-9a8e-7acfeac2fab8", "created": "2022-05-13T14:29:12.180636Z", "modified": "2022-05-13T14:29:12.180636Z", "relationship_type": "indicates", "source_ref": "indicator--975d4ee4-5b5d-437a-b20e-a80116f7c6cc", "target_ref": "vulnerability--91a9208b-1c26-4231-839b-f4ca1a56de1b"}, {"type": "relationship", "spec_version": "2.1", "id": "relationship--e728b77b-b2d1-406b-8d73-91ef54e28b83", "created": "2022-05-13T14:29:12.181634Z", "modified": "2022-05-13T14:29:12.181634Z", "relationship_type": "indicates", "source_ref": "indicator--975d4ee4-5b5d-437a-b20e-a80116f7c6cc", "target_ref": "vulnerability--0e6714cf-ab68-4e61-b143-3766a702fc07"}, {"type": "relationship", "spec_version": "2.1", "id": "relationship--70cd468d-5058-43fd-ae72-9ef1cdcdd77c", "created": "2022-05-13T14:29:12.181634Z", "modified": "2022-05-13T14:29:12.181634Z", "relationship_type": "indicates", "source_ref": "indicator--975d4ee4-5b5d-437a-b20e-a80116f7c6cc", "target_ref": "vulnerability--736b35ac-d671-41c7-982d-1736c3ac5a9b"}, {"type": "relationship", "spec_version": "2.1", "id": "relationship--881dd0ea-512c-484d-8b1c-167c2b6c45af", "created": "2022-05-13T14:29:12.182631Z", "modified": "2022-05-13T14:29:12.182631Z", "relationship_type": "indicates", "source_ref": "indicator--975d4ee4-5b5d-437a-b20e-a80116f7c6cc", "target_ref": "vulnerability--35b46404-f24b-43e2-8160-6ab2c611d162"}, {"type": "relationship", "spec_version": "2.1", "id": "relationship--9934fd36-c7f2-4951-b6ee-4cb368d0ad0a", "created": "2022-05-13T14:29:12.182631Z", "modified": "2022-05-13T14:29:12.182631Z", "relationship_type": "indicates", "source_ref": "indicator--975d4ee4-5b5d-437a-b20e-a80116f7c6cc", "target_ref": "vulnerability--bdfe673b-ec86-441c-be3c-3a4c882b81d9"}, {"type": "relationship", "spec_version": "2.1", "id": "relationship--d64f6a2e-5cf2-477f-b96f-c194fc55b63b", "created": "2022-05-13T14:29:12.182631Z", "modified": "2022-05-13T14:29:12.182631Z", "relationship_type": "indicates", "source_ref": "indicator--975d4ee4-5b5d-437a-b20e-a80116f7c6cc", "target_ref": "vulnerability--7231387d-c855-4905-8fa5-0e21857b8d54"}, {"type": "relationship", "spec_version": "2.1", "id": "relationship--b75f42fe-31b2-477e-b60a-4891ab7a69d7", "created": "2022-05-13T14:29:12.183632Z", "modified": "2022-05-13T14:29:12.183632Z", "relationship_type": "indicates", "source_ref": "indicator--975d4ee4-5b5d-437a-b20e-a80116f7c6cc", "target_ref": "vulnerability--8a2773cd-0762-4c95-b524-a86060373b98"}]}