{"type": "bundle", "id": "bundle--d4293f2d-75d0-432c-b2c0-c85b17aba997", "objects": [{"type": "identity", "spec_version": "2.1", "id": "identity--ffd3e7b5-b847-41b4-a690-3c699e6eea5d", "created": "2022-05-13T14:16:26.287204Z", "modified": "2022-05-13T14:16:26.287204Z", "name": "Bournemouth University CERT"}, {"type": "malware", "spec_version": "2.1", "id": "malware--336311f6-a897-4af7-942f-835d0509e66b", "created": "2022-05-13T14:16:26.287688Z", "modified": "2022-05-13T14:16:26.287688Z", "name": "Blackbyte Ransomware", "description": "Analyzing blackbyte ransomware go-based malware", "is_family": false}, {"type": "attack-pattern", "spec_version": "2.1", "id": "attack-pattern--327ac081-52ed-4400-99a6-0cc19b5a1e59", "created": "2022-05-13T14:16:26.288717Z", "modified": "2022-05-13T14:16:26.288717Z", "name": "T1027", "external_references": [{"source_name": "mitre-attack", "url": "https://attack.mitre.org/techniques/T1027/", "external_id": "T1027"}]}, {"type": "attack-pattern", "spec_version": "2.1", "id": "attack-pattern--82fbeede-428b-4304-8304-2f3199bee894", "created": "2022-05-13T14:16:26.28997Z", "modified": "2022-05-13T14:16:26.28997Z", "name": "T1036", "external_references": [{"source_name": "mitre-attack", "url": "https://attack.mitre.org/techniques/T1036/", "external_id": "T1036"}]}, {"type": "attack-pattern", "spec_version": "2.1", "id": "attack-pattern--496d844a-d505-4a38-999b-7fe0e1070714", "created": "2022-05-13T14:16:26.28997Z", "modified": "2022-05-13T14:16:26.28997Z", "name": "T1055", "external_references": [{"source_name": "mitre-attack", "url": "https://attack.mitre.org/techniques/T1055/", "external_id": "T1055"}]}, {"type": "attack-pattern", "spec_version": "2.1", "id": "attack-pattern--ada6cce6-9600-4944-aa47-b3d13b8a9c2e", "created": "2022-05-13T14:16:26.290716Z", "modified": "2022-05-13T14:16:26.290716Z", "name": "T1090", "external_references": [{"source_name": "mitre-attack", "url": "https://attack.mitre.org/techniques/T1090/", "external_id": "T1090"}]}, {"type": "attack-pattern", "spec_version": "2.1", "id": "attack-pattern--68cedbd2-a34c-4079-bed1-1e0ae5a1f373", "created": "2022-05-13T14:16:26.290716Z", "modified": "2022-05-13T14:16:26.290716Z", "name": "T1059", "external_references": [{"source_name": "mitre-attack", "url": "https://attack.mitre.org/techniques/T1059/", "external_id": "T1059"}]}, {"type": "attack-pattern", "spec_version": "2.1", "id": "attack-pattern--2048a9bb-5569-4c6b-8117-d079286e4a06", "created": "2022-05-13T14:16:26.291713Z", "modified": "2022-05-13T14:16:26.291713Z", "name": "T1490", "external_references": [{"source_name": "mitre-attack", "url": "https://attack.mitre.org/techniques/T1490/", "external_id": "T1490"}]}, {"type": "attack-pattern", "spec_version": "2.1", "id": "attack-pattern--97cf4a5b-4d38-4717-9361-de6cfc797763", "created": "2022-05-13T14:16:26.292711Z", "modified": "2022-05-13T14:16:26.292711Z", "name": "T1471", "external_references": [{"source_name": "mitre-attack", "url": "https://attack.mitre.org/techniques/T1471/", "external_id": "T1471"}]}, {"type": "indicator", "spec_version": "2.1", "id": "indicator--ea124174-8fc7-4489-a763-37f67c2ca501", "created_by_ref": "identity--ffd3e7b5-b847-41b4-a690-3c699e6eea5d", "created": "2022-05-13T14:16:26.293708Z", "modified": "2022-05-13T14:16:26.293708Z", "name": "Malicious MD5 - 03011da0f7f2e04ddfc9b8d2356dc4cb", "description": "Malicious MD5 involved with Blackbyte Ransomware", "pattern": "[file:hashes.MD5 = '03011da0f7f2e04ddfc9b8d2356dc4cb']", "pattern_type": "stix", "pattern_version": "2.1", "valid_from": "2022-05-13T15:16:26.293708Z", "labels": ["malicious-activity"]}, {"type": "relationship", "spec_version": "2.1", "id": "relationship--bae65afe-732f-461b-a89a-64a761eee92b", "created": "2022-05-13T14:16:26.320669Z", "modified": "2022-05-13T14:16:26.320669Z", "relationship_type": "indicates", "source_ref": "indicator--ea124174-8fc7-4489-a763-37f67c2ca501", "target_ref": "malware--336311f6-a897-4af7-942f-835d0509e66b"}, {"type": "relationship", "spec_version": "2.1", "id": "relationship--7058d7e5-aec7-4f76-b18a-d513f037591a", "created": "2022-05-13T14:16:26.321671Z", "modified": "2022-05-13T14:16:26.321671Z", "relationship_type": "indicates", "source_ref": "indicator--ea124174-8fc7-4489-a763-37f67c2ca501", "target_ref": "attack-pattern--327ac081-52ed-4400-99a6-0cc19b5a1e59"}, {"type": "relationship", "spec_version": "2.1", "id": "relationship--f76a4261-a76d-4ecb-9f59-89940916e79a", "created": "2022-05-13T14:16:26.321671Z", "modified": "2022-05-13T14:16:26.321671Z", "relationship_type": "indicates", "source_ref": "indicator--ea124174-8fc7-4489-a763-37f67c2ca501", "target_ref": "attack-pattern--82fbeede-428b-4304-8304-2f3199bee894"}, {"type": "relationship", "spec_version": "2.1", "id": "relationship--3c198964-dc9c-4208-a624-27a55ffe1974", "created": "2022-05-13T14:16:26.322664Z", "modified": "2022-05-13T14:16:26.322664Z", "relationship_type": "indicates", "source_ref": "indicator--ea124174-8fc7-4489-a763-37f67c2ca501", "target_ref": "attack-pattern--496d844a-d505-4a38-999b-7fe0e1070714"}, {"type": "relationship", "spec_version": "2.1", "id": "relationship--5b68a0ab-3d83-4c34-9613-0d959594bc57", "created": "2022-05-13T14:16:26.323079Z", "modified": "2022-05-13T14:16:26.323079Z", "relationship_type": "indicates", "source_ref": "indicator--ea124174-8fc7-4489-a763-37f67c2ca501", "target_ref": "attack-pattern--ada6cce6-9600-4944-aa47-b3d13b8a9c2e"}, {"type": "relationship", "spec_version": "2.1", "id": "relationship--162e133e-e261-4095-82d7-5dbe640db9f6", "created": "2022-05-13T14:16:26.323079Z", "modified": "2022-05-13T14:16:26.323079Z", "relationship_type": "indicates", "source_ref": "indicator--ea124174-8fc7-4489-a763-37f67c2ca501", "target_ref": "attack-pattern--68cedbd2-a34c-4079-bed1-1e0ae5a1f373"}, {"type": "relationship", "spec_version": "2.1", "id": "relationship--cc4de775-fc2a-41d2-bc76-ed94bb691066", "created": "2022-05-13T14:16:26.323665Z", "modified": "2022-05-13T14:16:26.323665Z", "relationship_type": "indicates", "source_ref": "indicator--ea124174-8fc7-4489-a763-37f67c2ca501", "target_ref": "attack-pattern--2048a9bb-5569-4c6b-8117-d079286e4a06"}, {"type": "relationship", "spec_version": "2.1", "id": "relationship--bc50da3f-39a7-4136-8597-691c0ed8d450", "created": "2022-05-13T14:16:26.323665Z", "modified": "2022-05-13T14:16:26.323665Z", "relationship_type": "indicates", "source_ref": "indicator--ea124174-8fc7-4489-a763-37f67c2ca501", "target_ref": "attack-pattern--97cf4a5b-4d38-4717-9361-de6cfc797763"}, {"type": "indicator", "spec_version": "2.1", "id": "indicator--edfc6772-e955-4b4c-8175-2b155af430fb", "created_by_ref": "identity--ffd3e7b5-b847-41b4-a690-3c699e6eea5d", "created": "2022-05-13T14:16:26.324658Z", "modified": "2022-05-13T14:16:26.324658Z", "name": "Malicious MD5 - 47870de17eb7d1758d705b593ac75cce", "description": "Malicious MD5 involved with Blackbyte Ransomware", "pattern": "[file:hashes.MD5 = '47870de17eb7d1758d705b593ac75cce']", "pattern_type": "stix", "pattern_version": "2.1", "valid_from": "2022-05-13T15:16:26.324658Z", "labels": ["malicious-activity"]}, {"type": "relationship", "spec_version": "2.1", "id": "relationship--8fb33129-882c-43fe-a2cf-494da8d6189e", "created": "2022-05-13T14:16:26.326656Z", "modified": "2022-05-13T14:16:26.326656Z", "relationship_type": "indicates", "source_ref": "indicator--edfc6772-e955-4b4c-8175-2b155af430fb", "target_ref": "malware--336311f6-a897-4af7-942f-835d0509e66b"}, {"type": "relationship", "spec_version": "2.1", "id": "relationship--f9afd8f7-5568-490c-ae2c-d385286bb050", "created": "2022-05-13T14:16:26.327734Z", "modified": "2022-05-13T14:16:26.327734Z", "relationship_type": "indicates", "source_ref": "indicator--edfc6772-e955-4b4c-8175-2b155af430fb", "target_ref": "attack-pattern--327ac081-52ed-4400-99a6-0cc19b5a1e59"}, {"type": "relationship", "spec_version": "2.1", "id": "relationship--a1c72dd0-f967-475a-86e9-3664855fe1c9", "created": "2022-05-13T14:16:26.327734Z", "modified": "2022-05-13T14:16:26.327734Z", "relationship_type": "indicates", "source_ref": "indicator--edfc6772-e955-4b4c-8175-2b155af430fb", "target_ref": "attack-pattern--82fbeede-428b-4304-8304-2f3199bee894"}, {"type": "relationship", "spec_version": "2.1", "id": "relationship--3c578caa-fdff-4ee3-b1eb-37c60281a8d4", "created": "2022-05-13T14:16:26.327734Z", "modified": "2022-05-13T14:16:26.327734Z", "relationship_type": "indicates", "source_ref": "indicator--edfc6772-e955-4b4c-8175-2b155af430fb", "target_ref": "attack-pattern--496d844a-d505-4a38-999b-7fe0e1070714"}, {"type": "relationship", "spec_version": "2.1", "id": "relationship--2eb545b1-4566-4dea-89b5-1ce4bda3b8d5", "created": "2022-05-13T14:16:26.328648Z", "modified": "2022-05-13T14:16:26.328648Z", "relationship_type": "indicates", "source_ref": "indicator--edfc6772-e955-4b4c-8175-2b155af430fb", "target_ref": "attack-pattern--ada6cce6-9600-4944-aa47-b3d13b8a9c2e"}, {"type": "relationship", "spec_version": "2.1", "id": "relationship--17a9aaaf-cd06-45e9-ad3a-75ea72b3879b", "created": "2022-05-13T14:16:26.328648Z", "modified": "2022-05-13T14:16:26.328648Z", "relationship_type": "indicates", "source_ref": "indicator--edfc6772-e955-4b4c-8175-2b155af430fb", "target_ref": "attack-pattern--68cedbd2-a34c-4079-bed1-1e0ae5a1f373"}, {"type": "relationship", "spec_version": "2.1", "id": "relationship--5e02d576-46cc-45e8-8659-79002579ef19", "created": "2022-05-13T14:16:26.328648Z", "modified": "2022-05-13T14:16:26.328648Z", "relationship_type": "indicates", "source_ref": "indicator--edfc6772-e955-4b4c-8175-2b155af430fb", "target_ref": "attack-pattern--2048a9bb-5569-4c6b-8117-d079286e4a06"}, {"type": "relationship", "spec_version": "2.1", "id": "relationship--78a6f891-357f-477e-afc2-0aeec5b520ff", "created": "2022-05-13T14:16:26.329645Z", "modified": "2022-05-13T14:16:26.329645Z", "relationship_type": "indicates", "source_ref": "indicator--edfc6772-e955-4b4c-8175-2b155af430fb", "target_ref": "attack-pattern--97cf4a5b-4d38-4717-9361-de6cfc797763"}, {"type": "indicator", "spec_version": "2.1", "id": "indicator--411b4070-4860-4102-a3bd-5dbfef3b761d", "created_by_ref": "identity--ffd3e7b5-b847-41b4-a690-3c699e6eea5d", "created": "2022-05-13T14:16:26.329645Z", "modified": "2022-05-13T14:16:26.329645Z", "name": "Malicious MD5 - 6dd6e0a972ffb921915cbde2727052ab", "description": "Malicious MD5 involved with Blackbyte Ransomware", "pattern": "[file:hashes.MD5 = '6dd6e0a972ffb921915cbde2727052ab']", "pattern_type": "stix", "pattern_version": "2.1", "valid_from": "2022-05-13T15:16:26.329645Z", "labels": ["malicious-activity"]}, {"type": "relationship", "spec_version": "2.1", "id": "relationship--006335a2-24f6-4a80-80ac-0713d5d12d66", "created": "2022-05-13T14:16:26.331641Z", "modified": "2022-05-13T14:16:26.331641Z", "relationship_type": "indicates", "source_ref": "indicator--411b4070-4860-4102-a3bd-5dbfef3b761d", "target_ref": "malware--336311f6-a897-4af7-942f-835d0509e66b"}, {"type": "relationship", "spec_version": "2.1", "id": "relationship--2aef7263-a76d-4cf3-acf7-28411daa5b17", "created": "2022-05-13T14:16:26.331641Z", "modified": "2022-05-13T14:16:26.331641Z", "relationship_type": "indicates", "source_ref": "indicator--411b4070-4860-4102-a3bd-5dbfef3b761d", "target_ref": "attack-pattern--327ac081-52ed-4400-99a6-0cc19b5a1e59"}, {"type": "relationship", "spec_version": "2.1", "id": "relationship--88fd0864-633f-4e27-bd5f-51b00d1a212a", "created": "2022-05-13T14:16:26.332638Z", "modified": "2022-05-13T14:16:26.332638Z", "relationship_type": "indicates", "source_ref": "indicator--411b4070-4860-4102-a3bd-5dbfef3b761d", "target_ref": "attack-pattern--82fbeede-428b-4304-8304-2f3199bee894"}, {"type": "relationship", "spec_version": "2.1", "id": "relationship--ebb30e45-8f0d-4ccd-ab1f-f56a5716d8a5", "created": "2022-05-13T14:16:26.332638Z", "modified": "2022-05-13T14:16:26.332638Z", "relationship_type": "indicates", "source_ref": "indicator--411b4070-4860-4102-a3bd-5dbfef3b761d", "target_ref": "attack-pattern--496d844a-d505-4a38-999b-7fe0e1070714"}, {"type": "relationship", "spec_version": "2.1", "id": "relationship--c3e2b64a-b2f8-4af6-a04d-80edc87a697b", "created": "2022-05-13T14:16:26.332638Z", "modified": "2022-05-13T14:16:26.332638Z", "relationship_type": "indicates", "source_ref": "indicator--411b4070-4860-4102-a3bd-5dbfef3b761d", "target_ref": "attack-pattern--ada6cce6-9600-4944-aa47-b3d13b8a9c2e"}, {"type": "relationship", "spec_version": "2.1", "id": "relationship--5ae48b24-2660-42c0-9ed5-b4b6af42f11d", "created": "2022-05-13T14:16:26.333635Z", "modified": "2022-05-13T14:16:26.333635Z", "relationship_type": "indicates", "source_ref": "indicator--411b4070-4860-4102-a3bd-5dbfef3b761d", "target_ref": "attack-pattern--68cedbd2-a34c-4079-bed1-1e0ae5a1f373"}, {"type": "relationship", "spec_version": "2.1", "id": "relationship--5b4f75a1-e9dc-4ff0-86cc-3b2f467d8da3", "created": "2022-05-13T14:16:26.333635Z", "modified": "2022-05-13T14:16:26.333635Z", "relationship_type": "indicates", "source_ref": "indicator--411b4070-4860-4102-a3bd-5dbfef3b761d", "target_ref": "attack-pattern--2048a9bb-5569-4c6b-8117-d079286e4a06"}, {"type": "relationship", "spec_version": "2.1", "id": "relationship--8c5682a6-f4d8-4a51-9e99-61db88ca865d", "created": "2022-05-13T14:16:26.333635Z", "modified": "2022-05-13T14:16:26.333635Z", "relationship_type": "indicates", "source_ref": "indicator--411b4070-4860-4102-a3bd-5dbfef3b761d", "target_ref": "attack-pattern--97cf4a5b-4d38-4717-9361-de6cfc797763"}, {"type": "indicator", "spec_version": "2.1", "id": "indicator--b801d567-2399-4e16-9a3b-0a252a7263e5", "created_by_ref": "identity--ffd3e7b5-b847-41b4-a690-3c699e6eea5d", "created": "2022-05-13T14:16:26.334633Z", "modified": "2022-05-13T14:16:26.334633Z", "name": "Malicious MD5 - 9344afc63753cd5e2ee0ff9aed43dc56", "description": "Malicious MD5 involved with Blackbyte Ransomware", "pattern": "[file:hashes.MD5 = '9344afc63753cd5e2ee0ff9aed43dc56']", "pattern_type": "stix", "pattern_version": "2.1", "valid_from": "2022-05-13T15:16:26.334633Z", "labels": ["malicious-activity"]}, {"type": "relationship", "spec_version": "2.1", "id": "relationship--1851c4b8-cefa-4474-bbc1-7edff4ae9af1", "created": "2022-05-13T14:16:26.336627Z", "modified": "2022-05-13T14:16:26.336627Z", "relationship_type": "indicates", "source_ref": "indicator--b801d567-2399-4e16-9a3b-0a252a7263e5", "target_ref": "malware--336311f6-a897-4af7-942f-835d0509e66b"}, {"type": "relationship", "spec_version": "2.1", "id": "relationship--380b7a5c-1e74-4ad6-8900-b9c5963ca032", "created": "2022-05-13T14:16:26.337624Z", "modified": "2022-05-13T14:16:26.337624Z", "relationship_type": "indicates", "source_ref": "indicator--b801d567-2399-4e16-9a3b-0a252a7263e5", "target_ref": "attack-pattern--327ac081-52ed-4400-99a6-0cc19b5a1e59"}, {"type": "relationship", "spec_version": "2.1", "id": "relationship--ebe8caef-199d-4f64-a4b8-5411b2753999", "created": "2022-05-13T14:16:26.337624Z", "modified": "2022-05-13T14:16:26.337624Z", "relationship_type": "indicates", "source_ref": "indicator--b801d567-2399-4e16-9a3b-0a252a7263e5", "target_ref": "attack-pattern--82fbeede-428b-4304-8304-2f3199bee894"}, {"type": "relationship", "spec_version": "2.1", "id": "relationship--b26ab8f7-73cd-4046-8c53-23a1bb482557", "created": "2022-05-13T14:16:26.337624Z", "modified": "2022-05-13T14:16:26.337624Z", "relationship_type": "indicates", "source_ref": "indicator--b801d567-2399-4e16-9a3b-0a252a7263e5", "target_ref": "attack-pattern--496d844a-d505-4a38-999b-7fe0e1070714"}, {"type": "relationship", "spec_version": "2.1", "id": "relationship--572e2f39-863f-4761-bbdc-507538cd5a77", "created": "2022-05-13T14:16:26.338873Z", "modified": "2022-05-13T14:16:26.338873Z", "relationship_type": "indicates", "source_ref": "indicator--b801d567-2399-4e16-9a3b-0a252a7263e5", "target_ref": "attack-pattern--ada6cce6-9600-4944-aa47-b3d13b8a9c2e"}, {"type": "relationship", "spec_version": "2.1", "id": "relationship--39a3794d-f600-436a-af7f-93211933935d", "created": "2022-05-13T14:16:26.338873Z", "modified": "2022-05-13T14:16:26.338873Z", "relationship_type": "indicates", "source_ref": "indicator--b801d567-2399-4e16-9a3b-0a252a7263e5", "target_ref": "attack-pattern--68cedbd2-a34c-4079-bed1-1e0ae5a1f373"}, {"type": "relationship", "spec_version": "2.1", "id": "relationship--edae09ff-4a38-472c-9453-2d25b4222ea8", "created": "2022-05-13T14:16:26.339991Z", "modified": "2022-05-13T14:16:26.339991Z", "relationship_type": "indicates", "source_ref": "indicator--b801d567-2399-4e16-9a3b-0a252a7263e5", "target_ref": "attack-pattern--2048a9bb-5569-4c6b-8117-d079286e4a06"}, {"type": "relationship", "spec_version": "2.1", "id": "relationship--14dcdd4d-9905-4349-8e1d-a1c5d7d31893", "created": "2022-05-13T14:16:26.340902Z", "modified": "2022-05-13T14:16:26.340902Z", "relationship_type": "indicates", "source_ref": "indicator--b801d567-2399-4e16-9a3b-0a252a7263e5", "target_ref": "attack-pattern--97cf4a5b-4d38-4717-9361-de6cfc797763"}, {"type": "indicator", "spec_version": "2.1", "id": "indicator--82d523ce-4135-4015-bb65-8aa1b487a545", "created_by_ref": "identity--ffd3e7b5-b847-41b4-a690-3c699e6eea5d", "created": "2022-05-13T14:16:26.340902Z", "modified": "2022-05-13T14:16:26.340902Z", "name": "Malicious SHA1 - 0d37ce479d988c2e12f6760c44f0de2d42d44502", "description": "Malicious SHA1 involved with Blackbyte Ransomware", "pattern": "[file:hashes.'SHA-1' = '0d37ce479d988c2e12f6760c44f0de2d42d44502']", "pattern_type": "stix", "pattern_version": "2.1", "valid_from": "2022-05-13T15:16:26.340902Z", "labels": ["malicious-activity"]}, {"type": "relationship", "spec_version": "2.1", "id": "relationship--0b8f8175-1d7f-4267-b242-198cda994829", "created": "2022-05-13T14:16:26.346856Z", "modified": "2022-05-13T14:16:26.346856Z", "relationship_type": "indicates", "source_ref": "indicator--82d523ce-4135-4015-bb65-8aa1b487a545", "target_ref": "malware--336311f6-a897-4af7-942f-835d0509e66b"}, {"type": "relationship", "spec_version": "2.1", "id": "relationship--b6187ddf-835b-4d83-a64f-e8e8c0b8925a", "created": "2022-05-13T14:16:26.347853Z", "modified": "2022-05-13T14:16:26.347853Z", "relationship_type": "indicates", "source_ref": "indicator--82d523ce-4135-4015-bb65-8aa1b487a545", "target_ref": "attack-pattern--327ac081-52ed-4400-99a6-0cc19b5a1e59"}, {"type": "relationship", "spec_version": "2.1", "id": "relationship--450cbb27-64f9-4694-81ae-3068881d87f8", "created": "2022-05-13T14:16:26.348882Z", "modified": "2022-05-13T14:16:26.348882Z", "relationship_type": "indicates", "source_ref": "indicator--82d523ce-4135-4015-bb65-8aa1b487a545", "target_ref": "attack-pattern--82fbeede-428b-4304-8304-2f3199bee894"}, {"type": "relationship", "spec_version": "2.1", "id": "relationship--1f390c86-4d9b-492a-bafc-380cc0b6f7f5", "created": "2022-05-13T14:16:26.348882Z", "modified": "2022-05-13T14:16:26.348882Z", "relationship_type": "indicates", "source_ref": "indicator--82d523ce-4135-4015-bb65-8aa1b487a545", "target_ref": "attack-pattern--496d844a-d505-4a38-999b-7fe0e1070714"}, {"type": "relationship", "spec_version": "2.1", "id": "relationship--f2ab9362-b18d-4b20-9f2d-92256e674883", "created": "2022-05-13T14:16:26.349849Z", "modified": "2022-05-13T14:16:26.349849Z", "relationship_type": "indicates", "source_ref": "indicator--82d523ce-4135-4015-bb65-8aa1b487a545", "target_ref": "attack-pattern--ada6cce6-9600-4944-aa47-b3d13b8a9c2e"}, {"type": "relationship", "spec_version": "2.1", "id": "relationship--3c3147fc-927d-4306-80c4-8e2f11e40e7f", "created": "2022-05-13T14:16:26.349849Z", "modified": "2022-05-13T14:16:26.349849Z", "relationship_type": "indicates", "source_ref": "indicator--82d523ce-4135-4015-bb65-8aa1b487a545", "target_ref": "attack-pattern--68cedbd2-a34c-4079-bed1-1e0ae5a1f373"}, {"type": "relationship", "spec_version": "2.1", "id": "relationship--63cc2f41-9ace-4abe-a8e6-8f9819b56a04", "created": "2022-05-13T14:16:26.350875Z", "modified": "2022-05-13T14:16:26.350875Z", "relationship_type": "indicates", "source_ref": "indicator--82d523ce-4135-4015-bb65-8aa1b487a545", "target_ref": "attack-pattern--2048a9bb-5569-4c6b-8117-d079286e4a06"}, {"type": "relationship", "spec_version": "2.1", "id": "relationship--4d6f5b7b-c6fa-4457-a3bb-76f99b975c93", "created": "2022-05-13T14:16:26.350875Z", "modified": "2022-05-13T14:16:26.350875Z", "relationship_type": "indicates", "source_ref": "indicator--82d523ce-4135-4015-bb65-8aa1b487a545", "target_ref": "attack-pattern--97cf4a5b-4d38-4717-9361-de6cfc797763"}, {"type": "indicator", "spec_version": "2.1", "id": "indicator--2b68b44c-6e0a-49e9-ad0b-1501ab0d5a7a", "created_by_ref": "identity--ffd3e7b5-b847-41b4-a690-3c699e6eea5d", "created": "2022-05-13T14:16:26.351847Z", "modified": "2022-05-13T14:16:26.351847Z", "name": "Malicious SHA1 - 0f7e3c94b2d3df1722950ff472a06b3f96f65399", "description": "Malicious SHA1 involved with Blackbyte Ransomware", "pattern": "[file:hashes.'SHA-1' = '0f7e3c94b2d3df1722950ff472a06b3f96f65399']", "pattern_type": "stix", "pattern_version": "2.1", "valid_from": "2022-05-13T15:16:26.351847Z", "labels": ["malicious-activity"]}, {"type": "relationship", "spec_version": "2.1", "id": "relationship--5d3c6502-9cc4-448e-ba33-ad253d441a0f", "created": "2022-05-13T14:16:26.354835Z", "modified": "2022-05-13T14:16:26.354835Z", "relationship_type": "indicates", "source_ref": "indicator--2b68b44c-6e0a-49e9-ad0b-1501ab0d5a7a", "target_ref": "malware--336311f6-a897-4af7-942f-835d0509e66b"}, {"type": "relationship", "spec_version": "2.1", "id": "relationship--a7868f99-1af5-4f09-b0fc-a931c86b7ad1", "created": "2022-05-13T14:16:26.355833Z", "modified": "2022-05-13T14:16:26.355833Z", "relationship_type": "indicates", "source_ref": "indicator--2b68b44c-6e0a-49e9-ad0b-1501ab0d5a7a", "target_ref": "attack-pattern--327ac081-52ed-4400-99a6-0cc19b5a1e59"}, {"type": "relationship", "spec_version": "2.1", "id": "relationship--ae3d1353-2f5c-4781-8817-b87a326dde0d", "created": "2022-05-13T14:16:26.355833Z", "modified": "2022-05-13T14:16:26.355833Z", "relationship_type": "indicates", "source_ref": "indicator--2b68b44c-6e0a-49e9-ad0b-1501ab0d5a7a", "target_ref": "attack-pattern--82fbeede-428b-4304-8304-2f3199bee894"}, {"type": "relationship", "spec_version": "2.1", "id": "relationship--34b4a569-748c-4b4d-a3a6-2f53e30513d7", "created": "2022-05-13T14:16:26.35683Z", "modified": "2022-05-13T14:16:26.35683Z", "relationship_type": "indicates", "source_ref": "indicator--2b68b44c-6e0a-49e9-ad0b-1501ab0d5a7a", "target_ref": "attack-pattern--496d844a-d505-4a38-999b-7fe0e1070714"}, {"type": "relationship", "spec_version": "2.1", "id": "relationship--6aef4b6c-6308-48c1-ace9-1d215772a5f4", "created": "2022-05-13T14:16:26.35683Z", "modified": "2022-05-13T14:16:26.35683Z", "relationship_type": "indicates", "source_ref": "indicator--2b68b44c-6e0a-49e9-ad0b-1501ab0d5a7a", "target_ref": "attack-pattern--ada6cce6-9600-4944-aa47-b3d13b8a9c2e"}, {"type": "relationship", "spec_version": "2.1", "id": "relationship--3f45a91a-06c7-4967-bf2c-a01dee9b4baa", "created": "2022-05-13T14:16:26.357827Z", "modified": "2022-05-13T14:16:26.357827Z", "relationship_type": "indicates", "source_ref": "indicator--2b68b44c-6e0a-49e9-ad0b-1501ab0d5a7a", "target_ref": "attack-pattern--68cedbd2-a34c-4079-bed1-1e0ae5a1f373"}, {"type": "relationship", "spec_version": "2.1", "id": "relationship--565dd0a7-876c-44a1-81f0-8742cd8009b0", "created": "2022-05-13T14:16:26.357827Z", "modified": "2022-05-13T14:16:26.357827Z", "relationship_type": "indicates", "source_ref": "indicator--2b68b44c-6e0a-49e9-ad0b-1501ab0d5a7a", "target_ref": "attack-pattern--2048a9bb-5569-4c6b-8117-d079286e4a06"}, {"type": "relationship", "spec_version": "2.1", "id": "relationship--84a96c82-15fc-4feb-ad84-dd78a881484b", "created": "2022-05-13T14:16:26.357827Z", "modified": "2022-05-13T14:16:26.357827Z", "relationship_type": "indicates", "source_ref": "indicator--2b68b44c-6e0a-49e9-ad0b-1501ab0d5a7a", "target_ref": "attack-pattern--97cf4a5b-4d38-4717-9361-de6cfc797763"}, {"type": "indicator", "spec_version": "2.1", "id": "indicator--8d3e2016-8080-45fd-8574-341aea62ac13", "created_by_ref": "identity--ffd3e7b5-b847-41b4-a690-3c699e6eea5d", "created": "2022-05-13T14:16:26.358825Z", "modified": "2022-05-13T14:16:26.358825Z", "name": "Malicious SHA1 - de9d361c8e00cf8fa1c1f96844a74cdc121809da", "description": "Malicious SHA1 involved with Blackbyte Ransomware", "pattern": "[file:hashes.'SHA-1' = 'de9d361c8e00cf8fa1c1f96844a74cdc121809da']", "pattern_type": "stix", "pattern_version": "2.1", "valid_from": "2022-05-13T15:16:26.358825Z", "labels": ["malicious-activity"]}, {"type": "relationship", "spec_version": "2.1", "id": "relationship--7f8a072c-819e-4dc0-be4f-5cd706309ab6", "created": "2022-05-13T14:16:26.36182Z", "modified": "2022-05-13T14:16:26.36182Z", "relationship_type": "indicates", "source_ref": "indicator--8d3e2016-8080-45fd-8574-341aea62ac13", "target_ref": "malware--336311f6-a897-4af7-942f-835d0509e66b"}, {"type": "relationship", "spec_version": "2.1", "id": "relationship--9876e04c-e385-4910-97a3-5704f1db67c0", "created": "2022-05-13T14:16:26.362844Z", "modified": "2022-05-13T14:16:26.362844Z", "relationship_type": "indicates", "source_ref": "indicator--8d3e2016-8080-45fd-8574-341aea62ac13", "target_ref": "attack-pattern--327ac081-52ed-4400-99a6-0cc19b5a1e59"}, {"type": "relationship", "spec_version": "2.1", "id": "relationship--d4398a5f-67f1-43df-8ff4-8497d7241f20", "created": "2022-05-13T14:16:26.362844Z", "modified": "2022-05-13T14:16:26.362844Z", "relationship_type": "indicates", "source_ref": "indicator--8d3e2016-8080-45fd-8574-341aea62ac13", "target_ref": "attack-pattern--82fbeede-428b-4304-8304-2f3199bee894"}, {"type": "relationship", "spec_version": "2.1", "id": "relationship--94ab9bea-0a8a-4b18-949e-fd7373c158b5", "created": "2022-05-13T14:16:26.363842Z", "modified": "2022-05-13T14:16:26.363842Z", "relationship_type": "indicates", "source_ref": "indicator--8d3e2016-8080-45fd-8574-341aea62ac13", "target_ref": "attack-pattern--496d844a-d505-4a38-999b-7fe0e1070714"}, {"type": "relationship", "spec_version": "2.1", "id": "relationship--e867785f-8c90-40ad-9409-fa18c629019a", "created": "2022-05-13T14:16:26.363842Z", "modified": "2022-05-13T14:16:26.363842Z", "relationship_type": "indicates", "source_ref": "indicator--8d3e2016-8080-45fd-8574-341aea62ac13", "target_ref": "attack-pattern--ada6cce6-9600-4944-aa47-b3d13b8a9c2e"}, {"type": "relationship", "spec_version": "2.1", "id": "relationship--8c11924d-11cf-459a-be64-079747f81273", "created": "2022-05-13T14:16:26.364845Z", "modified": "2022-05-13T14:16:26.364845Z", "relationship_type": "indicates", "source_ref": "indicator--8d3e2016-8080-45fd-8574-341aea62ac13", "target_ref": "attack-pattern--68cedbd2-a34c-4079-bed1-1e0ae5a1f373"}, {"type": "relationship", "spec_version": "2.1", "id": "relationship--ae6a1da6-bcd0-4020-b405-97efea0a6d54", "created": "2022-05-13T14:16:26.364845Z", "modified": "2022-05-13T14:16:26.364845Z", "relationship_type": "indicates", "source_ref": "indicator--8d3e2016-8080-45fd-8574-341aea62ac13", "target_ref": "attack-pattern--2048a9bb-5569-4c6b-8117-d079286e4a06"}, {"type": "relationship", "spec_version": "2.1", "id": "relationship--cd1912bc-e594-4580-ad8a-6f13f9f7e7a8", "created": "2022-05-13T14:16:26.365839Z", "modified": "2022-05-13T14:16:26.365839Z", "relationship_type": "indicates", "source_ref": "indicator--8d3e2016-8080-45fd-8574-341aea62ac13", "target_ref": "attack-pattern--97cf4a5b-4d38-4717-9361-de6cfc797763"}, {"type": "indicator", "spec_version": "2.1", "id": "indicator--b7533df7-b807-481e-9b1a-16edb20e0c60", "created_by_ref": "identity--ffd3e7b5-b847-41b4-a690-3c699e6eea5d", "created": "2022-05-13T14:16:26.365839Z", "modified": "2022-05-13T14:16:26.365839Z", "name": "Malicious SHA1 - ee1fa399ace734c33b77c62b6fb010219580448f", "description": "Malicious SHA1 involved with Blackbyte Ransomware", "pattern": "[file:hashes.'SHA-1' = 'ee1fa399ace734c33b77c62b6fb010219580448f']", "pattern_type": "stix", "pattern_version": "2.1", "valid_from": "2022-05-13T15:16:26.365839Z", "labels": ["malicious-activity"]}, {"type": "relationship", "spec_version": "2.1", "id": "relationship--8843e095-f875-4212-96ee-5e5794147014", "created": "2022-05-13T14:16:26.36961Z", "modified": "2022-05-13T14:16:26.36961Z", "relationship_type": "indicates", "source_ref": "indicator--b7533df7-b807-481e-9b1a-16edb20e0c60", "target_ref": "malware--336311f6-a897-4af7-942f-835d0509e66b"}, {"type": "relationship", "spec_version": "2.1", "id": "relationship--c30a131b-5768-4176-a7bf-ddef0a85e23e", "created": "2022-05-13T14:16:26.370431Z", "modified": "2022-05-13T14:16:26.370431Z", "relationship_type": "indicates", "source_ref": "indicator--b7533df7-b807-481e-9b1a-16edb20e0c60", "target_ref": "attack-pattern--327ac081-52ed-4400-99a6-0cc19b5a1e59"}, {"type": "relationship", "spec_version": "2.1", "id": "relationship--d4b436a6-6a60-4086-86a2-e83455e68191", "created": "2022-05-13T14:16:26.371444Z", "modified": "2022-05-13T14:16:26.371444Z", "relationship_type": "indicates", "source_ref": "indicator--b7533df7-b807-481e-9b1a-16edb20e0c60", "target_ref": "attack-pattern--82fbeede-428b-4304-8304-2f3199bee894"}, {"type": "relationship", "spec_version": "2.1", "id": "relationship--bb5c9f2f-c2d9-4936-878f-e1d03d2606d6", "created": "2022-05-13T14:16:26.371444Z", "modified": "2022-05-13T14:16:26.371444Z", "relationship_type": "indicates", "source_ref": "indicator--b7533df7-b807-481e-9b1a-16edb20e0c60", "target_ref": "attack-pattern--496d844a-d505-4a38-999b-7fe0e1070714"}, {"type": "relationship", "spec_version": "2.1", "id": "relationship--3a5549cd-d1d0-4ad0-a818-9fd84f7e9a2d", "created": "2022-05-13T14:16:26.372418Z", "modified": "2022-05-13T14:16:26.372418Z", "relationship_type": "indicates", "source_ref": "indicator--b7533df7-b807-481e-9b1a-16edb20e0c60", "target_ref": "attack-pattern--ada6cce6-9600-4944-aa47-b3d13b8a9c2e"}, {"type": "relationship", "spec_version": "2.1", "id": "relationship--efe02b17-e291-4d65-8c81-c34b1bcfb808", "created": "2022-05-13T14:16:26.372418Z", "modified": "2022-05-13T14:16:26.372418Z", "relationship_type": "indicates", "source_ref": "indicator--b7533df7-b807-481e-9b1a-16edb20e0c60", "target_ref": "attack-pattern--68cedbd2-a34c-4079-bed1-1e0ae5a1f373"}, {"type": "relationship", "spec_version": "2.1", "id": "relationship--aaeead4c-7ef3-422c-b92f-b34e544b7a0e", "created": "2022-05-13T14:16:26.373415Z", "modified": "2022-05-13T14:16:26.373415Z", "relationship_type": "indicates", "source_ref": "indicator--b7533df7-b807-481e-9b1a-16edb20e0c60", "target_ref": "attack-pattern--2048a9bb-5569-4c6b-8117-d079286e4a06"}, {"type": "relationship", "spec_version": "2.1", "id": "relationship--dafe2e20-a0e9-480c-9f2f-cfb5951d03b7", "created": "2022-05-13T14:16:26.37408Z", "modified": "2022-05-13T14:16:26.37408Z", "relationship_type": "indicates", "source_ref": "indicator--b7533df7-b807-481e-9b1a-16edb20e0c60", "target_ref": "attack-pattern--97cf4a5b-4d38-4717-9361-de6cfc797763"}, {"type": "indicator", "spec_version": "2.1", "id": "indicator--0203244a-c6af-45c8-9620-2871b6d3c3ba", "created_by_ref": "identity--ffd3e7b5-b847-41b4-a690-3c699e6eea5d", "created": "2022-05-13T14:16:26.37408Z", "modified": "2022-05-13T14:16:26.37408Z", "name": "Malicious SHA256 - 1df11bc19aa52b623bdf15380e3fded56d8eb6fb7b53a2240779864b1a6474ad", "description": "Malicious SHA256 involved with Blackbyte Ransomware", "pattern": "[file:hashes.'SHA-256' = '1df11bc19aa52b623bdf15380e3fded56d8eb6fb7b53a2240779864b1a6474ad']", "pattern_type": "stix", "pattern_version": "2.1", "valid_from": "2022-05-13T15:16:26.37408Z", "labels": ["malicious-activity"]}, {"type": "relationship", "spec_version": "2.1", "id": "relationship--9a1cac1a-f3d0-47ea-b209-8d321155f163", "created": "2022-05-13T14:16:26.378387Z", "modified": "2022-05-13T14:16:26.378387Z", "relationship_type": "indicates", "source_ref": "indicator--0203244a-c6af-45c8-9620-2871b6d3c3ba", "target_ref": "malware--336311f6-a897-4af7-942f-835d0509e66b"}, {"type": "relationship", "spec_version": "2.1", "id": "relationship--47ada14e-0045-40b0-a214-9bcc251aa47a", "created": "2022-05-13T14:16:26.379371Z", "modified": "2022-05-13T14:16:26.379371Z", "relationship_type": "indicates", "source_ref": "indicator--0203244a-c6af-45c8-9620-2871b6d3c3ba", "target_ref": "attack-pattern--327ac081-52ed-4400-99a6-0cc19b5a1e59"}, {"type": "relationship", "spec_version": "2.1", "id": "relationship--9c8e555b-e2c9-4901-834e-a4e427fb244e", "created": "2022-05-13T14:16:26.379371Z", "modified": "2022-05-13T14:16:26.379371Z", "relationship_type": "indicates", "source_ref": "indicator--0203244a-c6af-45c8-9620-2871b6d3c3ba", "target_ref": "attack-pattern--82fbeede-428b-4304-8304-2f3199bee894"}, {"type": "relationship", "spec_version": "2.1", "id": "relationship--140944e6-6f28-4fe6-81bb-fc64817ed75b", "created": "2022-05-13T14:16:26.380369Z", "modified": "2022-05-13T14:16:26.380369Z", "relationship_type": "indicates", "source_ref": "indicator--0203244a-c6af-45c8-9620-2871b6d3c3ba", "target_ref": "attack-pattern--496d844a-d505-4a38-999b-7fe0e1070714"}, {"type": "relationship", "spec_version": "2.1", "id": "relationship--f04fc0ff-7acc-44d9-b72c-684b440c0ac2", "created": "2022-05-13T14:16:26.380369Z", "modified": "2022-05-13T14:16:26.380369Z", "relationship_type": "indicates", "source_ref": "indicator--0203244a-c6af-45c8-9620-2871b6d3c3ba", "target_ref": "attack-pattern--ada6cce6-9600-4944-aa47-b3d13b8a9c2e"}, {"type": "relationship", "spec_version": "2.1", "id": "relationship--fb15c544-a331-48bc-9f47-4d449bac8ed4", "created": "2022-05-13T14:16:26.381366Z", "modified": "2022-05-13T14:16:26.381366Z", "relationship_type": "indicates", "source_ref": "indicator--0203244a-c6af-45c8-9620-2871b6d3c3ba", "target_ref": "attack-pattern--68cedbd2-a34c-4079-bed1-1e0ae5a1f373"}, {"type": "relationship", "spec_version": "2.1", "id": "relationship--2a86edf7-df25-4322-aa90-16b6628f8620", "created": "2022-05-13T14:16:26.381366Z", "modified": "2022-05-13T14:16:26.381366Z", "relationship_type": "indicates", "source_ref": "indicator--0203244a-c6af-45c8-9620-2871b6d3c3ba", "target_ref": "attack-pattern--2048a9bb-5569-4c6b-8117-d079286e4a06"}, {"type": "relationship", "spec_version": "2.1", "id": "relationship--f293be69-3239-47cd-a9b8-23ba0cef8833", "created": "2022-05-13T14:16:26.382362Z", "modified": "2022-05-13T14:16:26.382362Z", "relationship_type": "indicates", "source_ref": "indicator--0203244a-c6af-45c8-9620-2871b6d3c3ba", "target_ref": "attack-pattern--97cf4a5b-4d38-4717-9361-de6cfc797763"}, {"type": "indicator", "spec_version": "2.1", "id": "indicator--0342f1ee-ee82-4b22-91ad-8c63afb3ed73", "created_by_ref": "identity--ffd3e7b5-b847-41b4-a690-3c699e6eea5d", "created": "2022-05-13T14:16:26.382362Z", "modified": "2022-05-13T14:16:26.382362Z", "name": "Malicious SHA256 - 388163c9ec1458c779849db891e17efb16a941ca598c4c3ac3a50a77086beb69", "description": "Malicious SHA256 involved with Blackbyte Ransomware", "pattern": "[file:hashes.'SHA-256' = '388163c9ec1458c779849db891e17efb16a941ca598c4c3ac3a50a77086beb69']", "pattern_type": "stix", "pattern_version": "2.1", "valid_from": "2022-05-13T15:16:26.382362Z", "labels": ["malicious-activity"]}, {"type": "relationship", "spec_version": "2.1", "id": "relationship--f112d219-f1b4-4aef-ad75-918a8e3ea8bf", "created": "2022-05-13T14:16:26.386367Z", "modified": "2022-05-13T14:16:26.386367Z", "relationship_type": "indicates", "source_ref": "indicator--0342f1ee-ee82-4b22-91ad-8c63afb3ed73", "target_ref": "malware--336311f6-a897-4af7-942f-835d0509e66b"}, {"type": "relationship", "spec_version": "2.1", "id": "relationship--cb687df4-5a23-4fb5-8bf7-dcb3331d044a", "created": "2022-05-13T14:16:26.38735Z", "modified": "2022-05-13T14:16:26.38735Z", "relationship_type": "indicates", "source_ref": "indicator--0342f1ee-ee82-4b22-91ad-8c63afb3ed73", "target_ref": "attack-pattern--327ac081-52ed-4400-99a6-0cc19b5a1e59"}, {"type": "relationship", "spec_version": "2.1", "id": "relationship--4a59c989-de08-4084-945f-a19cf8cf86a1", "created": "2022-05-13T14:16:26.388351Z", "modified": "2022-05-13T14:16:26.388351Z", "relationship_type": "indicates", "source_ref": "indicator--0342f1ee-ee82-4b22-91ad-8c63afb3ed73", "target_ref": "attack-pattern--82fbeede-428b-4304-8304-2f3199bee894"}, {"type": "relationship", "spec_version": "2.1", "id": "relationship--1257175a-f85e-4f17-9680-09d300bfb935", "created": "2022-05-13T14:16:26.388351Z", "modified": "2022-05-13T14:16:26.388351Z", "relationship_type": "indicates", "source_ref": "indicator--0342f1ee-ee82-4b22-91ad-8c63afb3ed73", "target_ref": "attack-pattern--496d844a-d505-4a38-999b-7fe0e1070714"}, {"type": "relationship", "spec_version": "2.1", "id": "relationship--963faa25-efbd-43b3-a099-1c65654c1f63", "created": "2022-05-13T14:16:26.389378Z", "modified": "2022-05-13T14:16:26.389378Z", "relationship_type": "indicates", "source_ref": "indicator--0342f1ee-ee82-4b22-91ad-8c63afb3ed73", "target_ref": "attack-pattern--ada6cce6-9600-4944-aa47-b3d13b8a9c2e"}, {"type": "relationship", "spec_version": "2.1", "id": "relationship--3fda9660-660a-41d6-9539-a84996170e26", "created": "2022-05-13T14:16:26.389378Z", "modified": "2022-05-13T14:16:26.389378Z", "relationship_type": "indicates", "source_ref": "indicator--0342f1ee-ee82-4b22-91ad-8c63afb3ed73", "target_ref": "attack-pattern--68cedbd2-a34c-4079-bed1-1e0ae5a1f373"}, {"type": "relationship", "spec_version": "2.1", "id": "relationship--454b4500-19bf-47ed-830a-15aa361ed31b", "created": "2022-05-13T14:16:26.390373Z", "modified": "2022-05-13T14:16:26.390373Z", "relationship_type": "indicates", "source_ref": "indicator--0342f1ee-ee82-4b22-91ad-8c63afb3ed73", "target_ref": "attack-pattern--2048a9bb-5569-4c6b-8117-d079286e4a06"}, {"type": "relationship", "spec_version": "2.1", "id": "relationship--da3253f9-91e3-4057-bbc2-8c7adfc5cc78", "created": "2022-05-13T14:16:26.390373Z", "modified": "2022-05-13T14:16:26.390373Z", "relationship_type": "indicates", "source_ref": "indicator--0342f1ee-ee82-4b22-91ad-8c63afb3ed73", "target_ref": "attack-pattern--97cf4a5b-4d38-4717-9361-de6cfc797763"}, {"type": "indicator", "spec_version": "2.1", "id": "indicator--cfef3f82-8530-49df-83d8-e081e016d464", "created_by_ref": "identity--ffd3e7b5-b847-41b4-a690-3c699e6eea5d", "created": "2022-05-13T14:16:26.39086Z", "modified": "2022-05-13T14:16:26.39086Z", "name": "Malicious SHA256 - 44a5e78fce5455579123af23665262b10165ac710a9f7538b764af76d7771550", "description": "Malicious SHA256 involved with Blackbyte Ransomware", "pattern": "[file:hashes.'SHA-256' = '44a5e78fce5455579123af23665262b10165ac710a9f7538b764af76d7771550']", "pattern_type": "stix", "pattern_version": "2.1", "valid_from": "2022-05-13T15:16:26.39086Z", "labels": ["malicious-activity"]}, {"type": "relationship", "spec_version": "2.1", "id": "relationship--fea7b65a-2d79-46cb-864e-a9fb702f0f05", "created": "2022-05-13T14:16:26.393337Z", "modified": "2022-05-13T14:16:26.393337Z", "relationship_type": "indicates", "source_ref": "indicator--cfef3f82-8530-49df-83d8-e081e016d464", "target_ref": "malware--336311f6-a897-4af7-942f-835d0509e66b"}, {"type": "relationship", "spec_version": "2.1", "id": "relationship--75c92342-e723-4ad0-997d-be766c681189", "created": "2022-05-13T14:16:26.393337Z", "modified": "2022-05-13T14:16:26.393337Z", "relationship_type": "indicates", "source_ref": "indicator--cfef3f82-8530-49df-83d8-e081e016d464", "target_ref": "attack-pattern--327ac081-52ed-4400-99a6-0cc19b5a1e59"}, {"type": "relationship", "spec_version": "2.1", "id": "relationship--b74b05a9-8d3a-495e-af70-eb373c71fb5a", "created": "2022-05-13T14:16:26.393337Z", "modified": "2022-05-13T14:16:26.393337Z", "relationship_type": "indicates", "source_ref": "indicator--cfef3f82-8530-49df-83d8-e081e016d464", "target_ref": "attack-pattern--82fbeede-428b-4304-8304-2f3199bee894"}, {"type": "relationship", "spec_version": "2.1", "id": "relationship--d74f05fe-1ade-48c9-8c0c-368e7e037716", "created": "2022-05-13T14:16:26.394335Z", "modified": "2022-05-13T14:16:26.394335Z", "relationship_type": "indicates", "source_ref": "indicator--cfef3f82-8530-49df-83d8-e081e016d464", "target_ref": "attack-pattern--496d844a-d505-4a38-999b-7fe0e1070714"}, {"type": "relationship", "spec_version": "2.1", "id": "relationship--449b7bc3-cee9-4b27-863e-de55afa7ea54", "created": "2022-05-13T14:16:26.39472Z", "modified": "2022-05-13T14:16:26.39472Z", "relationship_type": "indicates", "source_ref": "indicator--cfef3f82-8530-49df-83d8-e081e016d464", "target_ref": "attack-pattern--ada6cce6-9600-4944-aa47-b3d13b8a9c2e"}, {"type": "relationship", "spec_version": "2.1", "id": "relationship--aa08c829-e75d-46eb-afa0-fcf441f2f279", "created": "2022-05-13T14:16:26.39472Z", "modified": "2022-05-13T14:16:26.39472Z", "relationship_type": "indicates", "source_ref": "indicator--cfef3f82-8530-49df-83d8-e081e016d464", "target_ref": "attack-pattern--68cedbd2-a34c-4079-bed1-1e0ae5a1f373"}, {"type": "relationship", "spec_version": "2.1", "id": "relationship--9b54816d-34e7-4154-8dc6-b34db7e73bb1", "created": "2022-05-13T14:16:26.395328Z", "modified": "2022-05-13T14:16:26.395328Z", "relationship_type": "indicates", "source_ref": "indicator--cfef3f82-8530-49df-83d8-e081e016d464", "target_ref": "attack-pattern--2048a9bb-5569-4c6b-8117-d079286e4a06"}, {"type": "relationship", "spec_version": "2.1", "id": "relationship--2add26bb-e7bc-466d-bffb-4a95e8f96df4", "created": "2022-05-13T14:16:26.395328Z", "modified": "2022-05-13T14:16:26.395328Z", "relationship_type": "indicates", "source_ref": "indicator--cfef3f82-8530-49df-83d8-e081e016d464", "target_ref": "attack-pattern--97cf4a5b-4d38-4717-9361-de6cfc797763"}, {"type": "indicator", "spec_version": "2.1", "id": "indicator--dd1bfe62-8649-4de2-937f-50691595e462", "created_by_ref": "identity--ffd3e7b5-b847-41b4-a690-3c699e6eea5d", "created": "2022-05-13T14:16:26.395328Z", "modified": "2022-05-13T14:16:26.395328Z", "name": "Malicious SHA256 - 534f5fbb7669803812781e43c30083e9197d03f97f0d860ae7d9a59c0484ace4", "description": "Malicious SHA256 involved with Blackbyte Ransomware", "pattern": "[file:hashes.'SHA-256' = '534f5fbb7669803812781e43c30083e9197d03f97f0d860ae7d9a59c0484ace4']", "pattern_type": "stix", "pattern_version": "2.1", "valid_from": "2022-05-13T15:16:26.395328Z", "labels": ["malicious-activity"]}, {"type": "relationship", "spec_version": "2.1", "id": "relationship--f2a85366-6e93-4163-bac8-ee26f6430dfa", "created": "2022-05-13T14:16:26.398174Z", "modified": "2022-05-13T14:16:26.398174Z", "relationship_type": "indicates", "source_ref": "indicator--dd1bfe62-8649-4de2-937f-50691595e462", "target_ref": "malware--336311f6-a897-4af7-942f-835d0509e66b"}, {"type": "relationship", "spec_version": "2.1", "id": "relationship--f7e3addc-72a1-457d-a5c5-b965ef0f0643", "created": "2022-05-13T14:16:26.398693Z", "modified": "2022-05-13T14:16:26.398693Z", "relationship_type": "indicates", "source_ref": "indicator--dd1bfe62-8649-4de2-937f-50691595e462", "target_ref": "attack-pattern--327ac081-52ed-4400-99a6-0cc19b5a1e59"}, {"type": "relationship", "spec_version": "2.1", "id": "relationship--df4a4958-a011-4db0-bb0b-3f8ec1ddcedc", "created": "2022-05-13T14:16:26.398693Z", "modified": "2022-05-13T14:16:26.398693Z", "relationship_type": "indicates", "source_ref": "indicator--dd1bfe62-8649-4de2-937f-50691595e462", "target_ref": "attack-pattern--82fbeede-428b-4304-8304-2f3199bee894"}, {"type": "relationship", "spec_version": "2.1", "id": "relationship--d6deb963-e98f-43e6-bf16-fea47d1d8966", "created": "2022-05-13T14:16:26.398693Z", "modified": "2022-05-13T14:16:26.398693Z", "relationship_type": "indicates", "source_ref": "indicator--dd1bfe62-8649-4de2-937f-50691595e462", "target_ref": "attack-pattern--496d844a-d505-4a38-999b-7fe0e1070714"}, {"type": "relationship", "spec_version": "2.1", "id": "relationship--006efbe5-e680-4a32-8d35-42c0f85cd073", "created": "2022-05-13T14:16:26.399681Z", "modified": "2022-05-13T14:16:26.399681Z", "relationship_type": "indicates", "source_ref": "indicator--dd1bfe62-8649-4de2-937f-50691595e462", "target_ref": "attack-pattern--ada6cce6-9600-4944-aa47-b3d13b8a9c2e"}, {"type": "relationship", "spec_version": "2.1", "id": "relationship--2809882d-2717-469b-b33b-a33e6f4aadf0", "created": "2022-05-13T14:16:26.399968Z", "modified": "2022-05-13T14:16:26.399968Z", "relationship_type": "indicates", "source_ref": "indicator--dd1bfe62-8649-4de2-937f-50691595e462", "target_ref": "attack-pattern--68cedbd2-a34c-4079-bed1-1e0ae5a1f373"}, {"type": "relationship", "spec_version": "2.1", "id": "relationship--461995cd-277d-4cb8-8a9e-126dd13bd041", "created": "2022-05-13T14:16:26.400129Z", "modified": "2022-05-13T14:16:26.400129Z", "relationship_type": "indicates", "source_ref": "indicator--dd1bfe62-8649-4de2-937f-50691595e462", "target_ref": "attack-pattern--2048a9bb-5569-4c6b-8117-d079286e4a06"}, {"type": "relationship", "spec_version": "2.1", "id": "relationship--3a2342c8-49b5-43b0-87fc-c87401434cc3", "created": "2022-05-13T14:16:26.400129Z", "modified": "2022-05-13T14:16:26.400129Z", "relationship_type": "indicates", "source_ref": "indicator--dd1bfe62-8649-4de2-937f-50691595e462", "target_ref": "attack-pattern--97cf4a5b-4d38-4717-9361-de6cfc797763"}, {"type": "indicator", "spec_version": "2.1", "id": "indicator--2ed088e5-61b8-4be8-a187-359f20d544c8", "created_by_ref": "identity--ffd3e7b5-b847-41b4-a690-3c699e6eea5d", "created": "2022-05-13T14:16:26.400678Z", "modified": "2022-05-13T14:16:26.400678Z", "name": "Malicious SHA256 - 6f36a4a1364cfb063a0463d9e1287248700ccf1e0d8e280e034b02cf3db3c442", "description": "Malicious SHA256 involved with Blackbyte Ransomware", "pattern": "[file:hashes.'SHA-256' = '6f36a4a1364cfb063a0463d9e1287248700ccf1e0d8e280e034b02cf3db3c442']", "pattern_type": "stix", "pattern_version": "2.1", "valid_from": "2022-05-13T15:16:26.400678Z", "labels": ["malicious-activity"]}, {"type": "relationship", "spec_version": "2.1", "id": "relationship--77084a15-bd7f-43b0-86ea-6498399a047d", "created": "2022-05-13T14:16:26.402673Z", "modified": "2022-05-13T14:16:26.402673Z", "relationship_type": "indicates", "source_ref": "indicator--2ed088e5-61b8-4be8-a187-359f20d544c8", "target_ref": "malware--336311f6-a897-4af7-942f-835d0509e66b"}, {"type": "relationship", "spec_version": "2.1", "id": "relationship--43533f14-4816-4bd5-b097-cd390d67aba4", "created": "2022-05-13T14:16:26.402673Z", "modified": "2022-05-13T14:16:26.402673Z", "relationship_type": "indicates", "source_ref": "indicator--2ed088e5-61b8-4be8-a187-359f20d544c8", "target_ref": "attack-pattern--327ac081-52ed-4400-99a6-0cc19b5a1e59"}, {"type": "relationship", "spec_version": "2.1", "id": "relationship--da6509d6-4a9b-4bda-8f18-c2c4f6ce194d", "created": "2022-05-13T14:16:26.403999Z", "modified": "2022-05-13T14:16:26.403999Z", "relationship_type": "indicates", "source_ref": "indicator--2ed088e5-61b8-4be8-a187-359f20d544c8", "target_ref": "attack-pattern--82fbeede-428b-4304-8304-2f3199bee894"}, {"type": "relationship", "spec_version": "2.1", "id": "relationship--60aade05-dfbb-47cb-a5d6-3ba284dd295b", "created": "2022-05-13T14:16:26.404668Z", "modified": "2022-05-13T14:16:26.404668Z", "relationship_type": "indicates", "source_ref": "indicator--2ed088e5-61b8-4be8-a187-359f20d544c8", "target_ref": "attack-pattern--496d844a-d505-4a38-999b-7fe0e1070714"}, {"type": "relationship", "spec_version": "2.1", "id": "relationship--cbd5f853-48c5-4b39-8003-fa05cd86f279", "created": "2022-05-13T14:16:26.404668Z", "modified": "2022-05-13T14:16:26.404668Z", "relationship_type": "indicates", "source_ref": "indicator--2ed088e5-61b8-4be8-a187-359f20d544c8", "target_ref": "attack-pattern--ada6cce6-9600-4944-aa47-b3d13b8a9c2e"}, {"type": "relationship", "spec_version": "2.1", "id": "relationship--a7d9de5d-5320-4b0f-af1b-0da8010bab87", "created": "2022-05-13T14:16:26.405695Z", "modified": "2022-05-13T14:16:26.405695Z", "relationship_type": "indicates", "source_ref": "indicator--2ed088e5-61b8-4be8-a187-359f20d544c8", "target_ref": "attack-pattern--68cedbd2-a34c-4079-bed1-1e0ae5a1f373"}, {"type": "relationship", "spec_version": "2.1", "id": "relationship--599d4ccd-7a5d-4bcb-85f2-8c47208cc9fd", "created": "2022-05-13T14:16:26.405695Z", "modified": "2022-05-13T14:16:26.405695Z", "relationship_type": "indicates", "source_ref": "indicator--2ed088e5-61b8-4be8-a187-359f20d544c8", "target_ref": "attack-pattern--2048a9bb-5569-4c6b-8117-d079286e4a06"}, {"type": "relationship", "spec_version": "2.1", "id": "relationship--cb1ebc0f-b96a-4631-9b51-a631019362de", "created": "2022-05-13T14:16:26.406664Z", "modified": "2022-05-13T14:16:26.406664Z", "relationship_type": "indicates", "source_ref": "indicator--2ed088e5-61b8-4be8-a187-359f20d544c8", "target_ref": "attack-pattern--97cf4a5b-4d38-4717-9361-de6cfc797763"}, {"type": "indicator", "spec_version": "2.1", "id": "indicator--b3a0238d-6daf-4304-a44e-2abed298217e", "created_by_ref": "identity--ffd3e7b5-b847-41b4-a690-3c699e6eea5d", "created": "2022-05-13T14:16:26.406664Z", "modified": "2022-05-13T14:16:26.406664Z", "name": "Malicious SHA256 - 9103194d32a15ea9e8ede1c81960a5ba5d21213de55df52a6dac409f2e58bcfe", "description": "Malicious SHA256 involved with Blackbyte Ransomware", "pattern": "[file:hashes.'SHA-256' = '9103194d32a15ea9e8ede1c81960a5ba5d21213de55df52a6dac409f2e58bcfe']", "pattern_type": "stix", "pattern_version": "2.1", "valid_from": "2022-05-13T15:16:26.406664Z", "labels": ["malicious-activity"]}, {"type": "relationship", "spec_version": "2.1", "id": "relationship--544c5b3c-68b5-4de2-9538-34d71fbc7e2c", "created": "2022-05-13T14:16:26.410732Z", "modified": "2022-05-13T14:16:26.410732Z", "relationship_type": "indicates", "source_ref": "indicator--b3a0238d-6daf-4304-a44e-2abed298217e", "target_ref": "malware--336311f6-a897-4af7-942f-835d0509e66b"}, {"type": "relationship", "spec_version": "2.1", "id": "relationship--cb281dbb-9e27-4aa8-bce1-4ed6a21b6e8b", "created": "2022-05-13T14:16:26.410732Z", "modified": "2022-05-13T14:16:26.410732Z", "relationship_type": "indicates", "source_ref": "indicator--b3a0238d-6daf-4304-a44e-2abed298217e", "target_ref": "attack-pattern--327ac081-52ed-4400-99a6-0cc19b5a1e59"}, {"type": "relationship", "spec_version": "2.1", "id": "relationship--bdea5d2a-c329-4df2-a892-25a655801e5a", "created": "2022-05-13T14:16:26.411652Z", "modified": "2022-05-13T14:16:26.411652Z", "relationship_type": "indicates", "source_ref": "indicator--b3a0238d-6daf-4304-a44e-2abed298217e", "target_ref": "attack-pattern--82fbeede-428b-4304-8304-2f3199bee894"}, {"type": "relationship", "spec_version": "2.1", "id": "relationship--0975ce1d-17cb-40a7-83b4-29407b18b1c2", "created": "2022-05-13T14:16:26.412678Z", "modified": "2022-05-13T14:16:26.412678Z", "relationship_type": "indicates", "source_ref": "indicator--b3a0238d-6daf-4304-a44e-2abed298217e", "target_ref": "attack-pattern--496d844a-d505-4a38-999b-7fe0e1070714"}, {"type": "relationship", "spec_version": "2.1", "id": "relationship--cfd3a105-10f5-4498-a438-960e93648c93", "created": "2022-05-13T14:16:26.412678Z", "modified": "2022-05-13T14:16:26.412678Z", "relationship_type": "indicates", "source_ref": "indicator--b3a0238d-6daf-4304-a44e-2abed298217e", "target_ref": "attack-pattern--ada6cce6-9600-4944-aa47-b3d13b8a9c2e"}, {"type": "relationship", "spec_version": "2.1", "id": "relationship--67154951-5870-45db-981b-35f6d89dcc6c", "created": "2022-05-13T14:16:26.413675Z", "modified": "2022-05-13T14:16:26.413675Z", "relationship_type": "indicates", "source_ref": "indicator--b3a0238d-6daf-4304-a44e-2abed298217e", "target_ref": "attack-pattern--68cedbd2-a34c-4079-bed1-1e0ae5a1f373"}, {"type": "relationship", "spec_version": "2.1", "id": "relationship--521d6220-9ee0-430c-b69d-a22db4f1d8ca", "created": "2022-05-13T14:16:26.413675Z", "modified": "2022-05-13T14:16:26.413675Z", "relationship_type": "indicates", "source_ref": "indicator--b3a0238d-6daf-4304-a44e-2abed298217e", "target_ref": "attack-pattern--2048a9bb-5569-4c6b-8117-d079286e4a06"}, {"type": "relationship", "spec_version": "2.1", "id": "relationship--bd8c298d-e73b-44b9-a928-1332c5b3ccb2", "created": "2022-05-13T14:16:26.414673Z", "modified": "2022-05-13T14:16:26.414673Z", "relationship_type": "indicates", "source_ref": "indicator--b3a0238d-6daf-4304-a44e-2abed298217e", "target_ref": "attack-pattern--97cf4a5b-4d38-4717-9361-de6cfc797763"}, {"type": "indicator", "spec_version": "2.1", "id": "indicator--8bf672b5-45bf-40b7-9efe-52c44982ba71", "created_by_ref": "identity--ffd3e7b5-b847-41b4-a690-3c699e6eea5d", "created": "2022-05-13T14:16:26.414673Z", "modified": "2022-05-13T14:16:26.414673Z", "name": "Malicious SHA256 - d81493cdca5da915bf6b60d14f74e22fd94de483519a69f5942416cd98647d0b", "description": "Malicious SHA256 involved with Blackbyte Ransomware", "pattern": "[file:hashes.'SHA-256' = 'd81493cdca5da915bf6b60d14f74e22fd94de483519a69f5942416cd98647d0b']", "pattern_type": "stix", "pattern_version": "2.1", "valid_from": "2022-05-13T15:16:26.414673Z", "labels": ["malicious-activity"]}, {"type": "relationship", "spec_version": "2.1", "id": "relationship--80310977-0f79-4b60-bbfa-01dac448000d", "created": "2022-05-13T14:16:26.41866Z", "modified": "2022-05-13T14:16:26.41866Z", "relationship_type": "indicates", "source_ref": "indicator--8bf672b5-45bf-40b7-9efe-52c44982ba71", "target_ref": "malware--336311f6-a897-4af7-942f-835d0509e66b"}, {"type": "relationship", "spec_version": "2.1", "id": "relationship--b960138c-3a3c-44f7-bdcf-a57eada5ca54", "created": "2022-05-13T14:16:26.418831Z", "modified": "2022-05-13T14:16:26.418831Z", "relationship_type": "indicates", "source_ref": "indicator--8bf672b5-45bf-40b7-9efe-52c44982ba71", "target_ref": "attack-pattern--327ac081-52ed-4400-99a6-0cc19b5a1e59"}, {"type": "relationship", "spec_version": "2.1", "id": "relationship--cd9a3504-37ef-42a5-b646-83e86408d716", "created": "2022-05-13T14:16:26.419823Z", "modified": "2022-05-13T14:16:26.419823Z", "relationship_type": "indicates", "source_ref": "indicator--8bf672b5-45bf-40b7-9efe-52c44982ba71", "target_ref": "attack-pattern--82fbeede-428b-4304-8304-2f3199bee894"}, {"type": "relationship", "spec_version": "2.1", "id": "relationship--96d8e0bb-67f1-48eb-a6cc-77abbb7df039", "created": "2022-05-13T14:16:26.420378Z", "modified": "2022-05-13T14:16:26.420378Z", "relationship_type": "indicates", "source_ref": "indicator--8bf672b5-45bf-40b7-9efe-52c44982ba71", "target_ref": "attack-pattern--496d844a-d505-4a38-999b-7fe0e1070714"}, {"type": "relationship", "spec_version": "2.1", "id": "relationship--5c3ec335-5cee-4144-b8ee-fd1b861faca7", "created": "2022-05-13T14:16:26.420822Z", "modified": "2022-05-13T14:16:26.420822Z", "relationship_type": "indicates", "source_ref": "indicator--8bf672b5-45bf-40b7-9efe-52c44982ba71", "target_ref": "attack-pattern--ada6cce6-9600-4944-aa47-b3d13b8a9c2e"}, {"type": "relationship", "spec_version": "2.1", "id": "relationship--fc559b76-cd3c-4d20-8623-5350712a2bde", "created": "2022-05-13T14:16:26.420822Z", "modified": "2022-05-13T14:16:26.420822Z", "relationship_type": "indicates", "source_ref": "indicator--8bf672b5-45bf-40b7-9efe-52c44982ba71", "target_ref": "attack-pattern--68cedbd2-a34c-4079-bed1-1e0ae5a1f373"}, {"type": "relationship", "spec_version": "2.1", "id": "relationship--620b3168-5eff-4b00-b53b-571ec0adc387", "created": "2022-05-13T14:16:26.421821Z", "modified": "2022-05-13T14:16:26.421821Z", "relationship_type": "indicates", "source_ref": "indicator--8bf672b5-45bf-40b7-9efe-52c44982ba71", "target_ref": "attack-pattern--2048a9bb-5569-4c6b-8117-d079286e4a06"}, {"type": "relationship", "spec_version": "2.1", "id": "relationship--bd4f0de6-775d-431e-aaa3-e4d0eb5dc316", "created": "2022-05-13T14:16:26.421821Z", "modified": "2022-05-13T14:16:26.421821Z", "relationship_type": "indicates", "source_ref": "indicator--8bf672b5-45bf-40b7-9efe-52c44982ba71", "target_ref": "attack-pattern--97cf4a5b-4d38-4717-9361-de6cfc797763"}, {"type": "indicator", "spec_version": "2.1", "id": "indicator--eeb1aade-1d4a-4704-b7ee-c1388e79348a", "created_by_ref": "identity--ffd3e7b5-b847-41b4-a690-3c699e6eea5d", "created": "2022-05-13T14:16:26.422815Z", "modified": "2022-05-13T14:16:26.422815Z", "name": "Malicious SHA256 - e434ec347a8ea1f0712561bccf0153468a943e16d2cd792fbc72720bd0a8002e", "description": "Malicious SHA256 involved with Blackbyte Ransomware", "pattern": "[file:hashes.'SHA-256' = 'e434ec347a8ea1f0712561bccf0153468a943e16d2cd792fbc72720bd0a8002e']", "pattern_type": "stix", "pattern_version": "2.1", "valid_from": "2022-05-13T15:16:26.422815Z", "labels": ["malicious-activity"]}, {"type": "relationship", "spec_version": "2.1", "id": "relationship--a6a8c21d-6bd7-4b41-9ec1-6f22899404e8", "created": "2022-05-13T14:16:26.424809Z", "modified": "2022-05-13T14:16:26.424809Z", "relationship_type": "indicates", "source_ref": "indicator--eeb1aade-1d4a-4704-b7ee-c1388e79348a", "target_ref": "malware--336311f6-a897-4af7-942f-835d0509e66b"}, {"type": "relationship", "spec_version": "2.1", "id": "relationship--2e947a03-a291-4072-bfae-7a47cded23c1", "created": "2022-05-13T14:16:26.425807Z", "modified": "2022-05-13T14:16:26.425807Z", "relationship_type": "indicates", "source_ref": "indicator--eeb1aade-1d4a-4704-b7ee-c1388e79348a", "target_ref": "attack-pattern--327ac081-52ed-4400-99a6-0cc19b5a1e59"}, {"type": "relationship", "spec_version": "2.1", "id": "relationship--95a92481-50ee-4644-9fd8-5ee6081bf6cd", "created": "2022-05-13T14:16:26.425807Z", "modified": "2022-05-13T14:16:26.425807Z", "relationship_type": "indicates", "source_ref": "indicator--eeb1aade-1d4a-4704-b7ee-c1388e79348a", "target_ref": "attack-pattern--82fbeede-428b-4304-8304-2f3199bee894"}, {"type": "relationship", "spec_version": "2.1", "id": "relationship--b0ad5924-e559-4fb1-a5bd-874c9afbc99e", "created": "2022-05-13T14:16:26.426807Z", "modified": "2022-05-13T14:16:26.426807Z", "relationship_type": "indicates", "source_ref": "indicator--eeb1aade-1d4a-4704-b7ee-c1388e79348a", "target_ref": "attack-pattern--496d844a-d505-4a38-999b-7fe0e1070714"}, {"type": "relationship", "spec_version": "2.1", "id": "relationship--9ec0a902-9665-47e3-a46c-769c5d1c01b0", "created": "2022-05-13T14:16:26.426807Z", "modified": "2022-05-13T14:16:26.426807Z", "relationship_type": "indicates", "source_ref": "indicator--eeb1aade-1d4a-4704-b7ee-c1388e79348a", "target_ref": "attack-pattern--ada6cce6-9600-4944-aa47-b3d13b8a9c2e"}, {"type": "relationship", "spec_version": "2.1", "id": "relationship--cb9a5385-3570-45dd-a0b7-eb3335c9c4aa", "created": "2022-05-13T14:16:26.426807Z", "modified": "2022-05-13T14:16:26.426807Z", "relationship_type": "indicates", "source_ref": "indicator--eeb1aade-1d4a-4704-b7ee-c1388e79348a", "target_ref": "attack-pattern--68cedbd2-a34c-4079-bed1-1e0ae5a1f373"}, {"type": "relationship", "spec_version": "2.1", "id": "relationship--6a9dfbe7-f864-45ea-b298-269184f12f0b", "created": "2022-05-13T14:16:26.427731Z", "modified": "2022-05-13T14:16:26.427731Z", "relationship_type": "indicates", "source_ref": "indicator--eeb1aade-1d4a-4704-b7ee-c1388e79348a", "target_ref": "attack-pattern--2048a9bb-5569-4c6b-8117-d079286e4a06"}, {"type": "relationship", "spec_version": "2.1", "id": "relationship--308b018f-1fa6-485e-b9ca-4feb2c5631de", "created": "2022-05-13T14:16:26.427804Z", "modified": "2022-05-13T14:16:26.427804Z", "relationship_type": "indicates", "source_ref": "indicator--eeb1aade-1d4a-4704-b7ee-c1388e79348a", "target_ref": "attack-pattern--97cf4a5b-4d38-4717-9361-de6cfc797763"}, {"type": "indicator", "spec_version": "2.1", "id": "indicator--b1f26eb4-fc04-403a-bd99-2ffffe2210a6", "created_by_ref": "identity--ffd3e7b5-b847-41b4-a690-3c699e6eea5d", "created": "2022-05-13T14:16:26.427804Z", "modified": "2022-05-13T14:16:26.427804Z", "name": "Malicious SHA256 - ffc4d94a26ea7bcf48baffd96d33d3c3d53df1bb2c59567f6d04e02e7e2e5aaa", "description": "Malicious SHA256 involved with Blackbyte Ransomware", "pattern": "[file:hashes.'SHA-256' = 'ffc4d94a26ea7bcf48baffd96d33d3c3d53df1bb2c59567f6d04e02e7e2e5aaa']", "pattern_type": "stix", "pattern_version": "2.1", "valid_from": "2022-05-13T15:16:26.427804Z", "labels": ["malicious-activity"]}, {"type": "relationship", "spec_version": "2.1", "id": "relationship--6519b95a-deca-4757-a81f-979debed5c7f", "created": "2022-05-13T14:16:26.429819Z", "modified": "2022-05-13T14:16:26.429819Z", "relationship_type": "indicates", "source_ref": "indicator--b1f26eb4-fc04-403a-bd99-2ffffe2210a6", "target_ref": "malware--336311f6-a897-4af7-942f-835d0509e66b"}, {"type": "relationship", "spec_version": "2.1", "id": "relationship--9fa1968b-cd72-4ffa-b218-80950fba1817", "created": "2022-05-13T14:16:26.43082Z", "modified": "2022-05-13T14:16:26.43082Z", "relationship_type": "indicates", "source_ref": "indicator--b1f26eb4-fc04-403a-bd99-2ffffe2210a6", "target_ref": "attack-pattern--327ac081-52ed-4400-99a6-0cc19b5a1e59"}, {"type": "relationship", "spec_version": "2.1", "id": "relationship--1854ebee-663e-4e07-a740-d4975daec753", "created": "2022-05-13T14:16:26.43082Z", "modified": "2022-05-13T14:16:26.43082Z", "relationship_type": "indicates", "source_ref": "indicator--b1f26eb4-fc04-403a-bd99-2ffffe2210a6", "target_ref": "attack-pattern--82fbeede-428b-4304-8304-2f3199bee894"}, {"type": "relationship", "spec_version": "2.1", "id": "relationship--4f6017c1-97b4-4fc0-9196-442f2ce6b5c9", "created": "2022-05-13T14:16:26.43082Z", "modified": "2022-05-13T14:16:26.43082Z", "relationship_type": "indicates", "source_ref": "indicator--b1f26eb4-fc04-403a-bd99-2ffffe2210a6", "target_ref": "attack-pattern--496d844a-d505-4a38-999b-7fe0e1070714"}, {"type": "relationship", "spec_version": "2.1", "id": "relationship--54965fc2-2e21-496b-9db1-cea14f2369f5", "created": "2022-05-13T14:16:26.431814Z", "modified": "2022-05-13T14:16:26.431814Z", "relationship_type": "indicates", "source_ref": "indicator--b1f26eb4-fc04-403a-bd99-2ffffe2210a6", "target_ref": "attack-pattern--ada6cce6-9600-4944-aa47-b3d13b8a9c2e"}, {"type": "relationship", "spec_version": "2.1", "id": "relationship--9d50006e-8df4-430e-8f65-ed1ea64002fa", "created": "2022-05-13T14:16:26.432256Z", "modified": "2022-05-13T14:16:26.432256Z", "relationship_type": "indicates", "source_ref": "indicator--b1f26eb4-fc04-403a-bd99-2ffffe2210a6", "target_ref": "attack-pattern--68cedbd2-a34c-4079-bed1-1e0ae5a1f373"}, {"type": "relationship", "spec_version": "2.1", "id": "relationship--8270915e-f02c-4da4-8774-a004875d56ad", "created": "2022-05-13T14:16:26.432811Z", "modified": "2022-05-13T14:16:26.432811Z", "relationship_type": "indicates", "source_ref": "indicator--b1f26eb4-fc04-403a-bd99-2ffffe2210a6", "target_ref": "attack-pattern--2048a9bb-5569-4c6b-8117-d079286e4a06"}, {"type": "relationship", "spec_version": "2.1", "id": "relationship--4764d4f7-589b-4e39-b483-ffc8660b65e2", "created": "2022-05-13T14:16:26.433313Z", "modified": "2022-05-13T14:16:26.433313Z", "relationship_type": "indicates", "source_ref": "indicator--b1f26eb4-fc04-403a-bd99-2ffffe2210a6", "target_ref": "attack-pattern--97cf4a5b-4d38-4717-9361-de6cfc797763"}, {"type": "indicator", "spec_version": "2.1", "id": "indicator--49c736a4-2974-4d8a-8532-00ab4f9776af", "created_by_ref": "identity--ffd3e7b5-b847-41b4-a690-3c699e6eea5d", "created": "2022-05-13T14:16:26.433808Z", "modified": "2022-05-13T14:16:26.433808Z", "name": "Malicious IP - 185.93.6.31", "description": "Malicious IP involved with Blackbyte Ransomware", "pattern": "[ipv4-addr:value = '185.93.6.31']", "pattern_type": "stix", "pattern_version": "2.1", "valid_from": "2022-05-13T15:16:26.433808Z", "labels": ["malicious-activity"]}, {"type": "relationship", "spec_version": "2.1", "id": "relationship--544318db-6a44-4aed-afaa-7f82b3e99bee", "created": "2022-05-13T14:16:26.441787Z", "modified": "2022-05-13T14:16:26.441787Z", "relationship_type": "indicates", "source_ref": "indicator--49c736a4-2974-4d8a-8532-00ab4f9776af", "target_ref": "malware--336311f6-a897-4af7-942f-835d0509e66b"}, {"type": "relationship", "spec_version": "2.1", "id": "relationship--8b193b63-93fd-46c3-b0cd-65f921d70f46", "created": "2022-05-13T14:16:26.442785Z", "modified": "2022-05-13T14:16:26.442785Z", "relationship_type": "indicates", "source_ref": "indicator--49c736a4-2974-4d8a-8532-00ab4f9776af", "target_ref": "attack-pattern--327ac081-52ed-4400-99a6-0cc19b5a1e59"}, {"type": "relationship", "spec_version": "2.1", "id": "relationship--2790c175-2e54-48e0-97e7-90a8b30a80ac", "created": "2022-05-13T14:16:26.443782Z", "modified": "2022-05-13T14:16:26.443782Z", "relationship_type": "indicates", "source_ref": "indicator--49c736a4-2974-4d8a-8532-00ab4f9776af", "target_ref": "attack-pattern--82fbeede-428b-4304-8304-2f3199bee894"}, {"type": "relationship", "spec_version": "2.1", "id": "relationship--2da09d1e-5cfc-40a5-907d-f0c3db9beb18", "created": "2022-05-13T14:16:26.443782Z", "modified": "2022-05-13T14:16:26.443782Z", "relationship_type": "indicates", "source_ref": "indicator--49c736a4-2974-4d8a-8532-00ab4f9776af", "target_ref": "attack-pattern--496d844a-d505-4a38-999b-7fe0e1070714"}, {"type": "relationship", "spec_version": "2.1", "id": "relationship--3a3f68c7-3a38-46fa-920d-701c208bce03", "created": "2022-05-13T14:16:26.44478Z", "modified": "2022-05-13T14:16:26.44478Z", "relationship_type": "indicates", "source_ref": "indicator--49c736a4-2974-4d8a-8532-00ab4f9776af", "target_ref": "attack-pattern--ada6cce6-9600-4944-aa47-b3d13b8a9c2e"}, {"type": "relationship", "spec_version": "2.1", "id": "relationship--b10705c6-759e-4f6b-ae9f-ba04cd29617d", "created": "2022-05-13T14:16:26.44478Z", "modified": "2022-05-13T14:16:26.44478Z", "relationship_type": "indicates", "source_ref": "indicator--49c736a4-2974-4d8a-8532-00ab4f9776af", "target_ref": "attack-pattern--68cedbd2-a34c-4079-bed1-1e0ae5a1f373"}, {"type": "relationship", "spec_version": "2.1", "id": "relationship--99decb11-0e0a-422e-8c31-02d0984c9ca9", "created": "2022-05-13T14:16:26.445777Z", "modified": "2022-05-13T14:16:26.445777Z", "relationship_type": "indicates", "source_ref": "indicator--49c736a4-2974-4d8a-8532-00ab4f9776af", "target_ref": "attack-pattern--2048a9bb-5569-4c6b-8117-d079286e4a06"}, {"type": "relationship", "spec_version": "2.1", "id": "relationship--186e1e5b-059c-4992-b83c-b8ed4d3eb04b", "created": "2022-05-13T14:16:26.445777Z", "modified": "2022-05-13T14:16:26.445777Z", "relationship_type": "indicates", "source_ref": "indicator--49c736a4-2974-4d8a-8532-00ab4f9776af", "target_ref": "attack-pattern--97cf4a5b-4d38-4717-9361-de6cfc797763"}, {"type": "indicator", "spec_version": "2.1", "id": "indicator--c0be3dd7-6a21-4609-aac2-e9d366319011", "created_by_ref": "identity--ffd3e7b5-b847-41b4-a690-3c699e6eea5d", "created": "2022-05-13T14:16:26.448769Z", "modified": "2022-05-13T14:16:26.448769Z", "name": "Malicious domain - 7oukjxwkbnwyg7cekudzp66okrchbuubde2j3h6fkpis6izywoj2eqad.onion", "description": "Malicious domain involved with Blackbyte Ransomware", "pattern": "[domain-name:value = '7oukjxwkbnwyg7cekudzp66okrchbuubde2j3h6fkpis6izywoj2eqad.onion']", "pattern_type": "stix", "pattern_version": "2.1", "valid_from": "2022-05-13T15:16:26.448769Z", "labels": ["malicious-activity"]}, {"type": "relationship", "spec_version": "2.1", "id": "relationship--cf3d772c-d576-4f79-8225-00d49c9219ed", "created": "2022-05-13T14:16:26.457745Z", "modified": "2022-05-13T14:16:26.457745Z", "relationship_type": "indicates", "source_ref": "indicator--c0be3dd7-6a21-4609-aac2-e9d366319011", "target_ref": "malware--336311f6-a897-4af7-942f-835d0509e66b"}, {"type": "relationship", "spec_version": "2.1", "id": "relationship--413388a3-ca0d-49bd-9bc4-07eabbfea787", "created": "2022-05-13T14:16:26.458771Z", "modified": "2022-05-13T14:16:26.458771Z", "relationship_type": "indicates", "source_ref": "indicator--c0be3dd7-6a21-4609-aac2-e9d366319011", "target_ref": "attack-pattern--327ac081-52ed-4400-99a6-0cc19b5a1e59"}, {"type": "relationship", "spec_version": "2.1", "id": "relationship--a315ef59-4180-4787-abc8-14e0f34a7637", "created": "2022-05-13T14:16:26.459765Z", "modified": "2022-05-13T14:16:26.459765Z", "relationship_type": "indicates", "source_ref": "indicator--c0be3dd7-6a21-4609-aac2-e9d366319011", "target_ref": "attack-pattern--82fbeede-428b-4304-8304-2f3199bee894"}, {"type": "relationship", "spec_version": "2.1", "id": "relationship--48604a1b-7812-41bb-a475-e61323bed86b", "created": "2022-05-13T14:16:26.459765Z", "modified": "2022-05-13T14:16:26.459765Z", "relationship_type": "indicates", "source_ref": "indicator--c0be3dd7-6a21-4609-aac2-e9d366319011", "target_ref": "attack-pattern--496d844a-d505-4a38-999b-7fe0e1070714"}, {"type": "relationship", "spec_version": "2.1", "id": "relationship--63ee8816-0aa9-4455-b643-a248b612b72c", "created": "2022-05-13T14:16:26.460764Z", "modified": "2022-05-13T14:16:26.460764Z", "relationship_type": "indicates", "source_ref": "indicator--c0be3dd7-6a21-4609-aac2-e9d366319011", "target_ref": "attack-pattern--ada6cce6-9600-4944-aa47-b3d13b8a9c2e"}, {"type": "relationship", "spec_version": "2.1", "id": "relationship--3d0343d7-897b-4de6-82dc-41033a80e0f6", "created": "2022-05-13T14:16:26.460764Z", "modified": "2022-05-13T14:16:26.460764Z", "relationship_type": "indicates", "source_ref": "indicator--c0be3dd7-6a21-4609-aac2-e9d366319011", "target_ref": "attack-pattern--68cedbd2-a34c-4079-bed1-1e0ae5a1f373"}, {"type": "relationship", "spec_version": "2.1", "id": "relationship--75b6248a-844b-470f-8c58-ee362961995f", "created": "2022-05-13T14:16:26.46179Z", "modified": "2022-05-13T14:16:26.46179Z", "relationship_type": "indicates", "source_ref": "indicator--c0be3dd7-6a21-4609-aac2-e9d366319011", "target_ref": "attack-pattern--2048a9bb-5569-4c6b-8117-d079286e4a06"}, {"type": "relationship", "spec_version": "2.1", "id": "relationship--9e521da2-a9ad-488c-b97d-093751a29293", "created": "2022-05-13T14:16:26.46179Z", "modified": "2022-05-13T14:16:26.46179Z", "relationship_type": "indicates", "source_ref": "indicator--c0be3dd7-6a21-4609-aac2-e9d366319011", "target_ref": "attack-pattern--97cf4a5b-4d38-4717-9361-de6cfc797763"}]}