{"type": "bundle", "id": "bundle--d3b5e670-ba4e-4015-ac40-e679861a65ba", "objects": [{"type": "identity", "spec_version": "2.1", "id": "identity--b3d60a14-44f0-4591-b07d-611ab0b7f1b8", "created": "2022-05-13T14:20:49.065914Z", "modified": "2022-05-13T14:20:49.065914Z", "name": "Bournemouth University CERT"}, {"type": "malware", "spec_version": "2.1", "id": "malware--b4ea071d-2f34-4646-92c4-4d6a44f8ccbb", "created": "2022-05-13T14:20:49.066467Z", "modified": "2022-05-13T14:20:49.066467Z", "name": "Clipper Malware", "description": "Clipper Malware", "is_family": false}, {"type": "attack-pattern", "spec_version": "2.1", "id": "attack-pattern--dda74dbf-f0b2-4b5e-9ac3-f5063455d93c", "created": "2022-05-13T14:20:49.066467Z", "modified": "2022-05-13T14:20:49.066467Z", "name": "T1566", "external_references": [{"source_name": "mitre-attack", "url": "https://attack.mitre.org/techniques/T1566/", "external_id": "T1566"}]}, {"type": "attack-pattern", "spec_version": "2.1", "id": "attack-pattern--91bdd174-c043-4f29-9758-cc5c20a4fad1", "created": "2022-05-13T14:20:49.068462Z", "modified": "2022-05-13T14:20:49.068462Z", "name": "T1204", "external_references": [{"source_name": "mitre-attack", "url": "https://attack.mitre.org/techniques/T1204/", "external_id": "T1204"}]}, {"type": "attack-pattern", "spec_version": "2.1", "id": "attack-pattern--1427e68f-3968-4bf7-843d-bba55ec034d0", "created": "2022-05-13T14:20:49.068659Z", "modified": "2022-05-13T14:20:49.068659Z", "name": "T1547", "external_references": [{"source_name": "mitre-attack", "url": "https://attack.mitre.org/techniques/T1547/", "external_id": "T1547"}]}, {"type": "attack-pattern", "spec_version": "2.1", "id": "attack-pattern--89e3952e-e71d-4396-8138-e77f5e073b98", "created": "2022-05-13T14:20:49.069458Z", "modified": "2022-05-13T14:20:49.069458Z", "name": "T1115", "external_references": [{"source_name": "mitre-attack", "url": "https://attack.mitre.org/techniques/T1115/", "external_id": "T1115"}]}, {"type": "attack-pattern", "spec_version": "2.1", "id": "attack-pattern--fc2f640f-50d8-41ae-a654-d48736d15813", "created": "2022-05-13T14:20:49.069458Z", "modified": "2022-05-13T14:20:49.069458Z", "name": "T1567", "external_references": [{"source_name": "mitre-attack", "url": "https://attack.mitre.org/techniques/T1567/", "external_id": "T1567"}]}, {"type": "indicator", "spec_version": "2.1", "id": "indicator--8cb35a5c-35e1-466e-9ca7-397286f7aa84", "created_by_ref": "identity--b3d60a14-44f0-4591-b07d-611ab0b7f1b8", "created": "2022-05-13T14:20:49.070455Z", "modified": "2022-05-13T14:20:49.070455Z", "name": "Malicious MD5 - 012fca9cf0ac3e9a1c2c1499dfdb4eaf", "description": "Malicious MD5 involved with Clipper Malware", "pattern": "[file:hashes.MD5 = '012fca9cf0ac3e9a1c2c1499dfdb4eaf']", "pattern_type": "stix", "pattern_version": "2.1", "valid_from": "2022-05-13T15:20:49.070455Z", "labels": ["malicious-activity"]}, {"type": "relationship", "spec_version": "2.1", "id": "relationship--99d57eac-a08d-4c50-8a09-2a3d050a416f", "created": "2022-05-13T14:20:49.092174Z", "modified": "2022-05-13T14:20:49.092174Z", "relationship_type": "indicates", "source_ref": "indicator--8cb35a5c-35e1-466e-9ca7-397286f7aa84", "target_ref": "malware--b4ea071d-2f34-4646-92c4-4d6a44f8ccbb"}, {"type": "relationship", "spec_version": "2.1", "id": "relationship--1605aa3b-8b4f-4e96-b1eb-16d9d37a3089", "created": "2022-05-13T14:20:49.092174Z", "modified": "2022-05-13T14:20:49.092174Z", "relationship_type": "indicates", "source_ref": "indicator--8cb35a5c-35e1-466e-9ca7-397286f7aa84", "target_ref": "attack-pattern--dda74dbf-f0b2-4b5e-9ac3-f5063455d93c"}, {"type": "relationship", "spec_version": "2.1", "id": "relationship--fbbac9f8-6640-487b-ba06-a84e2dae35ba", "created": "2022-05-13T14:20:49.09317Z", "modified": "2022-05-13T14:20:49.09317Z", "relationship_type": "indicates", "source_ref": "indicator--8cb35a5c-35e1-466e-9ca7-397286f7aa84", "target_ref": "attack-pattern--91bdd174-c043-4f29-9758-cc5c20a4fad1"}, {"type": "relationship", "spec_version": "2.1", "id": "relationship--500b0c2c-9cf7-4622-a9d9-74b64d0fa6b8", "created": "2022-05-13T14:20:49.09317Z", "modified": "2022-05-13T14:20:49.09317Z", "relationship_type": "indicates", "source_ref": "indicator--8cb35a5c-35e1-466e-9ca7-397286f7aa84", "target_ref": "attack-pattern--1427e68f-3968-4bf7-843d-bba55ec034d0"}, {"type": "relationship", "spec_version": "2.1", "id": "relationship--82ede39a-2b40-44bd-8ede-27e40484ab71", "created": "2022-05-13T14:20:49.09317Z", "modified": "2022-05-13T14:20:49.09317Z", "relationship_type": "indicates", "source_ref": "indicator--8cb35a5c-35e1-466e-9ca7-397286f7aa84", "target_ref": "attack-pattern--89e3952e-e71d-4396-8138-e77f5e073b98"}, {"type": "relationship", "spec_version": "2.1", "id": "relationship--f1418ac8-0d96-4a55-8b08-b38b07d2c3cd", "created": "2022-05-13T14:20:49.09317Z", "modified": "2022-05-13T14:20:49.09317Z", "relationship_type": "indicates", "source_ref": "indicator--8cb35a5c-35e1-466e-9ca7-397286f7aa84", "target_ref": "attack-pattern--fc2f640f-50d8-41ae-a654-d48736d15813"}, {"type": "indicator", "spec_version": "2.1", "id": "indicator--2db91e50-71fd-40e3-bfeb-ea3e86b4a56d", "created_by_ref": "identity--b3d60a14-44f0-4591-b07d-611ab0b7f1b8", "created": "2022-05-13T14:20:49.094252Z", "modified": "2022-05-13T14:20:49.094252Z", "name": "Malicious MD5 - fea27906be670ddbf5a5ef6639374c07", "description": "Malicious MD5 involved with Clipper Malware", "pattern": "[file:hashes.MD5 = 'fea27906be670ddbf5a5ef6639374c07']", "pattern_type": "stix", "pattern_version": "2.1", "valid_from": "2022-05-13T15:20:49.094252Z", "labels": ["malicious-activity"]}, {"type": "relationship", "spec_version": "2.1", "id": "relationship--7c6f40e5-945a-4c8a-a21e-70d43d59b047", "created": "2022-05-13T14:20:49.096659Z", "modified": "2022-05-13T14:20:49.096659Z", "relationship_type": "indicates", "source_ref": "indicator--2db91e50-71fd-40e3-bfeb-ea3e86b4a56d", "target_ref": "malware--b4ea071d-2f34-4646-92c4-4d6a44f8ccbb"}, {"type": "relationship", "spec_version": "2.1", "id": "relationship--e7467c50-d8d7-4b70-b45f-1d91af7ee44a", "created": "2022-05-13T14:20:49.096659Z", "modified": "2022-05-13T14:20:49.096659Z", "relationship_type": "indicates", "source_ref": "indicator--2db91e50-71fd-40e3-bfeb-ea3e86b4a56d", "target_ref": "attack-pattern--dda74dbf-f0b2-4b5e-9ac3-f5063455d93c"}, {"type": "relationship", "spec_version": "2.1", "id": "relationship--3f3a204f-f3a8-4a31-ba7f-d44ff98b2894", "created": "2022-05-13T14:20:49.097301Z", "modified": "2022-05-13T14:20:49.097301Z", "relationship_type": "indicates", "source_ref": "indicator--2db91e50-71fd-40e3-bfeb-ea3e86b4a56d", "target_ref": "attack-pattern--91bdd174-c043-4f29-9758-cc5c20a4fad1"}, {"type": "relationship", "spec_version": "2.1", "id": "relationship--010e0545-0909-4018-9d5c-4e4adaa0f444", "created": "2022-05-13T14:20:49.097301Z", "modified": "2022-05-13T14:20:49.097301Z", "relationship_type": "indicates", "source_ref": "indicator--2db91e50-71fd-40e3-bfeb-ea3e86b4a56d", "target_ref": "attack-pattern--1427e68f-3968-4bf7-843d-bba55ec034d0"}, {"type": "relationship", "spec_version": "2.1", "id": "relationship--27106fc4-608d-45dc-84e6-a0093505b187", "created": "2022-05-13T14:20:49.097301Z", "modified": "2022-05-13T14:20:49.097301Z", "relationship_type": "indicates", "source_ref": "indicator--2db91e50-71fd-40e3-bfeb-ea3e86b4a56d", "target_ref": "attack-pattern--89e3952e-e71d-4396-8138-e77f5e073b98"}, {"type": "relationship", "spec_version": "2.1", "id": "relationship--39fb46a4-9d6d-45ad-8ad5-be3be8c0ac63", "created": "2022-05-13T14:20:49.097301Z", "modified": "2022-05-13T14:20:49.097301Z", "relationship_type": "indicates", "source_ref": "indicator--2db91e50-71fd-40e3-bfeb-ea3e86b4a56d", "target_ref": "attack-pattern--fc2f640f-50d8-41ae-a654-d48736d15813"}, {"type": "indicator", "spec_version": "2.1", "id": "indicator--1094a971-50be-471c-b2d9-5534a2bfd962", "created_by_ref": "identity--b3d60a14-44f0-4591-b07d-611ab0b7f1b8", "created": "2022-05-13T14:20:49.097301Z", "modified": "2022-05-13T14:20:49.097301Z", "name": "Malicious SHA1 - 20f7554280e5e6d0709aa1e850f01e816d2674f2", "description": "Malicious SHA1 involved with Clipper Malware", "pattern": "[file:hashes.'SHA-1' = '20f7554280e5e6d0709aa1e850f01e816d2674f2']", "pattern_type": "stix", "pattern_version": "2.1", "valid_from": "2022-05-13T15:20:49.097301Z", "labels": ["malicious-activity"]}, {"type": "relationship", "spec_version": "2.1", "id": "relationship--d987f33d-c33e-476a-8458-60358bf57553", "created": "2022-05-13T14:20:49.10129Z", "modified": "2022-05-13T14:20:49.10129Z", "relationship_type": "indicates", "source_ref": "indicator--1094a971-50be-471c-b2d9-5534a2bfd962", "target_ref": "malware--b4ea071d-2f34-4646-92c4-4d6a44f8ccbb"}, {"type": "relationship", "spec_version": "2.1", "id": "relationship--e4abf4ef-1cad-45ab-b10b-5cb448243f77", "created": "2022-05-13T14:20:49.102286Z", "modified": "2022-05-13T14:20:49.102286Z", "relationship_type": "indicates", "source_ref": "indicator--1094a971-50be-471c-b2d9-5534a2bfd962", "target_ref": "attack-pattern--dda74dbf-f0b2-4b5e-9ac3-f5063455d93c"}, {"type": "relationship", "spec_version": "2.1", "id": "relationship--e1047aa8-aaac-4782-97ce-71410c05a171", "created": "2022-05-13T14:20:49.102286Z", "modified": "2022-05-13T14:20:49.102286Z", "relationship_type": "indicates", "source_ref": "indicator--1094a971-50be-471c-b2d9-5534a2bfd962", "target_ref": "attack-pattern--91bdd174-c043-4f29-9758-cc5c20a4fad1"}, {"type": "relationship", "spec_version": "2.1", "id": "relationship--1f38620a-4128-4cd2-a27f-0aaee587a115", "created": "2022-05-13T14:20:49.102286Z", "modified": "2022-05-13T14:20:49.102286Z", "relationship_type": "indicates", "source_ref": "indicator--1094a971-50be-471c-b2d9-5534a2bfd962", "target_ref": "attack-pattern--1427e68f-3968-4bf7-843d-bba55ec034d0"}, {"type": "relationship", "spec_version": "2.1", "id": "relationship--ca7d8271-1cf4-4ee3-96bb-b4dc33c66f07", "created": "2022-05-13T14:20:49.102286Z", "modified": "2022-05-13T14:20:49.102286Z", "relationship_type": "indicates", "source_ref": "indicator--1094a971-50be-471c-b2d9-5534a2bfd962", "target_ref": "attack-pattern--89e3952e-e71d-4396-8138-e77f5e073b98"}, {"type": "relationship", "spec_version": "2.1", "id": "relationship--ec343d4b-619e-4e66-b541-216b06f9f40a", "created": "2022-05-13T14:20:49.103284Z", "modified": "2022-05-13T14:20:49.103284Z", "relationship_type": "indicates", "source_ref": "indicator--1094a971-50be-471c-b2d9-5534a2bfd962", "target_ref": "attack-pattern--fc2f640f-50d8-41ae-a654-d48736d15813"}, {"type": "indicator", "spec_version": "2.1", "id": "indicator--419c7136-3ea0-4cfc-8e41-073199cb941f", "created_by_ref": "identity--b3d60a14-44f0-4591-b07d-611ab0b7f1b8", "created": "2022-05-13T14:20:49.103284Z", "modified": "2022-05-13T14:20:49.103284Z", "name": "Malicious SHA1 - 47480d9b4df34ea1826cd2fafc05230eb195c0c2", "description": "Malicious SHA1 involved with Clipper Malware", "pattern": "[file:hashes.'SHA-1' = '47480d9b4df34ea1826cd2fafc05230eb195c0c2']", "pattern_type": "stix", "pattern_version": "2.1", "valid_from": "2022-05-13T15:20:49.103284Z", "labels": ["malicious-activity"]}, {"type": "relationship", "spec_version": "2.1", "id": "relationship--f4bc9076-fc62-4457-8d7e-b1c8ac33845d", "created": "2022-05-13T14:20:49.105278Z", "modified": "2022-05-13T14:20:49.105278Z", "relationship_type": "indicates", "source_ref": "indicator--419c7136-3ea0-4cfc-8e41-073199cb941f", "target_ref": "malware--b4ea071d-2f34-4646-92c4-4d6a44f8ccbb"}, {"type": "relationship", "spec_version": "2.1", "id": "relationship--6bbcd831-c5a5-4b06-9ecc-49f940ed833b", "created": "2022-05-13T14:20:49.105278Z", "modified": "2022-05-13T14:20:49.105278Z", "relationship_type": "indicates", "source_ref": "indicator--419c7136-3ea0-4cfc-8e41-073199cb941f", "target_ref": "attack-pattern--dda74dbf-f0b2-4b5e-9ac3-f5063455d93c"}, {"type": "relationship", "spec_version": "2.1", "id": "relationship--23720b82-d086-4750-aa11-725073e2c773", "created": "2022-05-13T14:20:49.105278Z", "modified": "2022-05-13T14:20:49.105278Z", "relationship_type": "indicates", "source_ref": "indicator--419c7136-3ea0-4cfc-8e41-073199cb941f", "target_ref": "attack-pattern--91bdd174-c043-4f29-9758-cc5c20a4fad1"}, {"type": "relationship", "spec_version": "2.1", "id": "relationship--c9b35d88-5484-4817-82b9-d6892d0b1247", "created": "2022-05-13T14:20:49.105976Z", "modified": "2022-05-13T14:20:49.105976Z", "relationship_type": "indicates", "source_ref": "indicator--419c7136-3ea0-4cfc-8e41-073199cb941f", "target_ref": "attack-pattern--1427e68f-3968-4bf7-843d-bba55ec034d0"}, {"type": "relationship", "spec_version": "2.1", "id": "relationship--1e93d6d7-8b50-4745-87eb-a6ff4ab37230", "created": "2022-05-13T14:20:49.106276Z", "modified": "2022-05-13T14:20:49.106276Z", "relationship_type": "indicates", "source_ref": "indicator--419c7136-3ea0-4cfc-8e41-073199cb941f", "target_ref": "attack-pattern--89e3952e-e71d-4396-8138-e77f5e073b98"}, {"type": "relationship", "spec_version": "2.1", "id": "relationship--7f715498-fa91-4d05-b165-e5a77386e87a", "created": "2022-05-13T14:20:49.106276Z", "modified": "2022-05-13T14:20:49.106276Z", "relationship_type": "indicates", "source_ref": "indicator--419c7136-3ea0-4cfc-8e41-073199cb941f", "target_ref": "attack-pattern--fc2f640f-50d8-41ae-a654-d48736d15813"}, {"type": "indicator", "spec_version": "2.1", "id": "indicator--efbce660-8ba7-4458-9739-c7577fa54c63", "created_by_ref": "identity--b3d60a14-44f0-4591-b07d-611ab0b7f1b8", "created": "2022-05-13T14:20:49.106821Z", "modified": "2022-05-13T14:20:49.106821Z", "name": "Malicious SHA256 - b6135c446093a19544dbb36018adb7139aa810a3f3eaa45663dc54448fe30e39", "description": "Malicious SHA256 involved with Clipper Malware", "pattern": "[file:hashes.'SHA-256' = 'b6135c446093a19544dbb36018adb7139aa810a3f3eaa45663dc54448fe30e39']", "pattern_type": "stix", "pattern_version": "2.1", "valid_from": "2022-05-13T15:20:49.106821Z", "labels": ["malicious-activity"]}, {"type": "relationship", "spec_version": "2.1", "id": "relationship--cc5321cc-fb3d-4bd7-ab43-b2fb016f7fe8", "created": "2022-05-13T14:20:49.10943Z", "modified": "2022-05-13T14:20:49.10943Z", "relationship_type": "indicates", "source_ref": "indicator--efbce660-8ba7-4458-9739-c7577fa54c63", "target_ref": "malware--b4ea071d-2f34-4646-92c4-4d6a44f8ccbb"}, {"type": "relationship", "spec_version": "2.1", "id": "relationship--d877ccc6-435a-4117-9eb8-79b8b3f4fd84", "created": "2022-05-13T14:20:49.110266Z", "modified": "2022-05-13T14:20:49.110266Z", "relationship_type": "indicates", "source_ref": "indicator--efbce660-8ba7-4458-9739-c7577fa54c63", "target_ref": "attack-pattern--dda74dbf-f0b2-4b5e-9ac3-f5063455d93c"}, {"type": "relationship", "spec_version": "2.1", "id": "relationship--a2ebe3d9-b862-4e10-8e8e-4e137a7772c7", "created": "2022-05-13T14:20:49.110266Z", "modified": "2022-05-13T14:20:49.110266Z", "relationship_type": "indicates", "source_ref": "indicator--efbce660-8ba7-4458-9739-c7577fa54c63", "target_ref": "attack-pattern--91bdd174-c043-4f29-9758-cc5c20a4fad1"}, {"type": "relationship", "spec_version": "2.1", "id": "relationship--98b028da-32ae-4433-8efc-66a76c299aee", "created": "2022-05-13T14:20:49.111262Z", "modified": "2022-05-13T14:20:49.111262Z", "relationship_type": "indicates", "source_ref": "indicator--efbce660-8ba7-4458-9739-c7577fa54c63", "target_ref": "attack-pattern--1427e68f-3968-4bf7-843d-bba55ec034d0"}, {"type": "relationship", "spec_version": "2.1", "id": "relationship--7aa230bc-48e4-4548-a754-b0a450c94239", "created": "2022-05-13T14:20:49.111262Z", "modified": "2022-05-13T14:20:49.111262Z", "relationship_type": "indicates", "source_ref": "indicator--efbce660-8ba7-4458-9739-c7577fa54c63", "target_ref": "attack-pattern--89e3952e-e71d-4396-8138-e77f5e073b98"}, {"type": "relationship", "spec_version": "2.1", "id": "relationship--95e9182f-c7ff-4229-bfe8-e5569c423062", "created": "2022-05-13T14:20:49.111262Z", "modified": "2022-05-13T14:20:49.111262Z", "relationship_type": "indicates", "source_ref": "indicator--efbce660-8ba7-4458-9739-c7577fa54c63", "target_ref": "attack-pattern--fc2f640f-50d8-41ae-a654-d48736d15813"}, {"type": "indicator", "spec_version": "2.1", "id": "indicator--d2fc5d9d-f771-4a1b-af51-71d22437eba3", "created_by_ref": "identity--b3d60a14-44f0-4591-b07d-611ab0b7f1b8", "created": "2022-05-13T14:20:49.111262Z", "modified": "2022-05-13T14:20:49.111262Z", "name": "Malicious SHA256 - deaad208c6805381b6b6b1960f0ee149a88cdae2579a328502139ffc5814c039", "description": "Malicious SHA256 involved with Clipper Malware", "pattern": "[file:hashes.'SHA-256' = 'deaad208c6805381b6b6b1960f0ee149a88cdae2579a328502139ffc5814c039']", "pattern_type": "stix", "pattern_version": "2.1", "valid_from": "2022-05-13T15:20:49.111262Z", "labels": ["malicious-activity"]}, {"type": "relationship", "spec_version": "2.1", "id": "relationship--a52d4730-36b3-4c7a-9a35-608a97d66d45", "created": "2022-05-13T14:20:49.113257Z", "modified": "2022-05-13T14:20:49.113257Z", "relationship_type": "indicates", "source_ref": "indicator--d2fc5d9d-f771-4a1b-af51-71d22437eba3", "target_ref": "malware--b4ea071d-2f34-4646-92c4-4d6a44f8ccbb"}, {"type": "relationship", "spec_version": "2.1", "id": "relationship--f3a289af-937a-4030-9d96-68192b349a7a", "created": "2022-05-13T14:20:49.113257Z", "modified": "2022-05-13T14:20:49.113257Z", "relationship_type": "indicates", "source_ref": "indicator--d2fc5d9d-f771-4a1b-af51-71d22437eba3", "target_ref": "attack-pattern--dda74dbf-f0b2-4b5e-9ac3-f5063455d93c"}, {"type": "relationship", "spec_version": "2.1", "id": "relationship--ab9137e4-d014-4487-8c78-55f61a34d23b", "created": "2022-05-13T14:20:49.114254Z", "modified": "2022-05-13T14:20:49.114254Z", "relationship_type": "indicates", "source_ref": "indicator--d2fc5d9d-f771-4a1b-af51-71d22437eba3", "target_ref": "attack-pattern--91bdd174-c043-4f29-9758-cc5c20a4fad1"}, {"type": "relationship", "spec_version": "2.1", "id": "relationship--3e04608a-6340-48c3-bd20-8e8cfccd3a34", "created": "2022-05-13T14:20:49.114254Z", "modified": "2022-05-13T14:20:49.114254Z", "relationship_type": "indicates", "source_ref": "indicator--d2fc5d9d-f771-4a1b-af51-71d22437eba3", "target_ref": "attack-pattern--1427e68f-3968-4bf7-843d-bba55ec034d0"}, {"type": "relationship", "spec_version": "2.1", "id": "relationship--8adc819f-7bb3-4d49-a3da-e9d53e4aade5", "created": "2022-05-13T14:20:49.114254Z", "modified": "2022-05-13T14:20:49.114254Z", "relationship_type": "indicates", "source_ref": "indicator--d2fc5d9d-f771-4a1b-af51-71d22437eba3", "target_ref": "attack-pattern--89e3952e-e71d-4396-8138-e77f5e073b98"}, {"type": "relationship", "spec_version": "2.1", "id": "relationship--7210d11f-6ef4-4eb1-8aa9-93b5a893c1cf", "created": "2022-05-13T14:20:49.114254Z", "modified": "2022-05-13T14:20:49.114254Z", "relationship_type": "indicates", "source_ref": "indicator--d2fc5d9d-f771-4a1b-af51-71d22437eba3", "target_ref": "attack-pattern--fc2f640f-50d8-41ae-a654-d48736d15813"}]}