{"type": "bundle", "id": "bundle--16b59585-a672-4045-a8e1-350c24eac242", "objects": [{"type": "identity", "spec_version": "2.1", "id": "identity--a7ab89c4-bec3-432e-ad57-35760144f745", "created": "2022-05-13T14:12:32.331579Z", "modified": "2022-05-13T14:12:32.331579Z", "name": "Bournemouth University CERT"}, {"type": "malware", "spec_version": "2.1", "id": "malware--9a9ae7fb-d999-494e-a8b3-c45f78d0f7ab", "created": "2022-05-13T14:12:32.332589Z", "modified": "2022-05-13T14:12:32.332589Z", "name": "Hermetic Isaac Wiper Malware", "description": "Hermetic Isaac Wiper Malware", "is_family": false}, {"type": "indicator", "spec_version": "2.1", "id": "indicator--2382f4f2-396b-4a8f-8d19-503f929d4455", "created_by_ref": "identity--a7ab89c4-bec3-432e-ad57-35760144f745", "created": "2022-05-13T14:12:32.332589Z", "modified": "2022-05-13T14:12:32.332589Z", "name": "Malicious MD5 - 382fc1a3c5225fceb672eea13f572a38", "description": "Malicious MD5 involved with Hermetic Isaac Wiper Malware", "pattern": "[file:hashes.MD5 = '382fc1a3c5225fceb672eea13f572a38']", "pattern_type": "stix", "pattern_version": "2.1", "valid_from": "2022-05-13T15:12:32.332589Z", "labels": ["malicious-activity"]}, {"type": "relationship", "spec_version": "2.1", "id": "relationship--bba13878-c22c-40a2-9dbd-005c31df0fa3", "created": "2022-05-13T14:12:32.354264Z", "modified": "2022-05-13T14:12:32.354264Z", "relationship_type": "indicates", "source_ref": "indicator--2382f4f2-396b-4a8f-8d19-503f929d4455", "target_ref": "malware--9a9ae7fb-d999-494e-a8b3-c45f78d0f7ab"}, {"type": "indicator", "spec_version": "2.1", "id": "indicator--d098b4e1-4531-427c-b5a4-b27a4a12ca5c", "created_by_ref": "identity--a7ab89c4-bec3-432e-ad57-35760144f745", "created": "2022-05-13T14:12:32.354507Z", "modified": "2022-05-13T14:12:32.354507Z", "name": "Malicious MD5 - 3f4a16b29f2f0532b7ce3e7656799125", "description": "Malicious MD5 involved with Hermetic Isaac Wiper Malware", "pattern": "[file:hashes.MD5 = '3f4a16b29f2f0532b7ce3e7656799125']", "pattern_type": "stix", "pattern_version": "2.1", "valid_from": "2022-05-13T15:12:32.354507Z", "labels": ["malicious-activity"]}, {"type": "relationship", "spec_version": "2.1", "id": "relationship--feb4da78-ac36-43de-9d0a-8aca98c26096", "created": "2022-05-13T14:12:32.357223Z", "modified": "2022-05-13T14:12:32.357223Z", "relationship_type": "indicates", "source_ref": "indicator--d098b4e1-4531-427c-b5a4-b27a4a12ca5c", "target_ref": "malware--9a9ae7fb-d999-494e-a8b3-c45f78d0f7ab"}, {"type": "indicator", "spec_version": "2.1", "id": "indicator--5e9c22a6-b733-486b-a375-2f4628c20f44", "created_by_ref": "identity--a7ab89c4-bec3-432e-ad57-35760144f745", "created": "2022-05-13T14:12:32.357223Z", "modified": "2022-05-13T14:12:32.357223Z", "name": "Malicious MD5 - 5d1122d01501e65a718e565178b301a8", "description": "Malicious MD5 involved with Hermetic Isaac Wiper Malware", "pattern": "[file:hashes.MD5 = '5d1122d01501e65a718e565178b301a8']", "pattern_type": "stix", "pattern_version": "2.1", "valid_from": "2022-05-13T15:12:32.357223Z", "labels": ["malicious-activity"]}, {"type": "relationship", "spec_version": "2.1", "id": "relationship--67683fec-125c-4928-a472-1a609e6ddfba", "created": "2022-05-13T14:12:32.360214Z", "modified": "2022-05-13T14:12:32.360214Z", "relationship_type": "indicates", "source_ref": "indicator--5e9c22a6-b733-486b-a375-2f4628c20f44", "target_ref": "malware--9a9ae7fb-d999-494e-a8b3-c45f78d0f7ab"}, {"type": "indicator", "spec_version": "2.1", "id": "indicator--7ef51ab9-7245-4799-ac30-15f600ef9470", "created_by_ref": "identity--a7ab89c4-bec3-432e-ad57-35760144f745", "created": "2022-05-13T14:12:32.360214Z", "modified": "2022-05-13T14:12:32.360214Z", "name": "Malicious MD5 - 6983f7001de10f4d19fc2d794c3eb534", "description": "Malicious MD5 involved with Hermetic Isaac Wiper Malware", "pattern": "[file:hashes.MD5 = '6983f7001de10f4d19fc2d794c3eb534']", "pattern_type": "stix", "pattern_version": "2.1", "valid_from": "2022-05-13T15:12:32.360214Z", "labels": ["malicious-activity"]}, {"type": "relationship", "spec_version": "2.1", "id": "relationship--ba019702-5899-4861-acf2-3dc0949b915b", "created": "2022-05-13T14:12:32.362405Z", "modified": "2022-05-13T14:12:32.362405Z", "relationship_type": "indicates", "source_ref": "indicator--7ef51ab9-7245-4799-ac30-15f600ef9470", "target_ref": "malware--9a9ae7fb-d999-494e-a8b3-c45f78d0f7ab"}, {"type": "indicator", "spec_version": "2.1", "id": "indicator--f6fd5aaf-ee25-46cf-a39e-5171624d99fb", "created_by_ref": "identity--a7ab89c4-bec3-432e-ad57-35760144f745", "created": "2022-05-13T14:12:32.362405Z", "modified": "2022-05-13T14:12:32.362405Z", "name": "Malicious MD5 - 6c10466ad7c153e7f949fa3c6600b6ac", "description": "Malicious MD5 involved with Hermetic Isaac Wiper Malware", "pattern": "[file:hashes.MD5 = '6c10466ad7c153e7f949fa3c6600b6ac']", "pattern_type": "stix", "pattern_version": "2.1", "valid_from": "2022-05-13T15:12:32.362405Z", "labels": ["malicious-activity"]}, {"type": "relationship", "spec_version": "2.1", "id": "relationship--8178fd3d-b89f-4ef8-864d-8105d1fd1383", "created": "2022-05-13T14:12:32.363523Z", "modified": "2022-05-13T14:12:32.363523Z", "relationship_type": "indicates", "source_ref": "indicator--f6fd5aaf-ee25-46cf-a39e-5171624d99fb", "target_ref": "malware--9a9ae7fb-d999-494e-a8b3-c45f78d0f7ab"}, {"type": "indicator", "spec_version": "2.1", "id": "indicator--9c442b91-359a-4511-ab01-49aba3e5b8aa", "created_by_ref": "identity--a7ab89c4-bec3-432e-ad57-35760144f745", "created": "2022-05-13T14:12:32.364437Z", "modified": "2022-05-13T14:12:32.364437Z", "name": "Malicious MD5 - 84ba0197920fd3e2b7dfa719fee09d2f", "description": "Malicious MD5 involved with Hermetic Isaac Wiper Malware", "pattern": "[file:hashes.MD5 = '84ba0197920fd3e2b7dfa719fee09d2f']", "pattern_type": "stix", "pattern_version": "2.1", "valid_from": "2022-05-13T15:12:32.363523Z", "labels": ["malicious-activity"]}, {"type": "relationship", "spec_version": "2.1", "id": "relationship--233ab054-7c35-4ecf-b81d-190976dada92", "created": "2022-05-13T14:12:32.365432Z", "modified": "2022-05-13T14:12:32.365432Z", "relationship_type": "indicates", "source_ref": "indicator--9c442b91-359a-4511-ab01-49aba3e5b8aa", "target_ref": "malware--9a9ae7fb-d999-494e-a8b3-c45f78d0f7ab"}, {"type": "indicator", "spec_version": "2.1", "id": "indicator--ae41a9a7-7acc-4736-872e-576470b13ec6", "created_by_ref": "identity--a7ab89c4-bec3-432e-ad57-35760144f745", "created": "2022-05-13T14:12:32.365432Z", "modified": "2022-05-13T14:12:32.365432Z", "name": "Malicious MD5 - d5d2c4ac6c724cd63b69ca054713e278", "description": "Malicious MD5 involved with Hermetic Isaac Wiper Malware", "pattern": "[file:hashes.MD5 = 'd5d2c4ac6c724cd63b69ca054713e278']", "pattern_type": "stix", "pattern_version": "2.1", "valid_from": "2022-05-13T15:12:32.365432Z", "labels": ["malicious-activity"]}, {"type": "relationship", "spec_version": "2.1", "id": "relationship--4260409e-8bce-45dc-8bfa-090b8702432d", "created": "2022-05-13T14:12:32.367442Z", "modified": "2022-05-13T14:12:32.367442Z", "relationship_type": "indicates", "source_ref": "indicator--ae41a9a7-7acc-4736-872e-576470b13ec6", "target_ref": "malware--9a9ae7fb-d999-494e-a8b3-c45f78d0f7ab"}, {"type": "indicator", "spec_version": "2.1", "id": "indicator--72edbf50-1cb8-4cda-bf96-8fc7ad8cc380", "created_by_ref": "identity--a7ab89c4-bec3-432e-ad57-35760144f745", "created": "2022-05-13T14:12:32.367442Z", "modified": "2022-05-13T14:12:32.367442Z", "name": "Malicious MD5 - decc2726599edcae8d1d1d0ca99d83a6", "description": "Malicious MD5 involved with Hermetic Isaac Wiper Malware", "pattern": "[file:hashes.MD5 = 'decc2726599edcae8d1d1d0ca99d83a6']", "pattern_type": "stix", "pattern_version": "2.1", "valid_from": "2022-05-13T15:12:32.367442Z", "labels": ["malicious-activity"]}, {"type": "relationship", "spec_version": "2.1", "id": "relationship--07e0e540-26f1-44e4-af69-1b574a0456e9", "created": "2022-05-13T14:12:32.36888Z", "modified": "2022-05-13T14:12:32.36888Z", "relationship_type": "indicates", "source_ref": "indicator--72edbf50-1cb8-4cda-bf96-8fc7ad8cc380", "target_ref": "malware--9a9ae7fb-d999-494e-a8b3-c45f78d0f7ab"}, {"type": "indicator", "spec_version": "2.1", "id": "indicator--761bb323-9e45-4b6a-8f61-86f003898847", "created_by_ref": "identity--a7ab89c4-bec3-432e-ad57-35760144f745", "created": "2022-05-13T14:12:32.36944Z", "modified": "2022-05-13T14:12:32.36944Z", "name": "Malicious MD5 - ecce8845921a91854ab34bff2623151e", "description": "Malicious MD5 involved with Hermetic Isaac Wiper Malware", "pattern": "[file:hashes.MD5 = 'ecce8845921a91854ab34bff2623151e']", "pattern_type": "stix", "pattern_version": "2.1", "valid_from": "2022-05-13T15:12:32.36944Z", "labels": ["malicious-activity"]}, {"type": "relationship", "spec_version": "2.1", "id": "relationship--9cf4e5cf-8b19-4038-abe7-169a7c5011db", "created": "2022-05-13T14:12:32.370474Z", "modified": "2022-05-13T14:12:32.370474Z", "relationship_type": "indicates", "source_ref": "indicator--761bb323-9e45-4b6a-8f61-86f003898847", "target_ref": "malware--9a9ae7fb-d999-494e-a8b3-c45f78d0f7ab"}, {"type": "indicator", "spec_version": "2.1", "id": "indicator--e0dcf59d-2b0d-4bc3-beff-7149092f4949", "created_by_ref": "identity--a7ab89c4-bec3-432e-ad57-35760144f745", "created": "2022-05-13T14:12:32.370474Z", "modified": "2022-05-13T14:12:32.370474Z", "name": "Malicious MD5 - f1a33b2be4c6215a1c39b45e391a3e85", "description": "Malicious MD5 involved with Hermetic Isaac Wiper Malware", "pattern": "[file:hashes.MD5 = 'f1a33b2be4c6215a1c39b45e391a3e85']", "pattern_type": "stix", "pattern_version": "2.1", "valid_from": "2022-05-13T15:12:32.370474Z", "labels": ["malicious-activity"]}, {"type": "relationship", "spec_version": "2.1", "id": "relationship--b4cfa1c5-e4ce-4eec-beee-45ecaad4cbec", "created": "2022-05-13T14:12:32.372483Z", "modified": "2022-05-13T14:12:32.372483Z", "relationship_type": "indicates", "source_ref": "indicator--e0dcf59d-2b0d-4bc3-beff-7149092f4949", "target_ref": "malware--9a9ae7fb-d999-494e-a8b3-c45f78d0f7ab"}, {"type": "indicator", "spec_version": "2.1", "id": "indicator--fc42bb28-539e-4cd8-9334-7ab6764f7508", "created_by_ref": "identity--a7ab89c4-bec3-432e-ad57-35760144f745", "created": "2022-05-13T14:12:32.373465Z", "modified": "2022-05-13T14:12:32.373465Z", "name": "Malicious SHA1 - 0d8cc992f279ec45e8b8dfd05a700ff1f0437f29", "description": "Malicious SHA1 involved with Hermetic Isaac Wiper Malware", "pattern": "[file:hashes.'SHA-1' = '0d8cc992f279ec45e8b8dfd05a700ff1f0437f29']", "pattern_type": "stix", "pattern_version": "2.1", "valid_from": "2022-05-13T15:12:32.373465Z", "labels": ["malicious-activity"]}, {"type": "relationship", "spec_version": "2.1", "id": "relationship--4316d352-3a1a-47a5-a421-1a83886dcd9e", "created": "2022-05-13T14:12:32.378395Z", "modified": "2022-05-13T14:12:32.378395Z", "relationship_type": "indicates", "source_ref": "indicator--fc42bb28-539e-4cd8-9334-7ab6764f7508", "target_ref": "malware--9a9ae7fb-d999-494e-a8b3-c45f78d0f7ab"}, {"type": "indicator", "spec_version": "2.1", "id": "indicator--8b13ec68-e44e-4bf1-a02c-e5db58180d29", "created_by_ref": "identity--a7ab89c4-bec3-432e-ad57-35760144f745", "created": "2022-05-13T14:12:32.37875Z", "modified": "2022-05-13T14:12:32.37875Z", "name": "Malicious SHA1 - 23873bf2670cf64c2440058130548d4e4da412dd", "description": "Malicious SHA1 involved with Hermetic Isaac Wiper Malware", "pattern": "[file:hashes.'SHA-1' = '23873bf2670cf64c2440058130548d4e4da412dd']", "pattern_type": "stix", "pattern_version": "2.1", "valid_from": "2022-05-13T15:12:32.37875Z", "labels": ["malicious-activity"]}, {"type": "relationship", "spec_version": "2.1", "id": "relationship--0173c5b8-7617-4f5a-ac61-258dd79b8096", "created": "2022-05-13T14:12:32.381387Z", "modified": "2022-05-13T14:12:32.381387Z", "relationship_type": "indicates", "source_ref": "indicator--8b13ec68-e44e-4bf1-a02c-e5db58180d29", "target_ref": "malware--9a9ae7fb-d999-494e-a8b3-c45f78d0f7ab"}, {"type": "indicator", "spec_version": "2.1", "id": "indicator--5ac35796-3eb8-41e4-8d70-e6ac7621a413", "created_by_ref": "identity--a7ab89c4-bec3-432e-ad57-35760144f745", "created": "2022-05-13T14:12:32.381387Z", "modified": "2022-05-13T14:12:32.381387Z", "name": "Malicious SHA1 - 5ba988916d175d5887fb200b8c15a7e76e1fbd20", "description": "Malicious SHA1 involved with Hermetic Isaac Wiper Malware", "pattern": "[file:hashes.'SHA-1' = '5ba988916d175d5887fb200b8c15a7e76e1fbd20']", "pattern_type": "stix", "pattern_version": "2.1", "valid_from": "2022-05-13T15:12:32.381387Z", "labels": ["malicious-activity"]}, {"type": "relationship", "spec_version": "2.1", "id": "relationship--bc5f83ee-0f06-4576-af56-1d975e50c45b", "created": "2022-05-13T14:12:32.384403Z", "modified": "2022-05-13T14:12:32.384403Z", "relationship_type": "indicates", "source_ref": "indicator--5ac35796-3eb8-41e4-8d70-e6ac7621a413", "target_ref": "malware--9a9ae7fb-d999-494e-a8b3-c45f78d0f7ab"}, {"type": "indicator", "spec_version": "2.1", "id": "indicator--0631c59b-d3c3-473d-8240-de1785a84198", "created_by_ref": "identity--a7ab89c4-bec3-432e-ad57-35760144f745", "created": "2022-05-13T14:12:32.384403Z", "modified": "2022-05-13T14:12:32.384403Z", "name": "Malicious SHA1 - 5d009f79383a81622eefd8b183efb23fbf96a62f", "description": "Malicious SHA1 involved with Hermetic Isaac Wiper Malware", "pattern": "[file:hashes.'SHA-1' = '5d009f79383a81622eefd8b183efb23fbf96a62f']", "pattern_type": "stix", "pattern_version": "2.1", "valid_from": "2022-05-13T15:12:32.384403Z", "labels": ["malicious-activity"]}, {"type": "relationship", "spec_version": "2.1", "id": "relationship--800cea91-9255-4f28-9863-9cc698217cca", "created": "2022-05-13T14:12:32.386376Z", "modified": "2022-05-13T14:12:32.386376Z", "relationship_type": "indicates", "source_ref": "indicator--0631c59b-d3c3-473d-8240-de1785a84198", "target_ref": "malware--9a9ae7fb-d999-494e-a8b3-c45f78d0f7ab"}, {"type": "indicator", "spec_version": "2.1", "id": "indicator--12d6d653-413f-4af8-be2f-8a46a4cbbd1d", "created_by_ref": "identity--a7ab89c4-bec3-432e-ad57-35760144f745", "created": "2022-05-13T14:12:32.387388Z", "modified": "2022-05-13T14:12:32.387388Z", "name": "Malicious SHA1 - 61b25d11392172e587d8da3045812a66c3385451", "description": "Malicious SHA1 involved with Hermetic Isaac Wiper Malware", "pattern": "[file:hashes.'SHA-1' = '61b25d11392172e587d8da3045812a66c3385451']", "pattern_type": "stix", "pattern_version": "2.1", "valid_from": "2022-05-13T15:12:32.387388Z", "labels": ["malicious-activity"]}, {"type": "relationship", "spec_version": "2.1", "id": "relationship--7075851b-78b2-49af-8951-ad3ee266cfd3", "created": "2022-05-13T14:12:32.389385Z", "modified": "2022-05-13T14:12:32.389385Z", "relationship_type": "indicates", "source_ref": "indicator--12d6d653-413f-4af8-be2f-8a46a4cbbd1d", "target_ref": "malware--9a9ae7fb-d999-494e-a8b3-c45f78d0f7ab"}, {"type": "indicator", "spec_version": "2.1", "id": "indicator--9e9f0392-7193-43a2-969f-1f0ab2cecb76", "created_by_ref": "identity--a7ab89c4-bec3-432e-ad57-35760144f745", "created": "2022-05-13T14:12:32.390383Z", "modified": "2022-05-13T14:12:32.390383Z", "name": "Malicious SHA1 - 736a4cfad1ed83a6a0b75b0474d5e01a3a36f950", "description": "Malicious SHA1 involved with Hermetic Isaac Wiper Malware", "pattern": "[file:hashes.'SHA-1' = '736a4cfad1ed83a6a0b75b0474d5e01a3a36f950']", "pattern_type": "stix", "pattern_version": "2.1", "valid_from": "2022-05-13T15:12:32.390383Z", "labels": ["malicious-activity"]}, {"type": "relationship", "spec_version": "2.1", "id": "relationship--6440750d-765f-42ca-a94b-bfaebbe442a0", "created": "2022-05-13T14:12:32.392406Z", "modified": "2022-05-13T14:12:32.392406Z", "relationship_type": "indicates", "source_ref": "indicator--9e9f0392-7193-43a2-969f-1f0ab2cecb76", "target_ref": "malware--9a9ae7fb-d999-494e-a8b3-c45f78d0f7ab"}, {"type": "indicator", "spec_version": "2.1", "id": "indicator--f5c73518-cfab-475a-91f9-4b6b16ca6ff4", "created_by_ref": "identity--a7ab89c4-bec3-432e-ad57-35760144f745", "created": "2022-05-13T14:12:32.393712Z", "modified": "2022-05-13T14:12:32.393712Z", "name": "Malicious SHA1 - 912342f1c840a42f6b74132f8a7c4ffe7d40fb77", "description": "Malicious SHA1 involved with Hermetic Isaac Wiper Malware", "pattern": "[file:hashes.'SHA-1' = '912342f1c840a42f6b74132f8a7c4ffe7d40fb77']", "pattern_type": "stix", "pattern_version": "2.1", "valid_from": "2022-05-13T15:12:32.393712Z", "labels": ["malicious-activity"]}, {"type": "relationship", "spec_version": "2.1", "id": "relationship--c0e27160-6326-4751-b993-9543d9416bd2", "created": "2022-05-13T14:12:32.395397Z", "modified": "2022-05-13T14:12:32.395397Z", "relationship_type": "indicates", "source_ref": "indicator--f5c73518-cfab-475a-91f9-4b6b16ca6ff4", "target_ref": "malware--9a9ae7fb-d999-494e-a8b3-c45f78d0f7ab"}, {"type": "indicator", "spec_version": "2.1", "id": "indicator--1cc39e29-b108-43b2-8381-7276b9e1baf8", "created_by_ref": "identity--a7ab89c4-bec3-432e-ad57-35760144f745", "created": "2022-05-13T14:12:32.395397Z", "modified": "2022-05-13T14:12:32.395397Z", "name": "Malicious SHA1 - 9518e4ae0862ae871cf9fb634b50b07c66a2c379", "description": "Malicious SHA1 involved with Hermetic Isaac Wiper Malware", "pattern": "[file:hashes.'SHA-1' = '9518e4ae0862ae871cf9fb634b50b07c66a2c379']", "pattern_type": "stix", "pattern_version": "2.1", "valid_from": "2022-05-13T15:12:32.395397Z", "labels": ["malicious-activity"]}, {"type": "relationship", "spec_version": "2.1", "id": "relationship--5b8bdde2-a570-4fd7-8043-f6e92d312a6b", "created": "2022-05-13T14:12:32.397385Z", "modified": "2022-05-13T14:12:32.397385Z", "relationship_type": "indicates", "source_ref": "indicator--1cc39e29-b108-43b2-8381-7276b9e1baf8", "target_ref": "malware--9a9ae7fb-d999-494e-a8b3-c45f78d0f7ab"}, {"type": "indicator", "spec_version": "2.1", "id": "indicator--b9891a96-5785-4e3b-a418-b62a5bfa9b14", "created_by_ref": "identity--a7ab89c4-bec3-432e-ad57-35760144f745", "created": "2022-05-13T14:12:32.397385Z", "modified": "2022-05-13T14:12:32.397385Z", "name": "Malicious SHA1 - d9a3596af0463797df4ff25b7999184946e3bfa2", "description": "Malicious SHA1 involved with Hermetic Isaac Wiper Malware", "pattern": "[file:hashes.'SHA-1' = 'd9a3596af0463797df4ff25b7999184946e3bfa2']", "pattern_type": "stix", "pattern_version": "2.1", "valid_from": "2022-05-13T15:12:32.397385Z", "labels": ["malicious-activity"]}, {"type": "relationship", "spec_version": "2.1", "id": "relationship--68365522-a330-4dac-b078-a2b1e1d4e786", "created": "2022-05-13T14:12:32.398363Z", "modified": "2022-05-13T14:12:32.398363Z", "relationship_type": "indicates", "source_ref": "indicator--b9891a96-5785-4e3b-a418-b62a5bfa9b14", "target_ref": "malware--9a9ae7fb-d999-494e-a8b3-c45f78d0f7ab"}, {"type": "indicator", "spec_version": "2.1", "id": "indicator--5c734f9b-7633-442e-8cc8-b44f9fff0481", "created_by_ref": "identity--a7ab89c4-bec3-432e-ad57-35760144f745", "created": "2022-05-13T14:12:32.399362Z", "modified": "2022-05-13T14:12:32.399362Z", "name": "Malicious SHA1 - f32d791ec9e6385a91b45942c230f52aff1626df", "description": "Malicious SHA1 involved with Hermetic Isaac Wiper Malware", "pattern": "[file:hashes.'SHA-1' = 'f32d791ec9e6385a91b45942c230f52aff1626df']", "pattern_type": "stix", "pattern_version": "2.1", "valid_from": "2022-05-13T15:12:32.399362Z", "labels": ["malicious-activity"]}, {"type": "relationship", "spec_version": "2.1", "id": "relationship--6ad15a7a-eb7c-4545-a991-017b3f4b2225", "created": "2022-05-13T14:12:32.400384Z", "modified": "2022-05-13T14:12:32.400384Z", "relationship_type": "indicates", "source_ref": "indicator--5c734f9b-7633-442e-8cc8-b44f9fff0481", "target_ref": "malware--9a9ae7fb-d999-494e-a8b3-c45f78d0f7ab"}, {"type": "indicator", "spec_version": "2.1", "id": "indicator--475f5817-5684-4586-9143-27ecb8219dc8", "created_by_ref": "identity--a7ab89c4-bec3-432e-ad57-35760144f745", "created": "2022-05-13T14:12:32.400384Z", "modified": "2022-05-13T14:12:32.400384Z", "name": "Malicious SHA256 - 0385eeab00e946a302b24a91dea4187c1210597b8e17cd9e2230450f5ece21da", "description": "Malicious SHA256 involved with Hermetic Isaac Wiper Malware", "pattern": "[file:hashes.'SHA-256' = '0385eeab00e946a302b24a91dea4187c1210597b8e17cd9e2230450f5ece21da']", "pattern_type": "stix", "pattern_version": "2.1", "valid_from": "2022-05-13T15:12:32.400384Z", "labels": ["malicious-activity"]}, {"type": "relationship", "spec_version": "2.1", "id": "relationship--19b1a981-9343-4c90-ad45-c5646e3d9289", "created": "2022-05-13T14:12:32.402378Z", "modified": "2022-05-13T14:12:32.402378Z", "relationship_type": "indicates", "source_ref": "indicator--475f5817-5684-4586-9143-27ecb8219dc8", "target_ref": "malware--9a9ae7fb-d999-494e-a8b3-c45f78d0f7ab"}, {"type": "indicator", "spec_version": "2.1", "id": "indicator--dbe32c1b-5bac-4475-9a89-4f8910e0d3b7", "created_by_ref": "identity--a7ab89c4-bec3-432e-ad57-35760144f745", "created": "2022-05-13T14:12:32.402378Z", "modified": "2022-05-13T14:12:32.402378Z", "name": "Malicious SHA256 - 06086c1da4590dcc7f1e10a6be3431e1166286a9e7761f2de9de79d7fda9c397", "description": "Malicious SHA256 involved with Hermetic Isaac Wiper Malware", "pattern": "[file:hashes.'SHA-256' = '06086c1da4590dcc7f1e10a6be3431e1166286a9e7761f2de9de79d7fda9c397']", "pattern_type": "stix", "pattern_version": "2.1", "valid_from": "2022-05-13T15:12:32.402378Z", "labels": ["malicious-activity"]}, {"type": "relationship", "spec_version": "2.1", "id": "relationship--e0a8cfc8-fc28-4bfd-a2eb-1d2654a68c4c", "created": "2022-05-13T14:12:32.404374Z", "modified": "2022-05-13T14:12:32.404374Z", "relationship_type": "indicates", "source_ref": "indicator--dbe32c1b-5bac-4475-9a89-4f8910e0d3b7", "target_ref": "malware--9a9ae7fb-d999-494e-a8b3-c45f78d0f7ab"}, {"type": "indicator", "spec_version": "2.1", "id": "indicator--d69b6f70-f5bc-4e24-9cc9-59773620319d", "created_by_ref": "identity--a7ab89c4-bec3-432e-ad57-35760144f745", "created": "2022-05-13T14:12:32.404374Z", "modified": "2022-05-13T14:12:32.404374Z", "name": "Malicious SHA256 - 13037b749aa4b1eda538fda26d6ac41c8f7b1d02d83f47b0d187dd645154e033", "description": "Malicious SHA256 involved with Hermetic Isaac Wiper Malware", "pattern": "[file:hashes.'SHA-256' = '13037b749aa4b1eda538fda26d6ac41c8f7b1d02d83f47b0d187dd645154e033']", "pattern_type": "stix", "pattern_version": "2.1", "valid_from": "2022-05-13T15:12:32.404374Z", "labels": ["malicious-activity"]}, {"type": "relationship", "spec_version": "2.1", "id": "relationship--ecd4081e-b897-4d4a-9ef3-2e7b773dcdbb", "created": "2022-05-13T14:12:32.406342Z", "modified": "2022-05-13T14:12:32.406342Z", "relationship_type": "indicates", "source_ref": "indicator--d69b6f70-f5bc-4e24-9cc9-59773620319d", "target_ref": "malware--9a9ae7fb-d999-494e-a8b3-c45f78d0f7ab"}, {"type": "indicator", "spec_version": "2.1", "id": "indicator--6a5b46c9-2f26-4d0a-b4f1-2f0f46234493", "created_by_ref": "identity--a7ab89c4-bec3-432e-ad57-35760144f745", "created": "2022-05-13T14:12:32.406342Z", "modified": "2022-05-13T14:12:32.406342Z", "name": "Malicious SHA256 - 1bc44eef75779e3ca1eefb8ff5a64807dbc942b1e4a2672d77b9f6928d292591", "description": "Malicious SHA256 involved with Hermetic Isaac Wiper Malware", "pattern": "[file:hashes.'SHA-256' = '1bc44eef75779e3ca1eefb8ff5a64807dbc942b1e4a2672d77b9f6928d292591']", "pattern_type": "stix", "pattern_version": "2.1", "valid_from": "2022-05-13T15:12:32.406342Z", "labels": ["malicious-activity"]}, {"type": "relationship", "spec_version": "2.1", "id": "relationship--46ea0fa0-e88b-4309-9d38-0b8be00300a7", "created": "2022-05-13T14:12:32.408245Z", "modified": "2022-05-13T14:12:32.408245Z", "relationship_type": "indicates", "source_ref": "indicator--6a5b46c9-2f26-4d0a-b4f1-2f0f46234493", "target_ref": "malware--9a9ae7fb-d999-494e-a8b3-c45f78d0f7ab"}, {"type": "indicator", "spec_version": "2.1", "id": "indicator--d4d9eb6c-109e-4eea-9658-c9d265e3bd1a", "created_by_ref": "identity--a7ab89c4-bec3-432e-ad57-35760144f745", "created": "2022-05-13T14:12:32.408245Z", "modified": "2022-05-13T14:12:32.408245Z", "name": "Malicious SHA256 - 2c10b2ec0b995b88c27d141d6f7b14d6b8177c52818687e4ff8e6ecf53adf5bf", "description": "Malicious SHA256 involved with Hermetic Isaac Wiper Malware", "pattern": "[file:hashes.'SHA-256' = '2c10b2ec0b995b88c27d141d6f7b14d6b8177c52818687e4ff8e6ecf53adf5bf']", "pattern_type": "stix", "pattern_version": "2.1", "valid_from": "2022-05-13T15:12:32.408245Z", "labels": ["malicious-activity"]}, {"type": "relationship", "spec_version": "2.1", "id": "relationship--eca70014-bb85-4633-8dc2-d2e6f32abc76", "created": "2022-05-13T14:12:32.409244Z", "modified": "2022-05-13T14:12:32.409244Z", "relationship_type": "indicates", "source_ref": "indicator--d4d9eb6c-109e-4eea-9658-c9d265e3bd1a", "target_ref": "malware--9a9ae7fb-d999-494e-a8b3-c45f78d0f7ab"}, {"type": "indicator", "spec_version": "2.1", "id": "indicator--d8a997b2-8bcc-4b8b-9a67-0e870c6b7d96", "created_by_ref": "identity--a7ab89c4-bec3-432e-ad57-35760144f745", "created": "2022-05-13T14:12:32.410266Z", "modified": "2022-05-13T14:12:32.410266Z", "name": "Malicious SHA256 - 3c2fe308c0a563e06263bbacf793bbe9b2259d795fcc36b953793a7e499e7f71", "description": "Malicious SHA256 involved with Hermetic Isaac Wiper Malware", "pattern": "[file:hashes.'SHA-256' = '3c2fe308c0a563e06263bbacf793bbe9b2259d795fcc36b953793a7e499e7f71']", "pattern_type": "stix", "pattern_version": "2.1", "valid_from": "2022-05-13T15:12:32.410266Z", "labels": ["malicious-activity"]}, {"type": "relationship", "spec_version": "2.1", "id": "relationship--de700e29-20f1-4f29-9462-ad997fcc85ee", "created": "2022-05-13T14:12:32.410266Z", "modified": "2022-05-13T14:12:32.410266Z", "relationship_type": "indicates", "source_ref": "indicator--d8a997b2-8bcc-4b8b-9a67-0e870c6b7d96", "target_ref": "malware--9a9ae7fb-d999-494e-a8b3-c45f78d0f7ab"}, {"type": "indicator", "spec_version": "2.1", "id": "indicator--617c87f4-7933-47bd-a98a-4ddb053dd0b4", "created_by_ref": "identity--a7ab89c4-bec3-432e-ad57-35760144f745", "created": "2022-05-13T14:12:32.410266Z", "modified": "2022-05-13T14:12:32.410266Z", "name": "Malicious SHA256 - 3c557727953a8f6b4788984464fb77741b821991acbf5e746aebdd02615b1767", "description": "Malicious SHA256 involved with Hermetic Isaac Wiper Malware", "pattern": "[file:hashes.'SHA-256' = '3c557727953a8f6b4788984464fb77741b821991acbf5e746aebdd02615b1767']", "pattern_type": "stix", "pattern_version": "2.1", "valid_from": "2022-05-13T15:12:32.410266Z", "labels": ["malicious-activity"]}, {"type": "relationship", "spec_version": "2.1", "id": "relationship--286770dd-cecb-46f5-a125-d56afdb76d22", "created": "2022-05-13T14:12:32.410266Z", "modified": "2022-05-13T14:12:32.410266Z", "relationship_type": "indicates", "source_ref": "indicator--617c87f4-7933-47bd-a98a-4ddb053dd0b4", "target_ref": "malware--9a9ae7fb-d999-494e-a8b3-c45f78d0f7ab"}, {"type": "indicator", "spec_version": "2.1", "id": "indicator--c570f054-af23-499a-bb42-707505046fca", "created_by_ref": "identity--a7ab89c4-bec3-432e-ad57-35760144f745", "created": "2022-05-13T14:12:32.410266Z", "modified": "2022-05-13T14:12:32.410266Z", "name": "Malicious SHA256 - 4aa186b5fdcc8248a9672bf21241f77dd395872ec4876c90af5d27ae565e4cb7", "description": "Malicious SHA256 involved with Hermetic Isaac Wiper Malware", "pattern": "[file:hashes.'SHA-256' = '4aa186b5fdcc8248a9672bf21241f77dd395872ec4876c90af5d27ae565e4cb7']", "pattern_type": "stix", "pattern_version": "2.1", "valid_from": "2022-05-13T15:12:32.410266Z", "labels": ["malicious-activity"]}, {"type": "relationship", "spec_version": "2.1", "id": "relationship--6993fa9c-4593-4090-b0d6-ad10f8f33bef", "created": "2022-05-13T14:12:32.414542Z", "modified": "2022-05-13T14:12:32.414542Z", "relationship_type": "indicates", "source_ref": "indicator--c570f054-af23-499a-bb42-707505046fca", "target_ref": "malware--9a9ae7fb-d999-494e-a8b3-c45f78d0f7ab"}, {"type": "indicator", "spec_version": "2.1", "id": "indicator--c68c5462-9fbc-4ae3-992b-0c6cf3484ebb", "created_by_ref": "identity--a7ab89c4-bec3-432e-ad57-35760144f745", "created": "2022-05-13T14:12:32.415567Z", "modified": "2022-05-13T14:12:32.415567Z", "name": "Malicious SHA256 - 4dc13bb83a16d4ff9865a51b3e4d24112327c526c1392e14d56f20d6f4eaf382", "description": "Malicious SHA256 involved with Hermetic Isaac Wiper Malware", "pattern": "[file:hashes.'SHA-256' = '4dc13bb83a16d4ff9865a51b3e4d24112327c526c1392e14d56f20d6f4eaf382']", "pattern_type": "stix", "pattern_version": "2.1", "valid_from": "2022-05-13T15:12:32.415567Z", "labels": ["malicious-activity"]}, {"type": "relationship", "spec_version": "2.1", "id": "relationship--fb5a7e8f-7eb0-4b6b-a3bf-13fbdb054fdd", "created": "2022-05-13T14:12:32.416684Z", "modified": "2022-05-13T14:12:32.416684Z", "relationship_type": "indicates", "source_ref": "indicator--c68c5462-9fbc-4ae3-992b-0c6cf3484ebb", "target_ref": "malware--9a9ae7fb-d999-494e-a8b3-c45f78d0f7ab"}, {"type": "indicator", "spec_version": "2.1", "id": "indicator--05e1fba1-1840-498f-8649-9f52ce73e35e", "created_by_ref": "identity--a7ab89c4-bec3-432e-ad57-35760144f745", "created": "2022-05-13T14:12:32.417216Z", "modified": "2022-05-13T14:12:32.417216Z", "name": "Malicious SHA256 - 7bcd4ec18fc4a56db30e0aaebd44e2988f98f7b5d8c14f6689f650b4f11e16c0", "description": "Malicious SHA256 involved with Hermetic Isaac Wiper Malware", "pattern": "[file:hashes.'SHA-256' = '7bcd4ec18fc4a56db30e0aaebd44e2988f98f7b5d8c14f6689f650b4f11e16c0']", "pattern_type": "stix", "pattern_version": "2.1", "valid_from": "2022-05-13T15:12:32.416684Z", "labels": ["malicious-activity"]}, {"type": "relationship", "spec_version": "2.1", "id": "relationship--116f0bd7-dd0e-4537-9562-7d4e7289fdf3", "created": "2022-05-13T14:12:32.418264Z", "modified": "2022-05-13T14:12:32.418264Z", "relationship_type": "indicates", "source_ref": "indicator--05e1fba1-1840-498f-8649-9f52ce73e35e", "target_ref": "malware--9a9ae7fb-d999-494e-a8b3-c45f78d0f7ab"}]}