{"type": "bundle", "id": "bundle--3ea5f235-3baa-4e2e-998a-67a0c9484abd", "objects": [{"type": "identity", "spec_version": "2.1", "id": "identity--210617a8-40a2-4cf2-9ae5-3fe2c0d05f53", "created": "2022-05-13T14:13:40.097452Z", "modified": "2022-05-13T14:13:40.097452Z", "name": "Bournemouth University CERT"}, {"type": "malware", "spec_version": "2.1", "id": "malware--2669a5ed-a033-4139-b4f0-03dac711afa7", "created": "2022-05-13T14:13:40.098453Z", "modified": "2022-05-13T14:13:40.098453Z", "name": "New Hermetic Wiper Malware", "description": "New Hermetic Wiper Malware", "is_family": false}, {"type": "indicator", "spec_version": "2.1", "id": "indicator--63395dfd-3df5-41df-9059-a1867c3c04da", "created_by_ref": "identity--210617a8-40a2-4cf2-9ae5-3fe2c0d05f53", "created": "2022-05-13T14:13:40.098453Z", "modified": "2022-05-13T14:13:40.098453Z", "name": "Malicious MD5 - 095a1678021b034903c85dd5acb447ad", "description": "Malicious MD5 involved with New Hermetic Wiper Malware", "pattern": "[file:hashes.MD5 = '095a1678021b034903c85dd5acb447ad']", "pattern_type": "stix", "pattern_version": "2.1", "valid_from": "2022-05-13T15:13:40.098453Z", "labels": ["malicious-activity"]}, {"type": "relationship", "spec_version": "2.1", "id": "relationship--354f2f3a-43c7-43ba-b3c1-4ddef53ea4a7", "created": "2022-05-13T14:13:40.124329Z", "modified": "2022-05-13T14:13:40.124329Z", "relationship_type": "indicates", "source_ref": "indicator--63395dfd-3df5-41df-9059-a1867c3c04da", "target_ref": "malware--2669a5ed-a033-4139-b4f0-03dac711afa7"}, {"type": "indicator", "spec_version": "2.1", "id": "indicator--32a3ad69-c4f7-4db6-ab0e-35ec41e5cbc5", "created_by_ref": "identity--210617a8-40a2-4cf2-9ae5-3fe2c0d05f53", "created": "2022-05-13T14:13:40.124939Z", "modified": "2022-05-13T14:13:40.124939Z", "name": "Malicious MD5 - 231b3385ac17e41c5bb1b1fcb59599c4", "description": "Malicious MD5 involved with New Hermetic Wiper Malware", "pattern": "[file:hashes.MD5 = '231b3385ac17e41c5bb1b1fcb59599c4']", "pattern_type": "stix", "pattern_version": "2.1", "valid_from": "2022-05-13T15:13:40.124939Z", "labels": ["malicious-activity"]}, {"type": "relationship", "spec_version": "2.1", "id": "relationship--608c8bc6-ab0f-4043-992c-1e9b0de67724", "created": "2022-05-13T14:13:40.1279Z", "modified": "2022-05-13T14:13:40.1279Z", "relationship_type": "indicates", "source_ref": "indicator--32a3ad69-c4f7-4db6-ab0e-35ec41e5cbc5", "target_ref": "malware--2669a5ed-a033-4139-b4f0-03dac711afa7"}, {"type": "indicator", "spec_version": "2.1", "id": "indicator--b16b327b-e6f8-45a4-ba5a-0515f74dc6bd", "created_by_ref": "identity--210617a8-40a2-4cf2-9ae5-3fe2c0d05f53", "created": "2022-05-13T14:13:40.128899Z", "modified": "2022-05-13T14:13:40.128899Z", "name": "Malicious MD5 - a952e288a1ead66490b3275a807f52e5", "description": "Malicious MD5 involved with New Hermetic Wiper Malware", "pattern": "[file:hashes.MD5 = 'a952e288a1ead66490b3275a807f52e5']", "pattern_type": "stix", "pattern_version": "2.1", "valid_from": "2022-05-13T15:13:40.128899Z", "labels": ["malicious-activity"]}, {"type": "relationship", "spec_version": "2.1", "id": "relationship--29a175cd-3b32-48d3-8133-95b2dee03101", "created": "2022-05-13T14:13:40.13189Z", "modified": "2022-05-13T14:13:40.13189Z", "relationship_type": "indicates", "source_ref": "indicator--b16b327b-e6f8-45a4-ba5a-0515f74dc6bd", "target_ref": "malware--2669a5ed-a033-4139-b4f0-03dac711afa7"}, {"type": "indicator", "spec_version": "2.1", "id": "indicator--01498948-ed5c-4718-84ed-462fb20f6dd6", "created_by_ref": "identity--210617a8-40a2-4cf2-9ae5-3fe2c0d05f53", "created": "2022-05-13T14:13:40.13189Z", "modified": "2022-05-13T14:13:40.13189Z", "name": "Malicious MD5 - eb845b7a16ed82bd248e395d9852f467", "description": "Malicious MD5 involved with New Hermetic Wiper Malware", "pattern": "[file:hashes.MD5 = 'eb845b7a16ed82bd248e395d9852f467']", "pattern_type": "stix", "pattern_version": "2.1", "valid_from": "2022-05-13T15:13:40.13189Z", "labels": ["malicious-activity"]}, {"type": "relationship", "spec_version": "2.1", "id": "relationship--25ff1947-94da-46c3-ab3c-85ea47f10d4b", "created": "2022-05-13T14:13:40.133912Z", "modified": "2022-05-13T14:13:40.133912Z", "relationship_type": "indicates", "source_ref": "indicator--01498948-ed5c-4718-84ed-462fb20f6dd6", "target_ref": "malware--2669a5ed-a033-4139-b4f0-03dac711afa7"}, {"type": "indicator", "spec_version": "2.1", "id": "indicator--aeb72cfa-bff8-4521-bb1b-d806cfc072ba", "created_by_ref": "identity--210617a8-40a2-4cf2-9ae5-3fe2c0d05f53", "created": "2022-05-13T14:13:40.133912Z", "modified": "2022-05-13T14:13:40.133912Z", "name": "Malicious SHA1 - 61b25d11392172e587d8da3045812a66c3385451", "description": "Malicious SHA1 involved with New Hermetic Wiper Malware", "pattern": "[file:hashes.'SHA-1' = '61b25d11392172e587d8da3045812a66c3385451']", "pattern_type": "stix", "pattern_version": "2.1", "valid_from": "2022-05-13T15:13:40.133912Z", "labels": ["malicious-activity"]}, {"type": "relationship", "spec_version": "2.1", "id": "relationship--6a55ae6b-00a9-4b39-a4c7-71fff36d6e3d", "created": "2022-05-13T14:13:40.137876Z", "modified": "2022-05-13T14:13:40.137876Z", "relationship_type": "indicates", "source_ref": "indicator--aeb72cfa-bff8-4521-bb1b-d806cfc072ba", "target_ref": "malware--2669a5ed-a033-4139-b4f0-03dac711afa7"}, {"type": "indicator", "spec_version": "2.1", "id": "indicator--7d01b4ee-e1a0-46b2-9b7f-cc09862d6143", "created_by_ref": "identity--210617a8-40a2-4cf2-9ae5-3fe2c0d05f53", "created": "2022-05-13T14:13:40.138873Z", "modified": "2022-05-13T14:13:40.138873Z", "name": "Malicious SHA1 - 912342f1c840a42f6b74132f8a7c4ffe7d40fb77", "description": "Malicious SHA1 involved with New Hermetic Wiper Malware", "pattern": "[file:hashes.'SHA-1' = '912342f1c840a42f6b74132f8a7c4ffe7d40fb77']", "pattern_type": "stix", "pattern_version": "2.1", "valid_from": "2022-05-13T15:13:40.138873Z", "labels": ["malicious-activity"]}, {"type": "relationship", "spec_version": "2.1", "id": "relationship--3a23fb19-3ff6-4312-8b26-467dd06f001f", "created": "2022-05-13T14:13:40.140865Z", "modified": "2022-05-13T14:13:40.140865Z", "relationship_type": "indicates", "source_ref": "indicator--7d01b4ee-e1a0-46b2-9b7f-cc09862d6143", "target_ref": "malware--2669a5ed-a033-4139-b4f0-03dac711afa7"}, {"type": "indicator", "spec_version": "2.1", "id": "indicator--3a737ebf-208c-4f6c-9bc0-7ee702ade3d0", "created_by_ref": "identity--210617a8-40a2-4cf2-9ae5-3fe2c0d05f53", "created": "2022-05-13T14:13:40.141353Z", "modified": "2022-05-13T14:13:40.141353Z", "name": "Malicious SHA256 - 1bc44eef75779e3ca1eefb8ff5a64807dbc942b1e4a2672d77b9f6928d292591", "description": "Malicious SHA256 involved with New Hermetic Wiper Malware", "pattern": "[file:hashes.'SHA-256' = '1bc44eef75779e3ca1eefb8ff5a64807dbc942b1e4a2672d77b9f6928d292591']", "pattern_type": "stix", "pattern_version": "2.1", "valid_from": "2022-05-13T15:13:40.140865Z", "labels": ["malicious-activity"]}, {"type": "relationship", "spec_version": "2.1", "id": "relationship--ac922047-40e2-4ff8-80fe-0b01559f9eb1", "created": "2022-05-13T14:13:40.143857Z", "modified": "2022-05-13T14:13:40.143857Z", "relationship_type": "indicates", "source_ref": "indicator--3a737ebf-208c-4f6c-9bc0-7ee702ade3d0", "target_ref": "malware--2669a5ed-a033-4139-b4f0-03dac711afa7"}, {"type": "indicator", "spec_version": "2.1", "id": "indicator--cf67aba5-9aee-4d22-bb42-7e00067e320a", "created_by_ref": "identity--210617a8-40a2-4cf2-9ae5-3fe2c0d05f53", "created": "2022-05-13T14:13:40.143857Z", "modified": "2022-05-13T14:13:40.143857Z", "name": "Malicious SHA1 - a49d460a3e9f8f66e43200edade373d3c320fb1a", "description": "Malicious SHA1 involved with New Hermetic Wiper Malware", "pattern": "[file:hashes.'SHA-1' = 'a49d460a3e9f8f66e43200edade373d3c320fb1a']", "pattern_type": "stix", "pattern_version": "2.1", "valid_from": "2022-05-13T15:13:40.143857Z", "labels": ["malicious-activity"]}, {"type": "relationship", "spec_version": "2.1", "id": "relationship--ac3a42b0-38af-44ca-80d8-3433d13d9bbf", "created": "2022-05-13T14:13:40.146849Z", "modified": "2022-05-13T14:13:40.146849Z", "relationship_type": "indicates", "source_ref": "indicator--cf67aba5-9aee-4d22-bb42-7e00067e320a", "target_ref": "malware--2669a5ed-a033-4139-b4f0-03dac711afa7"}, {"type": "indicator", "spec_version": "2.1", "id": "indicator--62919055-72fa-4336-b430-f6e743b72451", "created_by_ref": "identity--210617a8-40a2-4cf2-9ae5-3fe2c0d05f53", "created": "2022-05-13T14:13:40.14703Z", "modified": "2022-05-13T14:13:40.14703Z", "name": "Malicious MD5 - 3f4a16b29f2f0532b7ce3e7656799125", "description": "Malicious MD5 involved with New Hermetic Wiper Malware", "pattern": "[file:hashes.MD5 = '3f4a16b29f2f0532b7ce3e7656799125']", "pattern_type": "stix", "pattern_version": "2.1", "valid_from": "2022-05-13T15:13:40.14703Z", "labels": ["malicious-activity"]}, {"type": "relationship", "spec_version": "2.1", "id": "relationship--df782c92-6da0-434a-bb75-c947534f3182", "created": "2022-05-13T14:13:40.149256Z", "modified": "2022-05-13T14:13:40.149256Z", "relationship_type": "indicates", "source_ref": "indicator--62919055-72fa-4336-b430-f6e743b72451", "target_ref": "malware--2669a5ed-a033-4139-b4f0-03dac711afa7"}, {"type": "indicator", "spec_version": "2.1", "id": "indicator--cf5b385e-9961-4469-b6de-8ecdb9d38bc5", "created_by_ref": "identity--210617a8-40a2-4cf2-9ae5-3fe2c0d05f53", "created": "2022-05-13T14:13:40.149537Z", "modified": "2022-05-13T14:13:40.149537Z", "name": "Malicious MD5 - 84ba0197920fd3e2b7dfa719fee09d2f", "description": "Malicious MD5 involved with New Hermetic Wiper Malware", "pattern": "[file:hashes.MD5 = '84ba0197920fd3e2b7dfa719fee09d2f']", "pattern_type": "stix", "pattern_version": "2.1", "valid_from": "2022-05-13T15:13:40.149537Z", "labels": ["malicious-activity"]}, {"type": "relationship", "spec_version": "2.1", "id": "relationship--d7baa6e5-80fc-45ed-9896-efb32ea3bf31", "created": "2022-05-13T14:13:40.151902Z", "modified": "2022-05-13T14:13:40.151902Z", "relationship_type": "indicates", "source_ref": "indicator--cf5b385e-9961-4469-b6de-8ecdb9d38bc5", "target_ref": "malware--2669a5ed-a033-4139-b4f0-03dac711afa7"}, {"type": "indicator", "spec_version": "2.1", "id": "indicator--642cebbc-d2aa-477e-b60f-3b836afbc7b9", "created_by_ref": "identity--210617a8-40a2-4cf2-9ae5-3fe2c0d05f53", "created": "2022-05-13T14:13:40.151902Z", "modified": "2022-05-13T14:13:40.151902Z", "name": "Malicious SHA256 - 0385eeab00e946a302b24a91dea4187c1210597b8e17cd9e2230450f5ece21da", "description": "Malicious SHA256 involved with New Hermetic Wiper Malware", "pattern": "[file:hashes.'SHA-256' = '0385eeab00e946a302b24a91dea4187c1210597b8e17cd9e2230450f5ece21da']", "pattern_type": "stix", "pattern_version": "2.1", "valid_from": "2022-05-13T15:13:40.151902Z", "labels": ["malicious-activity"]}, {"type": "relationship", "spec_version": "2.1", "id": "relationship--014273fd-02ad-40c2-a020-5cd00d1a3171", "created": "2022-05-13T14:13:40.155518Z", "modified": "2022-05-13T14:13:40.155518Z", "relationship_type": "indicates", "source_ref": "indicator--642cebbc-d2aa-477e-b60f-3b836afbc7b9", "target_ref": "malware--2669a5ed-a033-4139-b4f0-03dac711afa7"}, {"type": "indicator", "spec_version": "2.1", "id": "indicator--9a8e14d1-336d-448a-9805-dee09a892263", "created_by_ref": "identity--210617a8-40a2-4cf2-9ae5-3fe2c0d05f53", "created": "2022-05-13T14:13:40.156516Z", "modified": "2022-05-13T14:13:40.156516Z", "name": "Malicious URL - http://download.logins.online/exe/LinK13112020.msi", "description": "Malicious URL involved with New Hermetic Wiper Malware", "pattern": "[url:value = 'http://download.logins.online/exe/LinK13112020.msi']", "pattern_type": "stix", "pattern_version": "2.1", "valid_from": "2022-05-13T15:13:40.156516Z", "labels": ["malicious-activity"]}, {"type": "relationship", "spec_version": "2.1", "id": "relationship--b3519237-4fb6-472e-a309-3aba3595eb22", "created": "2022-05-13T14:13:40.162501Z", "modified": "2022-05-13T14:13:40.162501Z", "relationship_type": "indicates", "source_ref": "indicator--9a8e14d1-336d-448a-9805-dee09a892263", "target_ref": "malware--2669a5ed-a033-4139-b4f0-03dac711afa7"}, {"type": "indicator", "spec_version": "2.1", "id": "indicator--6072d943-8522-4449-af8c-b4225d57d266", "created_by_ref": "identity--210617a8-40a2-4cf2-9ae5-3fe2c0d05f53", "created": "2022-05-13T14:13:40.163497Z", "modified": "2022-05-13T14:13:40.163497Z", "name": "Malicious URL - http://files-download.infousa.xyz/Windows_photo_viewer.msi", "description": "Malicious URL involved with New Hermetic Wiper Malware", "pattern": "[url:value = 'http://files-download.infousa.xyz/Windows_photo_viewer.msi']", "pattern_type": "stix", "pattern_version": "2.1", "valid_from": "2022-05-13T15:13:40.163497Z", "labels": ["malicious-activity"]}, {"type": "relationship", "spec_version": "2.1", "id": "relationship--ec966259-90eb-423f-9b71-9c7ecd122dc8", "created": "2022-05-13T14:13:40.16649Z", "modified": "2022-05-13T14:13:40.16649Z", "relationship_type": "indicates", "source_ref": "indicator--6072d943-8522-4449-af8c-b4225d57d266", "target_ref": "malware--2669a5ed-a033-4139-b4f0-03dac711afa7"}, {"type": "indicator", "spec_version": "2.1", "id": "indicator--90130764-cbaf-48da-8266-39793b250d50", "created_by_ref": "identity--210617a8-40a2-4cf2-9ae5-3fe2c0d05f53", "created": "2022-05-13T14:13:40.167519Z", "modified": "2022-05-13T14:13:40.167519Z", "name": "Malicious URL - http://kfctm.online/0102adqeczoL2.txt", "description": "Malicious URL involved with New Hermetic Wiper Malware", "pattern": "[url:value = 'http://kfctm.online/0102adqeczoL2.txt']", "pattern_type": "stix", "pattern_version": "2.1", "valid_from": "2022-05-13T15:13:40.167519Z", "labels": ["malicious-activity"]}, {"type": "relationship", "spec_version": "2.1", "id": "relationship--8dc03338-fb5a-427e-b513-e4739e5585f4", "created": "2022-05-13T14:13:40.169262Z", "modified": "2022-05-13T14:13:40.169262Z", "relationship_type": "indicates", "source_ref": "indicator--90130764-cbaf-48da-8266-39793b250d50", "target_ref": "malware--2669a5ed-a033-4139-b4f0-03dac711afa7"}, {"type": "indicator", "spec_version": "2.1", "id": "indicator--838c7259-d2df-45d2-96c1-e6527647e621", "created_by_ref": "identity--210617a8-40a2-4cf2-9ae5-3fe2c0d05f53", "created": "2022-05-13T14:13:40.170082Z", "modified": "2022-05-13T14:13:40.170082Z", "name": "Malicious URL - http://kfctm.online/0802adqeczoL7.msi", "description": "Malicious URL involved with New Hermetic Wiper Malware", "pattern": "[url:value = 'http://kfctm.online/0802adqeczoL7.msi']", "pattern_type": "stix", "pattern_version": "2.1", "valid_from": "2022-05-13T15:13:40.170082Z", "labels": ["malicious-activity"]}, {"type": "relationship", "spec_version": "2.1", "id": "relationship--c5031856-c31e-4e22-899a-1ef9fb7363f7", "created": "2022-05-13T14:13:40.17108Z", "modified": "2022-05-13T14:13:40.17108Z", "relationship_type": "indicates", "source_ref": "indicator--838c7259-d2df-45d2-96c1-e6527647e621", "target_ref": "malware--2669a5ed-a033-4139-b4f0-03dac711afa7"}, {"type": "indicator", "spec_version": "2.1", "id": "indicator--88bb8485-f154-4b05-9799-2b261bf94c82", "created_by_ref": "identity--210617a8-40a2-4cf2-9ae5-3fe2c0d05f53", "created": "2022-05-13T14:13:40.172047Z", "modified": "2022-05-13T14:13:40.172047Z", "name": "Malicious URL - http://my.mondeychamp.xyz/uUi1rV.msi", "description": "Malicious URL involved with New Hermetic Wiper Malware", "pattern": "[url:value = 'http://my.mondeychamp.xyz/uUi1rV.msi']", "pattern_type": "stix", "pattern_version": "2.1", "valid_from": "2022-05-13T15:13:40.172047Z", "labels": ["malicious-activity"]}, {"type": "relationship", "spec_version": "2.1", "id": "relationship--f07b4c3c-8ca2-4758-8a45-2d690c709ed4", "created": "2022-05-13T14:13:40.174041Z", "modified": "2022-05-13T14:13:40.174041Z", "relationship_type": "indicates", "source_ref": "indicator--88bb8485-f154-4b05-9799-2b261bf94c82", "target_ref": "malware--2669a5ed-a033-4139-b4f0-03dac711afa7"}, {"type": "indicator", "spec_version": "2.1", "id": "indicator--7c2811ee-7dff-4b1d-86b9-fe060c2fbdfb", "created_by_ref": "identity--210617a8-40a2-4cf2-9ae5-3fe2c0d05f53", "created": "2022-05-13T14:13:40.174041Z", "modified": "2022-05-13T14:13:40.174041Z", "name": "Malicious MD5 - 178b0739ac2668910277cbf13f6386e8", "description": "Malicious MD5 involved with New Hermetic Wiper Malware", "pattern": "[file:hashes.MD5 = '178b0739ac2668910277cbf13f6386e8']", "pattern_type": "stix", "pattern_version": "2.1", "valid_from": "2022-05-13T15:13:40.174041Z", "labels": ["malicious-activity"]}, {"type": "relationship", "spec_version": "2.1", "id": "relationship--12d2e8fc-ba85-4db7-918b-ff2342b40769", "created": "2022-05-13T14:13:40.177033Z", "modified": "2022-05-13T14:13:40.177033Z", "relationship_type": "indicates", "source_ref": "indicator--7c2811ee-7dff-4b1d-86b9-fe060c2fbdfb", "target_ref": "malware--2669a5ed-a033-4139-b4f0-03dac711afa7"}, {"type": "indicator", "spec_version": "2.1", "id": "indicator--26d21afd-e165-40cf-8b35-c84e65e01778", "created_by_ref": "identity--210617a8-40a2-4cf2-9ae5-3fe2c0d05f53", "created": "2022-05-13T14:13:40.178048Z", "modified": "2022-05-13T14:13:40.178048Z", "name": "Malicious MD5 - 3cfc9972ad7cbd13cac51aade3f2b501", "description": "Malicious MD5 involved with New Hermetic Wiper Malware", "pattern": "[file:hashes.MD5 = '3cfc9972ad7cbd13cac51aade3f2b501']", "pattern_type": "stix", "pattern_version": "2.1", "valid_from": "2022-05-13T15:13:40.178048Z", "labels": ["malicious-activity"]}, {"type": "relationship", "spec_version": "2.1", "id": "relationship--6c948490-794c-42ca-8796-8c70c10193eb", "created": "2022-05-13T14:13:40.181043Z", "modified": "2022-05-13T14:13:40.181043Z", "relationship_type": "indicates", "source_ref": "indicator--26d21afd-e165-40cf-8b35-c84e65e01778", "target_ref": "malware--2669a5ed-a033-4139-b4f0-03dac711afa7"}, {"type": "indicator", "spec_version": "2.1", "id": "indicator--161d51d0-9117-4b99-b1aa-7d8d62bb7703", "created_by_ref": "identity--210617a8-40a2-4cf2-9ae5-3fe2c0d05f53", "created": "2022-05-13T14:13:40.181043Z", "modified": "2022-05-13T14:13:40.181043Z", "name": "Malicious MD5 - 53ee0babcf03b17e02e4317b6a410b93", "description": "Malicious MD5 involved with New Hermetic Wiper Malware", "pattern": "[file:hashes.MD5 = '53ee0babcf03b17e02e4317b6a410b93']", "pattern_type": "stix", "pattern_version": "2.1", "valid_from": "2022-05-13T15:13:40.181043Z", "labels": ["malicious-activity"]}, {"type": "relationship", "spec_version": "2.1", "id": "relationship--1576ebd7-a313-4a65-8db9-07c87594e2f8", "created": "2022-05-13T14:13:40.184076Z", "modified": "2022-05-13T14:13:40.184076Z", "relationship_type": "indicates", "source_ref": "indicator--161d51d0-9117-4b99-b1aa-7d8d62bb7703", "target_ref": "malware--2669a5ed-a033-4139-b4f0-03dac711afa7"}, {"type": "indicator", "spec_version": "2.1", "id": "indicator--001e6ca3-bbaf-44c2-aac4-2201343ee557", "created_by_ref": "identity--210617a8-40a2-4cf2-9ae5-3fe2c0d05f53", "created": "2022-05-13T14:13:40.185066Z", "modified": "2022-05-13T14:13:40.185066Z", "name": "Malicious MD5 - 56be65fe4d9709c10cae511d53d92d1a", "description": "Malicious MD5 involved with New Hermetic Wiper Malware", "pattern": "[file:hashes.MD5 = '56be65fe4d9709c10cae511d53d92d1a']", "pattern_type": "stix", "pattern_version": "2.1", "valid_from": "2022-05-13T15:13:40.185066Z", "labels": ["malicious-activity"]}, {"type": "relationship", "spec_version": "2.1", "id": "relationship--0ea92b60-0acd-42f4-be8b-483307d64708", "created": "2022-05-13T14:13:40.187829Z", "modified": "2022-05-13T14:13:40.187829Z", "relationship_type": "indicates", "source_ref": "indicator--001e6ca3-bbaf-44c2-aac4-2201343ee557", "target_ref": "malware--2669a5ed-a033-4139-b4f0-03dac711afa7"}, {"type": "indicator", "spec_version": "2.1", "id": "indicator--846c46b1-08a4-4696-a26c-82c57d0d80b5", "created_by_ref": "identity--210617a8-40a2-4cf2-9ae5-3fe2c0d05f53", "created": "2022-05-13T14:13:40.189053Z", "modified": "2022-05-13T14:13:40.189053Z", "name": "Malicious MD5 - 5f568c80ab68a4132506f29ede076679", "description": "Malicious MD5 involved with New Hermetic Wiper Malware", "pattern": "[file:hashes.MD5 = '5f568c80ab68a4132506f29ede076679']", "pattern_type": "stix", "pattern_version": "2.1", "valid_from": "2022-05-13T15:13:40.189053Z", "labels": ["malicious-activity"]}, {"type": "relationship", "spec_version": "2.1", "id": "relationship--b23c923d-2b3a-416d-a4de-6c6cf381b8f3", "created": "2022-05-13T14:13:40.191809Z", "modified": "2022-05-13T14:13:40.191809Z", "relationship_type": "indicates", "source_ref": "indicator--846c46b1-08a4-4696-a26c-82c57d0d80b5", "target_ref": "malware--2669a5ed-a033-4139-b4f0-03dac711afa7"}, {"type": "indicator", "spec_version": "2.1", "id": "indicator--80d87db6-ce2a-4984-a920-97b93288ca34", "created_by_ref": "identity--210617a8-40a2-4cf2-9ae5-3fe2c0d05f53", "created": "2022-05-13T14:13:40.192807Z", "modified": "2022-05-13T14:13:40.192807Z", "name": "Malicious MD5 - 714f8341bd1c4bc1fc38a5407c430a1a", "description": "Malicious MD5 involved with New Hermetic Wiper Malware", "pattern": "[file:hashes.MD5 = '714f8341bd1c4bc1fc38a5407c430a1a']", "pattern_type": "stix", "pattern_version": "2.1", "valid_from": "2022-05-13T15:13:40.192807Z", "labels": ["malicious-activity"]}, {"type": "relationship", "spec_version": "2.1", "id": "relationship--001c4206-2741-44af-90f9-d1f1395d9018", "created": "2022-05-13T14:13:40.1958Z", "modified": "2022-05-13T14:13:40.1958Z", "relationship_type": "indicates", "source_ref": "indicator--80d87db6-ce2a-4984-a920-97b93288ca34", "target_ref": "malware--2669a5ed-a033-4139-b4f0-03dac711afa7"}, {"type": "indicator", "spec_version": "2.1", "id": "indicator--2fc7628c-6e34-49e2-8792-c21be0431715", "created_by_ref": "identity--210617a8-40a2-4cf2-9ae5-3fe2c0d05f53", "created": "2022-05-13T14:13:40.1958Z", "modified": "2022-05-13T14:13:40.1958Z", "name": "Malicious MD5 - 74ce360565fa23d9730fe0c5227c22e0", "description": "Malicious MD5 involved with New Hermetic Wiper Malware", "pattern": "[file:hashes.MD5 = '74ce360565fa23d9730fe0c5227c22e0']", "pattern_type": "stix", "pattern_version": "2.1", "valid_from": "2022-05-13T15:13:40.1958Z", "labels": ["malicious-activity"]}, {"type": "relationship", "spec_version": "2.1", "id": "relationship--36cc6058-2c6d-445f-ad32-1c442e91f633", "created": "2022-05-13T14:13:40.197924Z", "modified": "2022-05-13T14:13:40.197924Z", "relationship_type": "indicates", "source_ref": "indicator--2fc7628c-6e34-49e2-8792-c21be0431715", "target_ref": "malware--2669a5ed-a033-4139-b4f0-03dac711afa7"}, {"type": "indicator", "spec_version": "2.1", "id": "indicator--898101c7-58fe-4cf9-809f-ab99a5fecaff", "created_by_ref": "identity--210617a8-40a2-4cf2-9ae5-3fe2c0d05f53", "created": "2022-05-13T14:13:40.197924Z", "modified": "2022-05-13T14:13:40.197924Z", "name": "Malicious MD5 - 7c1626fcaf47cdfe8aaed008d4421d8c", "description": "Malicious MD5 involved with New Hermetic Wiper Malware", "pattern": "[file:hashes.MD5 = '7c1626fcaf47cdfe8aaed008d4421d8c']", "pattern_type": "stix", "pattern_version": "2.1", "valid_from": "2022-05-13T15:13:40.197924Z", "labels": ["malicious-activity"]}, {"type": "relationship", "spec_version": "2.1", "id": "relationship--7f712ec2-fa58-4ad0-b0ca-92bceaf45e11", "created": "2022-05-13T14:13:40.199908Z", "modified": "2022-05-13T14:13:40.199908Z", "relationship_type": "indicates", "source_ref": "indicator--898101c7-58fe-4cf9-809f-ab99a5fecaff", "target_ref": "malware--2669a5ed-a033-4139-b4f0-03dac711afa7"}, {"type": "indicator", "spec_version": "2.1", "id": "indicator--d24826b2-dc21-4e82-a732-5ee83535097d", "created_by_ref": "identity--210617a8-40a2-4cf2-9ae5-3fe2c0d05f53", "created": "2022-05-13T14:13:40.200944Z", "modified": "2022-05-13T14:13:40.200944Z", "name": "Malicious MD5 - 9f566a164a5c6ae046c24d0e911dc577", "description": "Malicious MD5 involved with New Hermetic Wiper Malware", "pattern": "[file:hashes.MD5 = '9f566a164a5c6ae046c24d0e911dc577']", "pattern_type": "stix", "pattern_version": "2.1", "valid_from": "2022-05-13T15:13:40.200944Z", "labels": ["malicious-activity"]}, {"type": "relationship", "spec_version": "2.1", "id": "relationship--6e044ff4-9666-4145-b537-2671afd6c66a", "created": "2022-05-13T14:13:40.201939Z", "modified": "2022-05-13T14:13:40.201939Z", "relationship_type": "indicates", "source_ref": "indicator--d24826b2-dc21-4e82-a732-5ee83535097d", "target_ref": "malware--2669a5ed-a033-4139-b4f0-03dac711afa7"}, {"type": "indicator", "spec_version": "2.1", "id": "indicator--09274092-1fc8-4e88-b5ac-5342d79bf469", "created_by_ref": "identity--210617a8-40a2-4cf2-9ae5-3fe2c0d05f53", "created": "2022-05-13T14:13:40.202936Z", "modified": "2022-05-13T14:13:40.202936Z", "name": "Malicious MD5 - 9fe8203b06c899d15cb20d2497103dbb", "description": "Malicious MD5 involved with New Hermetic Wiper Malware", "pattern": "[file:hashes.MD5 = '9fe8203b06c899d15cb20d2497103dbb']", "pattern_type": "stix", "pattern_version": "2.1", "valid_from": "2022-05-13T15:13:40.202936Z", "labels": ["malicious-activity"]}, {"type": "relationship", "spec_version": "2.1", "id": "relationship--ce2f79d3-770c-464c-80a8-4084f618301d", "created": "2022-05-13T14:13:40.20557Z", "modified": "2022-05-13T14:13:40.20557Z", "relationship_type": "indicates", "source_ref": "indicator--09274092-1fc8-4e88-b5ac-5342d79bf469", "target_ref": "malware--2669a5ed-a033-4139-b4f0-03dac711afa7"}, {"type": "indicator", "spec_version": "2.1", "id": "indicator--df145054-2e08-4c9b-bed8-114500f27671", "created_by_ref": "identity--210617a8-40a2-4cf2-9ae5-3fe2c0d05f53", "created": "2022-05-13T14:13:40.20557Z", "modified": "2022-05-13T14:13:40.20557Z", "name": "Malicious MD5 - bc740d642893e0fe23c75264ca7c2bca", "description": "Malicious MD5 involved with New Hermetic Wiper Malware", "pattern": "[file:hashes.MD5 = 'bc740d642893e0fe23c75264ca7c2bca']", "pattern_type": "stix", "pattern_version": "2.1", "valid_from": "2022-05-13T15:13:40.20557Z", "labels": ["malicious-activity"]}, {"type": "relationship", "spec_version": "2.1", "id": "relationship--7449cbd9-21e7-436e-88f4-ed792b288e0a", "created": "2022-05-13T14:13:40.207608Z", "modified": "2022-05-13T14:13:40.207608Z", "relationship_type": "indicates", "source_ref": "indicator--df145054-2e08-4c9b-bed8-114500f27671", "target_ref": "malware--2669a5ed-a033-4139-b4f0-03dac711afa7"}, {"type": "indicator", "spec_version": "2.1", "id": "indicator--3d849e48-3183-4e4e-a08b-027a5ebb4c9c", "created_by_ref": "identity--210617a8-40a2-4cf2-9ae5-3fe2c0d05f53", "created": "2022-05-13T14:13:40.208615Z", "modified": "2022-05-13T14:13:40.208615Z", "name": "Malicious MD5 - bdcb83cc6f54d571a2c102fbbd8083c7", "description": "Malicious MD5 involved with New Hermetic Wiper Malware", "pattern": "[file:hashes.MD5 = 'bdcb83cc6f54d571a2c102fbbd8083c7']", "pattern_type": "stix", "pattern_version": "2.1", "valid_from": "2022-05-13T15:13:40.208615Z", "labels": ["malicious-activity"]}, {"type": "relationship", "spec_version": "2.1", "id": "relationship--c0effe39-e144-459c-b8ef-bb64174b0804", "created": "2022-05-13T14:13:40.21061Z", "modified": "2022-05-13T14:13:40.21061Z", "relationship_type": "indicates", "source_ref": "indicator--3d849e48-3183-4e4e-a08b-027a5ebb4c9c", "target_ref": "malware--2669a5ed-a033-4139-b4f0-03dac711afa7"}, {"type": "indicator", "spec_version": "2.1", "id": "indicator--996a2ef8-1cd1-4164-93be-294c5ebec8ba", "created_by_ref": "identity--210617a8-40a2-4cf2-9ae5-3fe2c0d05f53", "created": "2022-05-13T14:13:40.211604Z", "modified": "2022-05-13T14:13:40.211604Z", "name": "Malicious MD5 - c2ef9f814fc99670572ee76ba06d24da", "description": "Malicious MD5 involved with New Hermetic Wiper Malware", "pattern": "[file:hashes.MD5 = 'c2ef9f814fc99670572ee76ba06d24da']", "pattern_type": "stix", "pattern_version": "2.1", "valid_from": "2022-05-13T15:13:40.211604Z", "labels": ["malicious-activity"]}, {"type": "relationship", "spec_version": "2.1", "id": "relationship--8bd9972e-e368-41c6-9662-494f7d71fa7c", "created": "2022-05-13T14:13:40.214596Z", "modified": "2022-05-13T14:13:40.214596Z", "relationship_type": "indicates", "source_ref": "indicator--996a2ef8-1cd1-4164-93be-294c5ebec8ba", "target_ref": "malware--2669a5ed-a033-4139-b4f0-03dac711afa7"}, {"type": "indicator", "spec_version": "2.1", "id": "indicator--6cfd519e-5dd4-45f5-9656-00c09d1fb8b2", "created_by_ref": "identity--210617a8-40a2-4cf2-9ae5-3fe2c0d05f53", "created": "2022-05-13T14:13:40.215594Z", "modified": "2022-05-13T14:13:40.215594Z", "name": "Malicious MD5 - c3564bde7b49322f2bacdc495146cfbc", "description": "Malicious MD5 involved with New Hermetic Wiper Malware", "pattern": "[file:hashes.MD5 = 'c3564bde7b49322f2bacdc495146cfbc']", "pattern_type": "stix", "pattern_version": "2.1", "valid_from": "2022-05-13T15:13:40.215594Z", "labels": ["malicious-activity"]}, {"type": "relationship", "spec_version": "2.1", "id": "relationship--d756a7e4-2d18-43ce-9e61-d8ea44e721a1", "created": "2022-05-13T14:13:40.218098Z", "modified": "2022-05-13T14:13:40.218098Z", "relationship_type": "indicates", "source_ref": "indicator--6cfd519e-5dd4-45f5-9656-00c09d1fb8b2", "target_ref": "malware--2669a5ed-a033-4139-b4f0-03dac711afa7"}, {"type": "indicator", "spec_version": "2.1", "id": "indicator--604f2189-2d19-493c-8f75-27128a943250", "created_by_ref": "identity--210617a8-40a2-4cf2-9ae5-3fe2c0d05f53", "created": "2022-05-13T14:13:40.2191Z", "modified": "2022-05-13T14:13:40.2191Z", "name": "Malicious MD5 - e6a9e19e1b019f95bfc5a4e161794a7f", "description": "Malicious MD5 involved with New Hermetic Wiper Malware", "pattern": "[file:hashes.MD5 = 'e6a9e19e1b019f95bfc5a4e161794a7f']", "pattern_type": "stix", "pattern_version": "2.1", "valid_from": "2022-05-13T15:13:40.2191Z", "labels": ["malicious-activity"]}, {"type": "relationship", "spec_version": "2.1", "id": "relationship--eb979881-5c56-43f9-be18-bb59ac159d85", "created": "2022-05-13T14:13:40.222091Z", "modified": "2022-05-13T14:13:40.222091Z", "relationship_type": "indicates", "source_ref": "indicator--604f2189-2d19-493c-8f75-27128a943250", "target_ref": "malware--2669a5ed-a033-4139-b4f0-03dac711afa7"}, {"type": "indicator", "spec_version": "2.1", "id": "indicator--25ffd8db-8fed-4877-afd0-79ac6f096448", "created_by_ref": "identity--210617a8-40a2-4cf2-9ae5-3fe2c0d05f53", "created": "2022-05-13T14:13:40.222091Z", "modified": "2022-05-13T14:13:40.222091Z", "name": "Malicious SHA1 - 11eeade0c1a40abece43f6c1381d80584fdb3ed1", "description": "Malicious SHA1 involved with New Hermetic Wiper Malware", "pattern": "[file:hashes.'SHA-1' = '11eeade0c1a40abece43f6c1381d80584fdb3ed1']", "pattern_type": "stix", "pattern_version": "2.1", "valid_from": "2022-05-13T15:13:40.222091Z", "labels": ["malicious-activity"]}, {"type": "relationship", "spec_version": "2.1", "id": "relationship--2f2c08c6-cb5a-4185-a22b-1a22754e9fbf", "created": "2022-05-13T14:13:40.224087Z", "modified": "2022-05-13T14:13:40.224087Z", "relationship_type": "indicates", "source_ref": "indicator--25ffd8db-8fed-4877-afd0-79ac6f096448", "target_ref": "malware--2669a5ed-a033-4139-b4f0-03dac711afa7"}, {"type": "indicator", "spec_version": "2.1", "id": "indicator--275edf4b-2f7c-4782-8bd0-5b53e06cc8e2", "created_by_ref": "identity--210617a8-40a2-4cf2-9ae5-3fe2c0d05f53", "created": "2022-05-13T14:13:40.224087Z", "modified": "2022-05-13T14:13:40.224087Z", "name": "Malicious SHA1 - 2810e43b78bd317e744a0d15e5d3f180fbdd34c0", "description": "Malicious SHA1 involved with New Hermetic Wiper Malware", "pattern": "[file:hashes.'SHA-1' = '2810e43b78bd317e744a0d15e5d3f180fbdd34c0']", "pattern_type": "stix", "pattern_version": "2.1", "valid_from": "2022-05-13T15:13:40.224087Z", "labels": ["malicious-activity"]}, {"type": "relationship", "spec_version": "2.1", "id": "relationship--f77c2ca1-2d1a-47b8-8c25-ae5f3a8c03e1", "created": "2022-05-13T14:13:40.22796Z", "modified": "2022-05-13T14:13:40.22796Z", "relationship_type": "indicates", "source_ref": "indicator--275edf4b-2f7c-4782-8bd0-5b53e06cc8e2", "target_ref": "malware--2669a5ed-a033-4139-b4f0-03dac711afa7"}, {"type": "indicator", "spec_version": "2.1", "id": "indicator--36ef1c37-9068-4444-abf9-9545adca8d7b", "created_by_ref": "identity--210617a8-40a2-4cf2-9ae5-3fe2c0d05f53", "created": "2022-05-13T14:13:40.229192Z", "modified": "2022-05-13T14:13:40.229192Z", "name": "Malicious SHA1 - 333773104a0703d9723036c7c148a7375b0a4c83", "description": "Malicious SHA1 involved with New Hermetic Wiper Malware", "pattern": "[file:hashes.'SHA-1' = '333773104a0703d9723036c7c148a7375b0a4c83']", "pattern_type": "stix", "pattern_version": "2.1", "valid_from": "2022-05-13T15:13:40.229192Z", "labels": ["malicious-activity"]}, {"type": "relationship", "spec_version": "2.1", "id": "relationship--a2741f2d-4371-40be-ae8e-d1a78eba3e8b", "created": "2022-05-13T14:13:40.231925Z", "modified": "2022-05-13T14:13:40.231925Z", "relationship_type": "indicates", "source_ref": "indicator--36ef1c37-9068-4444-abf9-9545adca8d7b", "target_ref": "malware--2669a5ed-a033-4139-b4f0-03dac711afa7"}, {"type": "indicator", "spec_version": "2.1", "id": "indicator--624a2b61-f101-4b42-8292-c7cf003e8702", "created_by_ref": "identity--210617a8-40a2-4cf2-9ae5-3fe2c0d05f53", "created": "2022-05-13T14:13:40.232923Z", "modified": "2022-05-13T14:13:40.232923Z", "name": "Malicious SHA1 - 374c9059fce14f0d61945ecb7d9a96d6ef0ea31b", "description": "Malicious SHA1 involved with New Hermetic Wiper Malware", "pattern": "[file:hashes.'SHA-1' = '374c9059fce14f0d61945ecb7d9a96d6ef0ea31b']", "pattern_type": "stix", "pattern_version": "2.1", "valid_from": "2022-05-13T15:13:40.232923Z", "labels": ["malicious-activity"]}, {"type": "relationship", "spec_version": "2.1", "id": "relationship--52914952-f3c7-43cb-bd46-07f37c62ea57", "created": "2022-05-13T14:13:40.235914Z", "modified": "2022-05-13T14:13:40.235914Z", "relationship_type": "indicates", "source_ref": "indicator--624a2b61-f101-4b42-8292-c7cf003e8702", "target_ref": "malware--2669a5ed-a033-4139-b4f0-03dac711afa7"}, {"type": "indicator", "spec_version": "2.1", "id": "indicator--643b3ae7-c40a-4a6a-9358-53b380c01d59", "created_by_ref": "identity--210617a8-40a2-4cf2-9ae5-3fe2c0d05f53", "created": "2022-05-13T14:13:40.236912Z", "modified": "2022-05-13T14:13:40.236912Z", "name": "Malicious SHA1 - 4fc56fc34ab2953a9ee7d776cfb4f36462545085", "description": "Malicious SHA1 involved with New Hermetic Wiper Malware", "pattern": "[file:hashes.'SHA-1' = '4fc56fc34ab2953a9ee7d776cfb4f36462545085']", "pattern_type": "stix", "pattern_version": "2.1", "valid_from": "2022-05-13T15:13:40.236912Z", "labels": ["malicious-activity"]}, {"type": "relationship", "spec_version": "2.1", "id": "relationship--db430a25-a72a-4358-9680-dcbc90fdce69", "created": "2022-05-13T14:13:40.239724Z", "modified": "2022-05-13T14:13:40.239724Z", "relationship_type": "indicates", "source_ref": "indicator--643b3ae7-c40a-4a6a-9358-53b380c01d59", "target_ref": "malware--2669a5ed-a033-4139-b4f0-03dac711afa7"}, {"type": "indicator", "spec_version": "2.1", "id": "indicator--2e01c989-d0ac-4733-aecb-aa05ae4b2c7f", "created_by_ref": "identity--210617a8-40a2-4cf2-9ae5-3fe2c0d05f53", "created": "2022-05-13T14:13:40.240721Z", "modified": "2022-05-13T14:13:40.240721Z", "name": "Malicious SHA1 - a1088a23c4893d5c31fa92c11463904e63bc9bbe", "description": "Malicious SHA1 involved with New Hermetic Wiper Malware", "pattern": "[file:hashes.'SHA-1' = 'a1088a23c4893d5c31fa92c11463904e63bc9bbe']", "pattern_type": "stix", "pattern_version": "2.1", "valid_from": "2022-05-13T15:13:40.240721Z", "labels": ["malicious-activity"]}, {"type": "relationship", "spec_version": "2.1", "id": "relationship--07de97d5-a971-4773-abd2-32f7a556ae63", "created": "2022-05-13T14:13:40.243714Z", "modified": "2022-05-13T14:13:40.243714Z", "relationship_type": "indicates", "source_ref": "indicator--2e01c989-d0ac-4733-aecb-aa05ae4b2c7f", "target_ref": "malware--2669a5ed-a033-4139-b4f0-03dac711afa7"}, {"type": "indicator", "spec_version": "2.1", "id": "indicator--c2b16a61-902f-4cdc-a9a1-4b873792cc3f", "created_by_ref": "identity--210617a8-40a2-4cf2-9ae5-3fe2c0d05f53", "created": "2022-05-13T14:13:40.244711Z", "modified": "2022-05-13T14:13:40.244711Z", "name": "Malicious SHA1 - adbcf3571ecd5a59cd7823a7dee0963790960b37", "description": "Malicious SHA1 involved with New Hermetic Wiper Malware", "pattern": "[file:hashes.'SHA-1' = 'adbcf3571ecd5a59cd7823a7dee0963790960b37']", "pattern_type": "stix", "pattern_version": "2.1", "valid_from": "2022-05-13T15:13:40.244711Z", "labels": ["malicious-activity"]}, {"type": "relationship", "spec_version": "2.1", "id": "relationship--864a0cb8-912a-46a6-a4d6-735b344e9ae4", "created": "2022-05-13T14:13:40.246706Z", "modified": "2022-05-13T14:13:40.246706Z", "relationship_type": "indicates", "source_ref": "indicator--c2b16a61-902f-4cdc-a9a1-4b873792cc3f", "target_ref": "malware--2669a5ed-a033-4139-b4f0-03dac711afa7"}, {"type": "indicator", "spec_version": "2.1", "id": "indicator--c65f6c67-56e8-4cb6-9e1d-24d2c1de57ff", "created_by_ref": "identity--210617a8-40a2-4cf2-9ae5-3fe2c0d05f53", "created": "2022-05-13T14:13:40.248227Z", "modified": "2022-05-13T14:13:40.248227Z", "name": "Malicious SHA1 - dd6128fc6d7426e45038151883fb4e611dc2788b", "description": "Malicious SHA1 involved with New Hermetic Wiper Malware", "pattern": "[file:hashes.'SHA-1' = 'dd6128fc6d7426e45038151883fb4e611dc2788b']", "pattern_type": "stix", "pattern_version": "2.1", "valid_from": "2022-05-13T15:13:40.248227Z", "labels": ["malicious-activity"]}, {"type": "relationship", "spec_version": "2.1", "id": "relationship--dc3eb1f9-c094-431a-9537-4c8b15edb2fb", "created": "2022-05-13T14:13:40.252221Z", "modified": "2022-05-13T14:13:40.252221Z", "relationship_type": "indicates", "source_ref": "indicator--c65f6c67-56e8-4cb6-9e1d-24d2c1de57ff", "target_ref": "malware--2669a5ed-a033-4139-b4f0-03dac711afa7"}, {"type": "indicator", "spec_version": "2.1", "id": "indicator--9575e62f-4aeb-4608-b380-78b62da477d7", "created_by_ref": "identity--210617a8-40a2-4cf2-9ae5-3fe2c0d05f53", "created": "2022-05-13T14:13:40.252221Z", "modified": "2022-05-13T14:13:40.252221Z", "name": "Malicious SHA256 - 432d39c43236a1fdf5275904d7d76affd8053c494fc230b28c63d8a23bdbe637", "description": "Malicious SHA256 involved with New Hermetic Wiper Malware", "pattern": "[file:hashes.'SHA-256' = '432d39c43236a1fdf5275904d7d76affd8053c494fc230b28c63d8a23bdbe637']", "pattern_type": "stix", "pattern_version": "2.1", "valid_from": "2022-05-13T15:13:40.252221Z", "labels": ["malicious-activity"]}, {"type": "relationship", "spec_version": "2.1", "id": "relationship--4de21ff3-190a-4f82-b56b-1793767dd061", "created": "2022-05-13T14:13:40.254216Z", "modified": "2022-05-13T14:13:40.254216Z", "relationship_type": "indicates", "source_ref": "indicator--9575e62f-4aeb-4608-b380-78b62da477d7", "target_ref": "malware--2669a5ed-a033-4139-b4f0-03dac711afa7"}, {"type": "indicator", "spec_version": "2.1", "id": "indicator--f4f06ffb-219d-4853-8119-3d4d69344727", "created_by_ref": "identity--210617a8-40a2-4cf2-9ae5-3fe2c0d05f53", "created": "2022-05-13T14:13:40.254216Z", "modified": "2022-05-13T14:13:40.254216Z", "name": "Malicious SHA256 - 436c23a58a2b2265b82cc4f7bca39fb6c4c0fca402fa17162eeaaaa9138ba88e", "description": "Malicious SHA256 involved with New Hermetic Wiper Malware", "pattern": "[file:hashes.'SHA-256' = '436c23a58a2b2265b82cc4f7bca39fb6c4c0fca402fa17162eeaaaa9138ba88e']", "pattern_type": "stix", "pattern_version": "2.1", "valid_from": "2022-05-13T15:13:40.254216Z", "labels": ["malicious-activity"]}, {"type": "relationship", "spec_version": "2.1", "id": "relationship--787569cb-6f00-4803-b236-47c68c36a734", "created": "2022-05-13T14:13:40.25721Z", "modified": "2022-05-13T14:13:40.25721Z", "relationship_type": "indicates", "source_ref": "indicator--f4f06ffb-219d-4853-8119-3d4d69344727", "target_ref": "malware--2669a5ed-a033-4139-b4f0-03dac711afa7"}, {"type": "indicator", "spec_version": "2.1", "id": "indicator--77b34e2d-9392-41ae-9eec-b9e4bad0254c", "created_by_ref": "identity--210617a8-40a2-4cf2-9ae5-3fe2c0d05f53", "created": "2022-05-13T14:13:40.25721Z", "modified": "2022-05-13T14:13:40.25721Z", "name": "Malicious SHA256 - 5e91d6ba4b065b4bbe303dd918ef61d4e251a09b84a8fba071e4428867cd2339", "description": "Malicious SHA256 involved with New Hermetic Wiper Malware", "pattern": "[file:hashes.'SHA-256' = '5e91d6ba4b065b4bbe303dd918ef61d4e251a09b84a8fba071e4428867cd2339']", "pattern_type": "stix", "pattern_version": "2.1", "valid_from": "2022-05-13T15:13:40.25721Z", "labels": ["malicious-activity"]}, {"type": "relationship", "spec_version": "2.1", "id": "relationship--315ea519-43d7-4cad-a2d7-750a4b534aee", "created": "2022-05-13T14:13:40.260725Z", "modified": "2022-05-13T14:13:40.260725Z", "relationship_type": "indicates", "source_ref": "indicator--77b34e2d-9392-41ae-9eec-b9e4bad0254c", "target_ref": "malware--2669a5ed-a033-4139-b4f0-03dac711afa7"}, {"type": "indicator", "spec_version": "2.1", "id": "indicator--8d23c55d-dd55-49ac-9c35-f80c4ba4f188", "created_by_ref": "identity--210617a8-40a2-4cf2-9ae5-3fe2c0d05f53", "created": "2022-05-13T14:13:40.260725Z", "modified": "2022-05-13T14:13:40.260725Z", "name": "Malicious SHA256 - a82cb2076b7274179d5f7246f8db274eda47a89392875b3c700f2fa15d70ab2e", "description": "Malicious SHA256 involved with New Hermetic Wiper Malware", "pattern": "[file:hashes.'SHA-256' = 'a82cb2076b7274179d5f7246f8db274eda47a89392875b3c700f2fa15d70ab2e']", "pattern_type": "stix", "pattern_version": "2.1", "valid_from": "2022-05-13T15:13:40.260725Z", "labels": ["malicious-activity"]}, {"type": "relationship", "spec_version": "2.1", "id": "relationship--c0e8168b-d2f9-44b8-9478-afa4a6968dca", "created": "2022-05-13T14:13:40.263718Z", "modified": "2022-05-13T14:13:40.263718Z", "relationship_type": "indicates", "source_ref": "indicator--8d23c55d-dd55-49ac-9c35-f80c4ba4f188", "target_ref": "malware--2669a5ed-a033-4139-b4f0-03dac711afa7"}, {"type": "indicator", "spec_version": "2.1", "id": "indicator--30b23978-a49b-400e-98de-ca13b7bef72d", "created_by_ref": "identity--210617a8-40a2-4cf2-9ae5-3fe2c0d05f53", "created": "2022-05-13T14:13:40.264715Z", "modified": "2022-05-13T14:13:40.264715Z", "name": "Malicious SHA256 - b01e0c6ac0b8bcde145ab7b68cf246deea9402fa7ea3aede7105f7051fe240c1", "description": "Malicious SHA256 involved with New Hermetic Wiper Malware", "pattern": "[file:hashes.'SHA-256' = 'b01e0c6ac0b8bcde145ab7b68cf246deea9402fa7ea3aede7105f7051fe240c1']", "pattern_type": "stix", "pattern_version": "2.1", "valid_from": "2022-05-13T15:13:40.264715Z", "labels": ["malicious-activity"]}, {"type": "relationship", "spec_version": "2.1", "id": "relationship--aa627588-3b62-4806-9c29-42791c18c76d", "created": "2022-05-13T14:13:40.266709Z", "modified": "2022-05-13T14:13:40.266709Z", "relationship_type": "indicates", "source_ref": "indicator--30b23978-a49b-400e-98de-ca13b7bef72d", "target_ref": "malware--2669a5ed-a033-4139-b4f0-03dac711afa7"}, {"type": "indicator", "spec_version": "2.1", "id": "indicator--fed47fd7-b16f-44b3-afa3-f724fbcb40f6", "created_by_ref": "identity--210617a8-40a2-4cf2-9ae5-3fe2c0d05f53", "created": "2022-05-13T14:13:40.266709Z", "modified": "2022-05-13T14:13:40.266709Z", "name": "Malicious SHA256 - b6f2e008967c5527337448d768f2332d14b92de22a1279fd4d91000bb3d4a0fd", "description": "Malicious SHA256 involved with New Hermetic Wiper Malware", "pattern": "[file:hashes.'SHA-256' = 'b6f2e008967c5527337448d768f2332d14b92de22a1279fd4d91000bb3d4a0fd']", "pattern_type": "stix", "pattern_version": "2.1", "valid_from": "2022-05-13T15:13:40.266709Z", "labels": ["malicious-activity"]}, {"type": "relationship", "spec_version": "2.1", "id": "relationship--5ff7f25d-19c6-4c8a-94c4-7842fc132343", "created": "2022-05-13T14:13:40.269734Z", "modified": "2022-05-13T14:13:40.269734Z", "relationship_type": "indicates", "source_ref": "indicator--fed47fd7-b16f-44b3-afa3-f724fbcb40f6", "target_ref": "malware--2669a5ed-a033-4139-b4f0-03dac711afa7"}, {"type": "indicator", "spec_version": "2.1", "id": "indicator--1de407cd-386d-4111-b78f-f2322a7ef8e3", "created_by_ref": "identity--210617a8-40a2-4cf2-9ae5-3fe2c0d05f53", "created": "2022-05-13T14:13:40.269734Z", "modified": "2022-05-13T14:13:40.269734Z", "name": "Malicious SHA256 - b9a9acfc4748a50ada048af2fa6bc9516da89e36e94e10f96effbcb167faa76d", "description": "Malicious SHA256 involved with New Hermetic Wiper Malware", "pattern": "[file:hashes.'SHA-256' = 'b9a9acfc4748a50ada048af2fa6bc9516da89e36e94e10f96effbcb167faa76d']", "pattern_type": "stix", "pattern_version": "2.1", "valid_from": "2022-05-13T15:13:40.269734Z", "labels": ["malicious-activity"]}, {"type": "relationship", "spec_version": "2.1", "id": "relationship--c5ddb6f2-7dd6-4876-891b-a1252fccad4e", "created": "2022-05-13T14:13:40.271728Z", "modified": "2022-05-13T14:13:40.271728Z", "relationship_type": "indicates", "source_ref": "indicator--1de407cd-386d-4111-b78f-f2322a7ef8e3", "target_ref": "malware--2669a5ed-a033-4139-b4f0-03dac711afa7"}, {"type": "indicator", "spec_version": "2.1", "id": "indicator--5acd3964-3b3a-4ee5-aa74-ac755f0480d4", "created_by_ref": "identity--210617a8-40a2-4cf2-9ae5-3fe2c0d05f53", "created": "2022-05-13T14:13:40.272725Z", "modified": "2022-05-13T14:13:40.272725Z", "name": "Malicious SHA256 - cbc7f2afe334bc160b741dde2e857ff26e01925744b9f0668a826aa4a1437ab8", "description": "Malicious SHA256 involved with New Hermetic Wiper Malware", "pattern": "[file:hashes.'SHA-256' = 'cbc7f2afe334bc160b741dde2e857ff26e01925744b9f0668a826aa4a1437ab8']", "pattern_type": "stix", "pattern_version": "2.1", "valid_from": "2022-05-13T15:13:40.272725Z", "labels": ["malicious-activity"]}, {"type": "relationship", "spec_version": "2.1", "id": "relationship--a9a0bf85-f1ea-4560-92c6-eb96b7a6f410", "created": "2022-05-13T14:13:40.27472Z", "modified": "2022-05-13T14:13:40.27472Z", "relationship_type": "indicates", "source_ref": "indicator--5acd3964-3b3a-4ee5-aa74-ac755f0480d4", "target_ref": "malware--2669a5ed-a033-4139-b4f0-03dac711afa7"}, {"type": "indicator", "spec_version": "2.1", "id": "indicator--c28cddfb-cdac-4c51-8af6-33b5ea20652c", "created_by_ref": "identity--210617a8-40a2-4cf2-9ae5-3fe2c0d05f53", "created": "2022-05-13T14:13:40.275718Z", "modified": "2022-05-13T14:13:40.275718Z", "name": "Malicious SHA256 - d5b652683b2859e650181b0c488c2cd84565ff01fd09dc811fc0b0166e32882a", "description": "Malicious SHA256 involved with New Hermetic Wiper Malware", "pattern": "[file:hashes.'SHA-256' = 'd5b652683b2859e650181b0c488c2cd84565ff01fd09dc811fc0b0166e32882a']", "pattern_type": "stix", "pattern_version": "2.1", "valid_from": "2022-05-13T15:13:40.275718Z", "labels": ["malicious-activity"]}, {"type": "relationship", "spec_version": "2.1", "id": "relationship--55de09d9-769f-4f5d-aaf8-d116b2b14d3f", "created": "2022-05-13T14:13:40.279743Z", "modified": "2022-05-13T14:13:40.279743Z", "relationship_type": "indicates", "source_ref": "indicator--c28cddfb-cdac-4c51-8af6-33b5ea20652c", "target_ref": "malware--2669a5ed-a033-4139-b4f0-03dac711afa7"}, {"type": "indicator", "spec_version": "2.1", "id": "indicator--316e48a0-a751-4184-9755-aa18232caf9a", "created_by_ref": "identity--210617a8-40a2-4cf2-9ae5-3fe2c0d05f53", "created": "2022-05-13T14:13:40.279743Z", "modified": "2022-05-13T14:13:40.279743Z", "name": "Malicious SHA256 - e5f3ef69a534260e899a36cec459440dc572388defd8f1d98760d31c700f42d5", "description": "Malicious SHA256 involved with New Hermetic Wiper Malware", "pattern": "[file:hashes.'SHA-256' = 'e5f3ef69a534260e899a36cec459440dc572388defd8f1d98760d31c700f42d5']", "pattern_type": "stix", "pattern_version": "2.1", "valid_from": "2022-05-13T15:13:40.279743Z", "labels": ["malicious-activity"]}, {"type": "relationship", "spec_version": "2.1", "id": "relationship--73192d59-4ef6-4842-857b-7c822d4091be", "created": "2022-05-13T14:13:40.283731Z", "modified": "2022-05-13T14:13:40.283731Z", "relationship_type": "indicates", "source_ref": "indicator--316e48a0-a751-4184-9755-aa18232caf9a", "target_ref": "malware--2669a5ed-a033-4139-b4f0-03dac711afa7"}, {"type": "indicator", "spec_version": "2.1", "id": "indicator--f0b22eaa-2842-40e6-a197-f40c07e1f670", "created_by_ref": "identity--210617a8-40a2-4cf2-9ae5-3fe2c0d05f53", "created": "2022-05-13T14:13:40.28427Z", "modified": "2022-05-13T14:13:40.28427Z", "name": "Malicious SHA256 - e9ed31c047dcf6653bf3623b34045949ecf06892fea805a67482ef031438dcb1", "description": "Malicious SHA256 involved with New Hermetic Wiper Malware", "pattern": "[file:hashes.'SHA-256' = 'e9ed31c047dcf6653bf3623b34045949ecf06892fea805a67482ef031438dcb1']", "pattern_type": "stix", "pattern_version": "2.1", "valid_from": "2022-05-13T15:13:40.28427Z", "labels": ["malicious-activity"]}, {"type": "relationship", "spec_version": "2.1", "id": "relationship--5f1d0e8e-f9ed-4e2c-b2c2-9d7d741ed1d6", "created": "2022-05-13T14:13:40.287244Z", "modified": "2022-05-13T14:13:40.287244Z", "relationship_type": "indicates", "source_ref": "indicator--f0b22eaa-2842-40e6-a197-f40c07e1f670", "target_ref": "malware--2669a5ed-a033-4139-b4f0-03dac711afa7"}, {"type": "indicator", "spec_version": "2.1", "id": "indicator--b81f29f7-9967-4612-a017-39d53fcf8dd3", "created_by_ref": "identity--210617a8-40a2-4cf2-9ae5-3fe2c0d05f53", "created": "2022-05-13T14:13:40.288261Z", "modified": "2022-05-13T14:13:40.288261Z", "name": "Malicious SHA256 - fd7eacc2f87aceac865b0aa97a50503d44b799f27737e009f91f3c281233c17d", "description": "Malicious SHA256 involved with New Hermetic Wiper Malware", "pattern": "[file:hashes.'SHA-256' = 'fd7eacc2f87aceac865b0aa97a50503d44b799f27737e009f91f3c281233c17d']", "pattern_type": "stix", "pattern_version": "2.1", "valid_from": "2022-05-13T15:13:40.288261Z", "labels": ["malicious-activity"]}, {"type": "relationship", "spec_version": "2.1", "id": "relationship--24397687-dca5-4695-8d72-1d26c6f17168", "created": "2022-05-13T14:13:40.290259Z", "modified": "2022-05-13T14:13:40.290259Z", "relationship_type": "indicates", "source_ref": "indicator--b81f29f7-9967-4612-a017-39d53fcf8dd3", "target_ref": "malware--2669a5ed-a033-4139-b4f0-03dac711afa7"}, {"type": "indicator", "spec_version": "2.1", "id": "indicator--1bffed8b-eff2-4498-9f11-6f54d801febd", "created_by_ref": "identity--210617a8-40a2-4cf2-9ae5-3fe2c0d05f53", "created": "2022-05-13T14:13:40.291256Z", "modified": "2022-05-13T14:13:40.291256Z", "name": "Malicious URL - http://94.158.244.27/absolute.ace", "description": "Malicious URL involved with New Hermetic Wiper Malware", "pattern": "[url:value = 'http://94.158.244.27/absolute.ace']", "pattern_type": "stix", "pattern_version": "2.1", "valid_from": "2022-05-13T15:13:40.291256Z", "labels": ["malicious-activity"]}, {"type": "relationship", "spec_version": "2.1", "id": "relationship--a0ac05cb-fc12-4439-a7d9-31c32739adec", "created": "2022-05-13T14:13:40.294599Z", "modified": "2022-05-13T14:13:40.294599Z", "relationship_type": "indicates", "source_ref": "indicator--1bffed8b-eff2-4498-9f11-6f54d801febd", "target_ref": "malware--2669a5ed-a033-4139-b4f0-03dac711afa7"}, {"type": "indicator", "spec_version": "2.1", "id": "indicator--8b94d5ee-d065-49b6-9b82-422ea3631a00", "created_by_ref": "identity--210617a8-40a2-4cf2-9ae5-3fe2c0d05f53", "created": "2022-05-13T14:13:40.295727Z", "modified": "2022-05-13T14:13:40.295727Z", "name": "Malicious URL - http://94.158.244.27/distant.cdr", "description": "Malicious URL involved with New Hermetic Wiper Malware", "pattern": "[url:value = 'http://94.158.244.27/distant.cdr']", "pattern_type": "stix", "pattern_version": "2.1", "valid_from": "2022-05-13T15:13:40.295727Z", "labels": ["malicious-activity"]}, {"type": "relationship", "spec_version": "2.1", "id": "relationship--b3fb77f7-1a92-443e-9719-67e478400609", "created": "2022-05-13T14:13:40.299021Z", "modified": "2022-05-13T14:13:40.299021Z", "relationship_type": "indicates", "source_ref": "indicator--8b94d5ee-d065-49b6-9b82-422ea3631a00", "target_ref": "malware--2669a5ed-a033-4139-b4f0-03dac711afa7"}, {"type": "indicator", "spec_version": "2.1", "id": "indicator--76134de6-b4ba-4f14-89e5-7c3e1cc3b4b1", "created_by_ref": "identity--210617a8-40a2-4cf2-9ae5-3fe2c0d05f53", "created": "2022-05-13T14:13:40.299612Z", "modified": "2022-05-13T14:13:40.299612Z", "name": "Malicious URL - http://files-download.infousa.xyz/Windows_photo_viewers.msi", "description": "Malicious URL involved with New Hermetic Wiper Malware", "pattern": "[url:value = 'http://files-download.infousa.xyz/Windows_photo_viewers.msi']", "pattern_type": "stix", "pattern_version": "2.1", "valid_from": "2022-05-13T15:13:40.299612Z", "labels": ["malicious-activity"]}, {"type": "relationship", "spec_version": "2.1", "id": "relationship--a4fb2bfe-3e24-4b61-86f0-d54c49509d51", "created": "2022-05-13T14:13:40.302604Z", "modified": "2022-05-13T14:13:40.302604Z", "relationship_type": "indicates", "source_ref": "indicator--76134de6-b4ba-4f14-89e5-7c3e1cc3b4b1", "target_ref": "malware--2669a5ed-a033-4139-b4f0-03dac711afa7"}, {"type": "indicator", "spec_version": "2.1", "id": "indicator--9334f4f6-d5be-41f2-89db-fdf4817c6f9a", "created_by_ref": "identity--210617a8-40a2-4cf2-9ae5-3fe2c0d05f53", "created": "2022-05-13T14:13:40.303601Z", "modified": "2022-05-13T14:13:40.303601Z", "name": "Malicious URL - http://my.cloud-file.online/Microsoft_VieweR_2012.msi", "description": "Malicious URL involved with New Hermetic Wiper Malware", "pattern": "[url:value = 'http://my.cloud-file.online/Microsoft_VieweR_2012.msi']", "pattern_type": "stix", "pattern_version": "2.1", "valid_from": "2022-05-13T15:13:40.303601Z", "labels": ["malicious-activity"]}, {"type": "relationship", "spec_version": "2.1", "id": "relationship--10dfb1b6-fbd0-4c6f-ae22-77abdee603a3", "created": "2022-05-13T14:13:40.306594Z", "modified": "2022-05-13T14:13:40.306594Z", "relationship_type": "indicates", "source_ref": "indicator--9334f4f6-d5be-41f2-89db-fdf4817c6f9a", "target_ref": "malware--2669a5ed-a033-4139-b4f0-03dac711afa7"}, {"type": "indicator", "spec_version": "2.1", "id": "indicator--f37d5401-c18b-4cd1-b6d2-02d8b3565b93", "created_by_ref": "identity--210617a8-40a2-4cf2-9ae5-3fe2c0d05f53", "created": "2022-05-13T14:13:40.307614Z", "modified": "2022-05-13T14:13:40.307614Z", "name": "Malicious URL - http://my.mondeychamp.xyz/ReadMe.msi", "description": "Malicious URL involved with New Hermetic Wiper Malware", "pattern": "[url:value = 'http://my.mondeychamp.xyz/ReadMe.msi']", "pattern_type": "stix", "pattern_version": "2.1", "valid_from": "2022-05-13T15:13:40.307614Z", "labels": ["malicious-activity"]}, {"type": "relationship", "spec_version": "2.1", "id": "relationship--83b0f060-116e-4a4d-9b7f-8224bd3fece6", "created": "2022-05-13T14:13:40.310611Z", "modified": "2022-05-13T14:13:40.310611Z", "relationship_type": "indicates", "source_ref": "indicator--f37d5401-c18b-4cd1-b6d2-02d8b3565b93", "target_ref": "malware--2669a5ed-a033-4139-b4f0-03dac711afa7"}, {"type": "indicator", "spec_version": "2.1", "id": "indicator--6a7628f1-3a83-4019-9da0-7fd2276aaef9", "created_by_ref": "identity--210617a8-40a2-4cf2-9ae5-3fe2c0d05f53", "created": "2022-05-13T14:13:40.311609Z", "modified": "2022-05-13T14:13:40.311609Z", "name": "Malicious URL - http://surname192.temp.swtest.ru/prapor/su/derg.gif", "description": "Malicious URL involved with New Hermetic Wiper Malware", "pattern": "[url:value = 'http://surname192.temp.swtest.ru/prapor/su/derg.gif']", "pattern_type": "stix", "pattern_version": "2.1", "valid_from": "2022-05-13T15:13:40.311609Z", "labels": ["malicious-activity"]}, {"type": "relationship", "spec_version": "2.1", "id": "relationship--3ab5b06e-1d8c-493e-a9de-7833f4e727b9", "created": "2022-05-13T14:13:40.313601Z", "modified": "2022-05-13T14:13:40.313601Z", "relationship_type": "indicates", "source_ref": "indicator--6a7628f1-3a83-4019-9da0-7fd2276aaef9", "target_ref": "malware--2669a5ed-a033-4139-b4f0-03dac711afa7"}, {"type": "indicator", "spec_version": "2.1", "id": "indicator--63d7b834-d44a-4d6d-bfc5-64af783d1c04", "created_by_ref": "identity--210617a8-40a2-4cf2-9ae5-3fe2c0d05f53", "created": "2022-05-13T14:13:40.313601Z", "modified": "2022-05-13T14:13:40.313601Z", "name": "Malicious URL - http://surname192.temp.swtest.ru/prapor/su/flages.gif", "description": "Malicious URL involved with New Hermetic Wiper Malware", "pattern": "[url:value = 'http://surname192.temp.swtest.ru/prapor/su/flages.gif']", "pattern_type": "stix", "pattern_version": "2.1", "valid_from": "2022-05-13T15:13:40.313601Z", "labels": ["malicious-activity"]}, {"type": "relationship", "spec_version": "2.1", "id": "relationship--44460c0e-a9c4-4ae3-9a73-d7420412ce61", "created": "2022-05-13T14:13:40.315596Z", "modified": "2022-05-13T14:13:40.315596Z", "relationship_type": "indicates", "source_ref": "indicator--63d7b834-d44a-4d6d-bfc5-64af783d1c04", "target_ref": "malware--2669a5ed-a033-4139-b4f0-03dac711afa7"}, {"type": "indicator", "spec_version": "2.1", "id": "indicator--7eef4d6b-08bf-4745-83c1-a4ca20f86466", "created_by_ref": "identity--210617a8-40a2-4cf2-9ae5-3fe2c0d05f53", "created": "2022-05-13T14:13:40.315596Z", "modified": "2022-05-13T14:13:40.315596Z", "name": "Malicious URL - http://surname192.temp.swtest.ru/prapor/su/flagua.gif", "description": "Malicious URL involved with New Hermetic Wiper Malware", "pattern": "[url:value = 'http://surname192.temp.swtest.ru/prapor/su/flagua.gif']", "pattern_type": "stix", "pattern_version": "2.1", "valid_from": "2022-05-13T15:13:40.315596Z", "labels": ["malicious-activity"]}, {"type": "relationship", "spec_version": "2.1", "id": "relationship--ce7734a1-00b3-4b94-b420-98822770a045", "created": "2022-05-13T14:13:40.318226Z", "modified": "2022-05-13T14:13:40.318226Z", "relationship_type": "indicates", "source_ref": "indicator--7eef4d6b-08bf-4745-83c1-a4ca20f86466", "target_ref": "malware--2669a5ed-a033-4139-b4f0-03dac711afa7"}, {"type": "indicator", "spec_version": "2.1", "id": "indicator--3b450b5c-0a11-4125-89ec-e4b8180deb2f", "created_by_ref": "identity--210617a8-40a2-4cf2-9ae5-3fe2c0d05f53", "created": "2022-05-13T14:13:40.318226Z", "modified": "2022-05-13T14:13:40.318226Z", "name": "Malicious URL - http://surname192.temp.swtest.ru/prapor/su/ino.gif", "description": "Malicious URL involved with New Hermetic Wiper Malware", "pattern": "[url:value = 'http://surname192.temp.swtest.ru/prapor/su/ino.gif']", "pattern_type": "stix", "pattern_version": "2.1", "valid_from": "2022-05-13T15:13:40.318226Z", "labels": ["malicious-activity"]}, {"type": "relationship", "spec_version": "2.1", "id": "relationship--f4d4c354-5cf9-4885-afeb-9988b70e21dc", "created": "2022-05-13T14:13:40.321222Z", "modified": "2022-05-13T14:13:40.321222Z", "relationship_type": "indicates", "source_ref": "indicator--3b450b5c-0a11-4125-89ec-e4b8180deb2f", "target_ref": "malware--2669a5ed-a033-4139-b4f0-03dac711afa7"}, {"type": "indicator", "spec_version": "2.1", "id": "indicator--26477b53-dfed-4ac0-99a3-6bd65f6471e7", "created_by_ref": "identity--210617a8-40a2-4cf2-9ae5-3fe2c0d05f53", "created": "2022-05-13T14:13:40.321222Z", "modified": "2022-05-13T14:13:40.321222Z", "name": "Malicious domain - coagula.online", "description": "Malicious domain involved with New Hermetic Wiper Malware", "pattern": "[domain-name:value = 'coagula.online']", "pattern_type": "stix", "pattern_version": "2.1", "valid_from": "2022-05-13T15:13:40.321222Z", "labels": ["malicious-activity"]}, {"type": "relationship", "spec_version": "2.1", "id": "relationship--fc285f3e-5985-4499-8cb1-87634a8930da", "created": "2022-05-13T14:13:40.326209Z", "modified": "2022-05-13T14:13:40.326209Z", "relationship_type": "indicates", "source_ref": "indicator--26477b53-dfed-4ac0-99a3-6bd65f6471e7", "target_ref": "malware--2669a5ed-a033-4139-b4f0-03dac711afa7"}, {"type": "indicator", "spec_version": "2.1", "id": "indicator--0533a207-092b-4cfa-9e00-ace1a8cc6781", "created_by_ref": "identity--210617a8-40a2-4cf2-9ae5-3fe2c0d05f53", "created": "2022-05-13T14:13:40.326209Z", "modified": "2022-05-13T14:13:40.326209Z", "name": "Malicious domain - kfctm.online", "description": "Malicious domain involved with New Hermetic Wiper Malware", "pattern": "[domain-name:value = 'kfctm.online']", "pattern_type": "stix", "pattern_version": "2.1", "valid_from": "2022-05-13T15:13:40.326209Z", "labels": ["malicious-activity"]}, {"type": "relationship", "spec_version": "2.1", "id": "relationship--d69cec20-02ac-4774-9ce7-ba68fde4d5f0", "created": "2022-05-13T14:13:40.329004Z", "modified": "2022-05-13T14:13:40.329004Z", "relationship_type": "indicates", "source_ref": "indicator--0533a207-092b-4cfa-9e00-ace1a8cc6781", "target_ref": "malware--2669a5ed-a033-4139-b4f0-03dac711afa7"}, {"type": "indicator", "spec_version": "2.1", "id": "indicator--af617ef2-2112-4cc1-9ddb-57d7e4ba7423", "created_by_ref": "identity--210617a8-40a2-4cf2-9ae5-3fe2c0d05f53", "created": "2022-05-13T14:13:40.329952Z", "modified": "2022-05-13T14:13:40.329952Z", "name": "Malicious domain - declaration.deed.coagula.online", "description": "Malicious domain involved with New Hermetic Wiper Malware", "pattern": "[domain-name:value = 'declaration.deed.coagula.online']", "pattern_type": "stix", "pattern_version": "2.1", "valid_from": "2022-05-13T15:13:40.329952Z", "labels": ["malicious-activity"]}, {"type": "relationship", "spec_version": "2.1", "id": "relationship--3b143528-45d1-4239-bd8c-cb20e30024ab", "created": "2022-05-13T14:13:40.332054Z", "modified": "2022-05-13T14:13:40.332054Z", "relationship_type": "indicates", "source_ref": "indicator--af617ef2-2112-4cc1-9ddb-57d7e4ba7423", "target_ref": "malware--2669a5ed-a033-4139-b4f0-03dac711afa7"}, {"type": "indicator", "spec_version": "2.1", "id": "indicator--0b32d427-1af3-4e47-99f1-ae97ffd71d5a", "created_by_ref": "identity--210617a8-40a2-4cf2-9ae5-3fe2c0d05f53", "created": "2022-05-13T14:13:40.332054Z", "modified": "2022-05-13T14:13:40.332054Z", "name": "Malicious domain - deer.dentist.coagula.online", "description": "Malicious domain involved with New Hermetic Wiper Malware", "pattern": "[domain-name:value = 'deer.dentist.coagula.online']", "pattern_type": "stix", "pattern_version": "2.1", "valid_from": "2022-05-13T15:13:40.332054Z", "labels": ["malicious-activity"]}, {"type": "relationship", "spec_version": "2.1", "id": "relationship--fffa82ed-e197-436b-a2fd-abc3788a086a", "created": "2022-05-13T14:13:40.333942Z", "modified": "2022-05-13T14:13:40.333942Z", "relationship_type": "indicates", "source_ref": "indicator--0b32d427-1af3-4e47-99f1-ae97ffd71d5a", "target_ref": "malware--2669a5ed-a033-4139-b4f0-03dac711afa7"}, {"type": "indicator", "spec_version": "2.1", "id": "indicator--73f75e21-1cbd-4c09-83fb-469c2e05152c", "created_by_ref": "identity--210617a8-40a2-4cf2-9ae5-3fe2c0d05f53", "created": "2022-05-13T14:13:40.334481Z", "modified": "2022-05-13T14:13:40.334481Z", "name": "Malicious domain - download.logins.online", "description": "Malicious domain involved with New Hermetic Wiper Malware", "pattern": "[domain-name:value = 'download.logins.online']", "pattern_type": "stix", "pattern_version": "2.1", "valid_from": "2022-05-13T15:13:40.334481Z", "labels": ["malicious-activity"]}, {"type": "relationship", "spec_version": "2.1", "id": "relationship--0bbda39b-2f9a-4e38-9e37-bf6171a025b9", "created": "2022-05-13T14:13:40.335936Z", "modified": "2022-05-13T14:13:40.335936Z", "relationship_type": "indicates", "source_ref": "indicator--73f75e21-1cbd-4c09-83fb-469c2e05152c", "target_ref": "malware--2669a5ed-a033-4139-b4f0-03dac711afa7"}, {"type": "indicator", "spec_version": "2.1", "id": "indicator--5952083a-5e98-4d2b-8d1f-0d2e70a48c07", "created_by_ref": "identity--210617a8-40a2-4cf2-9ae5-3fe2c0d05f53", "created": "2022-05-13T14:13:40.335936Z", "modified": "2022-05-13T14:13:40.335936Z", "name": "Malicious domain - files-download.infousa.xyz", "description": "Malicious domain involved with New Hermetic Wiper Malware", "pattern": "[domain-name:value = 'files-download.infousa.xyz']", "pattern_type": "stix", "pattern_version": "2.1", "valid_from": "2022-05-13T15:13:40.335936Z", "labels": ["malicious-activity"]}, {"type": "relationship", "spec_version": "2.1", "id": "relationship--1b6b524b-0306-46d8-96eb-a4693feef145", "created": "2022-05-13T14:13:40.337955Z", "modified": "2022-05-13T14:13:40.337955Z", "relationship_type": "indicates", "source_ref": "indicator--5952083a-5e98-4d2b-8d1f-0d2e70a48c07", "target_ref": "malware--2669a5ed-a033-4139-b4f0-03dac711afa7"}, {"type": "indicator", "spec_version": "2.1", "id": "indicator--2c196db1-c570-4f2d-b08b-a09df8dea0b1", "created_by_ref": "identity--210617a8-40a2-4cf2-9ae5-3fe2c0d05f53", "created": "2022-05-13T14:13:40.338928Z", "modified": "2022-05-13T14:13:40.338928Z", "name": "Malicious domain - my.cloud-file.online", "description": "Malicious domain involved with New Hermetic Wiper Malware", "pattern": "[domain-name:value = 'my.cloud-file.online']", "pattern_type": "stix", "pattern_version": "2.1", "valid_from": "2022-05-13T15:13:40.338928Z", "labels": ["malicious-activity"]}, {"type": "relationship", "spec_version": "2.1", "id": "relationship--7eafc893-0334-48f6-b5e4-c5cadb614a02", "created": "2022-05-13T14:13:40.340922Z", "modified": "2022-05-13T14:13:40.340922Z", "relationship_type": "indicates", "source_ref": "indicator--2c196db1-c570-4f2d-b08b-a09df8dea0b1", "target_ref": "malware--2669a5ed-a033-4139-b4f0-03dac711afa7"}, {"type": "indicator", "spec_version": "2.1", "id": "indicator--0d857ccb-ee72-4105-8ce3-86f19df4732e", "created_by_ref": "identity--210617a8-40a2-4cf2-9ae5-3fe2c0d05f53", "created": "2022-05-13T14:13:40.340922Z", "modified": "2022-05-13T14:13:40.340922Z", "name": "Malicious domain - my.mondeychamp.xyz", "description": "Malicious domain involved with New Hermetic Wiper Malware", "pattern": "[domain-name:value = 'my.mondeychamp.xyz']", "pattern_type": "stix", "pattern_version": "2.1", "valid_from": "2022-05-13T15:13:40.340922Z", "labels": ["malicious-activity"]}, {"type": "relationship", "spec_version": "2.1", "id": "relationship--4edfde02-2fa2-4add-8da6-c05a71f50f13", "created": "2022-05-13T14:13:40.343914Z", "modified": "2022-05-13T14:13:40.343914Z", "relationship_type": "indicates", "source_ref": "indicator--0d857ccb-ee72-4105-8ce3-86f19df4732e", "target_ref": "malware--2669a5ed-a033-4139-b4f0-03dac711afa7"}, {"type": "indicator", "spec_version": "2.1", "id": "indicator--6b1d55f0-7635-4150-bcbf-9277a801e0e6", "created_by_ref": "identity--210617a8-40a2-4cf2-9ae5-3fe2c0d05f53", "created": "2022-05-13T14:13:40.34462Z", "modified": "2022-05-13T14:13:40.34462Z", "name": "Malicious domain - surname192.temp.swtest.ru", "description": "Malicious domain involved with New Hermetic Wiper Malware", "pattern": "[domain-name:value = 'surname192.temp.swtest.ru']", "pattern_type": "stix", "pattern_version": "2.1", "valid_from": "2022-05-13T15:13:40.34462Z", "labels": ["malicious-activity"]}, {"type": "relationship", "spec_version": "2.1", "id": "relationship--efb0a792-c71d-4e74-bd77-04db56561097", "created": "2022-05-13T14:13:40.347503Z", "modified": "2022-05-13T14:13:40.347503Z", "relationship_type": "indicates", "source_ref": "indicator--6b1d55f0-7635-4150-bcbf-9277a801e0e6", "target_ref": "malware--2669a5ed-a033-4139-b4f0-03dac711afa7"}]}