{"type": "bundle", "id": "bundle--727c9f0b-c3dd-4de5-820c-153ae7032d22", "objects": [{"type": "identity", "spec_version": "2.1", "id": "identity--6aa6a7a7-b86d-44f4-8289-a60a00577ebe", "created": "2022-05-13T14:11:36.096345Z", "modified": "2022-05-13T14:11:36.096345Z", "name": "Bournemouth University CERT"}, {"type": "malware", "spec_version": "2.1", "id": "malware--21203360-a716-48f6-978c-e28d92a664f9", "created": "2022-05-13T14:11:36.096345Z", "modified": "2022-05-13T14:11:36.096345Z", "name": "Hermetic Wiper Malware", "description": "Hermetic Wiper Malware", "is_family": false}, {"type": "indicator", "spec_version": "2.1", "id": "indicator--2b76aa64-6703-4e22-85ec-14dff9f3a873", "created_by_ref": "identity--6aa6a7a7-b86d-44f4-8289-a60a00577ebe", "created": "2022-05-13T14:11:36.097854Z", "modified": "2022-05-13T14:11:36.097854Z", "name": "Malicious URL - http://download.logins.online/exe/LinK13112020.msi", "description": "Malicious URL involved with Hermetic Wiper Malware", "pattern": "[url:value = 'http://download.logins.online/exe/LinK13112020.msi']", "pattern_type": "stix", "pattern_version": "2.1", "valid_from": "2022-05-13T15:11:36.097854Z", "labels": ["malicious-activity"]}, {"type": "relationship", "spec_version": "2.1", "id": "relationship--cb2759c9-0a8b-41bd-875b-dd84e64c9ff5", "created": "2022-05-13T14:11:36.118918Z", "modified": "2022-05-13T14:11:36.118918Z", "relationship_type": "indicates", "source_ref": "indicator--2b76aa64-6703-4e22-85ec-14dff9f3a873", "target_ref": "malware--21203360-a716-48f6-978c-e28d92a664f9"}, {"type": "indicator", "spec_version": "2.1", "id": "indicator--11208dd0-3c1e-4a6f-86ab-9d4436ffdd70", "created_by_ref": "identity--6aa6a7a7-b86d-44f4-8289-a60a00577ebe", "created": "2022-05-13T14:11:36.118918Z", "modified": "2022-05-13T14:11:36.118918Z", "name": "Malicious URL - http://files-download.infousa.xyz/Windows_photo_viewer.msi", "description": "Malicious URL involved with Hermetic Wiper Malware", "pattern": "[url:value = 'http://files-download.infousa.xyz/Windows_photo_viewer.msi']", "pattern_type": "stix", "pattern_version": "2.1", "valid_from": "2022-05-13T15:11:36.118918Z", "labels": ["malicious-activity"]}, {"type": "relationship", "spec_version": "2.1", "id": "relationship--dde4352f-d594-497e-93d1-8966372e9ce7", "created": "2022-05-13T14:11:36.122907Z", "modified": "2022-05-13T14:11:36.122907Z", "relationship_type": "indicates", "source_ref": "indicator--11208dd0-3c1e-4a6f-86ab-9d4436ffdd70", "target_ref": "malware--21203360-a716-48f6-978c-e28d92a664f9"}, {"type": "indicator", "spec_version": "2.1", "id": "indicator--d19fe0e2-97c4-4201-9f7d-c453f3e2a807", "created_by_ref": "identity--6aa6a7a7-b86d-44f4-8289-a60a00577ebe", "created": "2022-05-13T14:11:36.122907Z", "modified": "2022-05-13T14:11:36.122907Z", "name": "Malicious URL - http://kfctm.online/0802adqeczoL7.msi", "description": "Malicious URL involved with Hermetic Wiper Malware", "pattern": "[url:value = 'http://kfctm.online/0802adqeczoL7.msi']", "pattern_type": "stix", "pattern_version": "2.1", "valid_from": "2022-05-13T15:11:36.122907Z", "labels": ["malicious-activity"]}, {"type": "relationship", "spec_version": "2.1", "id": "relationship--d0c7aa7e-3d13-4f55-91fd-5680d53c8067", "created": "2022-05-13T14:11:36.1259Z", "modified": "2022-05-13T14:11:36.1259Z", "relationship_type": "indicates", "source_ref": "indicator--d19fe0e2-97c4-4201-9f7d-c453f3e2a807", "target_ref": "malware--21203360-a716-48f6-978c-e28d92a664f9"}, {"type": "indicator", "spec_version": "2.1", "id": "indicator--433ca665-52af-48c4-9355-04dc4ed28f6f", "created_by_ref": "identity--6aa6a7a7-b86d-44f4-8289-a60a00577ebe", "created": "2022-05-13T14:11:36.1259Z", "modified": "2022-05-13T14:11:36.1259Z", "name": "Malicious URL - http://my.mondeychamp.xyz/uUi1rV.msi", "description": "Malicious URL involved with Hermetic Wiper Malware", "pattern": "[url:value = 'http://my.mondeychamp.xyz/uUi1rV.msi']", "pattern_type": "stix", "pattern_version": "2.1", "valid_from": "2022-05-13T15:11:36.1259Z", "labels": ["malicious-activity"]}, {"type": "relationship", "spec_version": "2.1", "id": "relationship--c6201e19-bf68-4d65-a963-24fc1725e9fd", "created": "2022-05-13T14:11:36.128131Z", "modified": "2022-05-13T14:11:36.128131Z", "relationship_type": "indicates", "source_ref": "indicator--433ca665-52af-48c4-9355-04dc4ed28f6f", "target_ref": "malware--21203360-a716-48f6-978c-e28d92a664f9"}, {"type": "indicator", "spec_version": "2.1", "id": "indicator--da52ddb0-24d5-4a3f-a341-6c389535c21b", "created_by_ref": "identity--6aa6a7a7-b86d-44f4-8289-a60a00577ebe", "created": "2022-05-13T14:11:36.128946Z", "modified": "2022-05-13T14:11:36.128946Z", "name": "Malicious MD5 - 178b0739ac2668910277cbf13f6386e8", "description": "Malicious MD5 involved with Hermetic Wiper Malware", "pattern": "[file:hashes.MD5 = '178b0739ac2668910277cbf13f6386e8']", "pattern_type": "stix", "pattern_version": "2.1", "valid_from": "2022-05-13T15:11:36.128946Z", "labels": ["malicious-activity"]}, {"type": "relationship", "spec_version": "2.1", "id": "relationship--57b758a1-0f40-4f83-8127-e5c3c2f8ffa6", "created": "2022-05-13T14:11:36.134958Z", "modified": "2022-05-13T14:11:36.134958Z", "relationship_type": "indicates", "source_ref": "indicator--da52ddb0-24d5-4a3f-a341-6c389535c21b", "target_ref": "malware--21203360-a716-48f6-978c-e28d92a664f9"}, {"type": "indicator", "spec_version": "2.1", "id": "indicator--2d1f58da-dc7c-4002-b157-45d56fc1531d", "created_by_ref": "identity--6aa6a7a7-b86d-44f4-8289-a60a00577ebe", "created": "2022-05-13T14:11:36.134958Z", "modified": "2022-05-13T14:11:36.134958Z", "name": "Malicious MD5 - 2b7b4ad2947516e633f5008ace02690d", "description": "Malicious MD5 involved with Hermetic Wiper Malware", "pattern": "[file:hashes.MD5 = '2b7b4ad2947516e633f5008ace02690d']", "pattern_type": "stix", "pattern_version": "2.1", "valid_from": "2022-05-13T15:11:36.134958Z", "labels": ["malicious-activity"]}, {"type": "relationship", "spec_version": "2.1", "id": "relationship--69afcb4c-d151-455c-bb70-6b6baee52c16", "created": "2022-05-13T14:11:36.13697Z", "modified": "2022-05-13T14:11:36.13697Z", "relationship_type": "indicates", "source_ref": "indicator--2d1f58da-dc7c-4002-b157-45d56fc1531d", "target_ref": "malware--21203360-a716-48f6-978c-e28d92a664f9"}, {"type": "indicator", "spec_version": "2.1", "id": "indicator--c2b082d1-a475-4ece-b897-3d4e630efaae", "created_by_ref": "identity--6aa6a7a7-b86d-44f4-8289-a60a00577ebe", "created": "2022-05-13T14:11:36.13697Z", "modified": "2022-05-13T14:11:36.13697Z", "name": "Malicious MD5 - 2cc96a41092e7adf726365bbc5726150", "description": "Malicious MD5 involved with Hermetic Wiper Malware", "pattern": "[file:hashes.MD5 = '2cc96a41092e7adf726365bbc5726150']", "pattern_type": "stix", "pattern_version": "2.1", "valid_from": "2022-05-13T15:11:36.13697Z", "labels": ["malicious-activity"]}, {"type": "relationship", "spec_version": "2.1", "id": "relationship--2dd1eb72-4470-4ad1-a2ad-80d90ab39466", "created": "2022-05-13T14:11:36.138997Z", "modified": "2022-05-13T14:11:36.138997Z", "relationship_type": "indicates", "source_ref": "indicator--c2b082d1-a475-4ece-b897-3d4e630efaae", "target_ref": "malware--21203360-a716-48f6-978c-e28d92a664f9"}, {"type": "indicator", "spec_version": "2.1", "id": "indicator--5c956e77-0763-4a94-b818-ae2ee09eb92e", "created_by_ref": "identity--6aa6a7a7-b86d-44f4-8289-a60a00577ebe", "created": "2022-05-13T14:11:36.138997Z", "modified": "2022-05-13T14:11:36.138997Z", "name": "Malicious MD5 - 3751b3326f3963794d3835dbf65ac048", "description": "Malicious MD5 involved with Hermetic Wiper Malware", "pattern": "[file:hashes.MD5 = '3751b3326f3963794d3835dbf65ac048']", "pattern_type": "stix", "pattern_version": "2.1", "valid_from": "2022-05-13T15:11:36.138997Z", "labels": ["malicious-activity"]}, {"type": "relationship", "spec_version": "2.1", "id": "relationship--b53a99f6-c900-492d-9c89-58cec4eff767", "created": "2022-05-13T14:11:36.140963Z", "modified": "2022-05-13T14:11:36.140963Z", "relationship_type": "indicates", "source_ref": "indicator--5c956e77-0763-4a94-b818-ae2ee09eb92e", "target_ref": "malware--21203360-a716-48f6-978c-e28d92a664f9"}, {"type": "indicator", "spec_version": "2.1", "id": "indicator--e949e1a1-7931-46ce-b5c2-b5d4494d43d5", "created_by_ref": "identity--6aa6a7a7-b86d-44f4-8289-a60a00577ebe", "created": "2022-05-13T14:11:36.141358Z", "modified": "2022-05-13T14:11:36.141358Z", "name": "Malicious MD5 - 3cfc9972ad7cbd13cac51aade3f2b501", "description": "Malicious MD5 involved with Hermetic Wiper Malware", "pattern": "[file:hashes.MD5 = '3cfc9972ad7cbd13cac51aade3f2b501']", "pattern_type": "stix", "pattern_version": "2.1", "valid_from": "2022-05-13T15:11:36.141358Z", "labels": ["malicious-activity"]}, {"type": "relationship", "spec_version": "2.1", "id": "relationship--154c8182-13c2-4e4a-9fc3-46678cace8d2", "created": "2022-05-13T14:11:36.143955Z", "modified": "2022-05-13T14:11:36.143955Z", "relationship_type": "indicates", "source_ref": "indicator--e949e1a1-7931-46ce-b5c2-b5d4494d43d5", "target_ref": "malware--21203360-a716-48f6-978c-e28d92a664f9"}, {"type": "indicator", "spec_version": "2.1", "id": "indicator--07d5f735-0fd7-4815-a92a-359d464c43bd", "created_by_ref": "identity--6aa6a7a7-b86d-44f4-8289-a60a00577ebe", "created": "2022-05-13T14:11:36.143955Z", "modified": "2022-05-13T14:11:36.143955Z", "name": "Malicious MD5 - 53ee0babcf03b17e02e4317b6a410b93", "description": "Malicious MD5 involved with Hermetic Wiper Malware", "pattern": "[file:hashes.MD5 = '53ee0babcf03b17e02e4317b6a410b93']", "pattern_type": "stix", "pattern_version": "2.1", "valid_from": "2022-05-13T15:11:36.143955Z", "labels": ["malicious-activity"]}, {"type": "relationship", "spec_version": "2.1", "id": "relationship--e067c36e-3d34-467e-b388-30dd02e45e48", "created": "2022-05-13T14:11:36.146814Z", "modified": "2022-05-13T14:11:36.146814Z", "relationship_type": "indicates", "source_ref": "indicator--07d5f735-0fd7-4815-a92a-359d464c43bd", "target_ref": "malware--21203360-a716-48f6-978c-e28d92a664f9"}, {"type": "indicator", "spec_version": "2.1", "id": "indicator--d52f74c3-7ea2-4c12-82aa-1ce79e163e64", "created_by_ref": "identity--6aa6a7a7-b86d-44f4-8289-a60a00577ebe", "created": "2022-05-13T14:11:36.147802Z", "modified": "2022-05-13T14:11:36.147802Z", "name": "Malicious MD5 - 56be65fe4d9709c10cae511d53d92d1a", "description": "Malicious MD5 involved with Hermetic Wiper Malware", "pattern": "[file:hashes.MD5 = '56be65fe4d9709c10cae511d53d92d1a']", "pattern_type": "stix", "pattern_version": "2.1", "valid_from": "2022-05-13T15:11:36.147802Z", "labels": ["malicious-activity"]}, {"type": "relationship", "spec_version": "2.1", "id": "relationship--e96f8627-3f35-443c-b138-d042caf067de", "created": "2022-05-13T14:11:36.149828Z", "modified": "2022-05-13T14:11:36.149828Z", "relationship_type": "indicates", "source_ref": "indicator--d52f74c3-7ea2-4c12-82aa-1ce79e163e64", "target_ref": "malware--21203360-a716-48f6-978c-e28d92a664f9"}, {"type": "indicator", "spec_version": "2.1", "id": "indicator--74ba99f6-cca4-4183-a88f-5c010e0c7f21", "created_by_ref": "identity--6aa6a7a7-b86d-44f4-8289-a60a00577ebe", "created": "2022-05-13T14:11:36.15082Z", "modified": "2022-05-13T14:11:36.15082Z", "name": "Malicious MD5 - 5f568c80ab68a4132506f29ede076679", "description": "Malicious MD5 involved with Hermetic Wiper Malware", "pattern": "[file:hashes.MD5 = '5f568c80ab68a4132506f29ede076679']", "pattern_type": "stix", "pattern_version": "2.1", "valid_from": "2022-05-13T15:11:36.15082Z", "labels": ["malicious-activity"]}, {"type": "relationship", "spec_version": "2.1", "id": "relationship--a0c73e5f-6ac2-4750-a767-3713a0ea28b1", "created": "2022-05-13T14:11:36.152815Z", "modified": "2022-05-13T14:11:36.152815Z", "relationship_type": "indicates", "source_ref": "indicator--74ba99f6-cca4-4183-a88f-5c010e0c7f21", "target_ref": "malware--21203360-a716-48f6-978c-e28d92a664f9"}, {"type": "indicator", "spec_version": "2.1", "id": "indicator--edcf941c-c4dd-4491-978a-bd186b9cb4b6", "created_by_ref": "identity--6aa6a7a7-b86d-44f4-8289-a60a00577ebe", "created": "2022-05-13T14:11:36.152815Z", "modified": "2022-05-13T14:11:36.152815Z", "name": "Malicious MD5 - 6d40826dc7a9c1f5fc15e9823f30966b", "description": "Malicious MD5 involved with Hermetic Wiper Malware", "pattern": "[file:hashes.MD5 = '6d40826dc7a9c1f5fc15e9823f30966b']", "pattern_type": "stix", "pattern_version": "2.1", "valid_from": "2022-05-13T15:11:36.152815Z", "labels": ["malicious-activity"]}, {"type": "relationship", "spec_version": "2.1", "id": "relationship--84851292-db50-4ce7-8421-8423c25ec4ad", "created": "2022-05-13T14:11:36.155164Z", "modified": "2022-05-13T14:11:36.155164Z", "relationship_type": "indicates", "source_ref": "indicator--edcf941c-c4dd-4491-978a-bd186b9cb4b6", "target_ref": "malware--21203360-a716-48f6-978c-e28d92a664f9"}, {"type": "indicator", "spec_version": "2.1", "id": "indicator--d3909ad1-78f7-43ec-a30f-8c8d29ae45f4", "created_by_ref": "identity--6aa6a7a7-b86d-44f4-8289-a60a00577ebe", "created": "2022-05-13T14:11:36.155164Z", "modified": "2022-05-13T14:11:36.155164Z", "name": "Malicious MD5 - 6fa9d3407b70e3928be3ee0a85ddb01c", "description": "Malicious MD5 involved with Hermetic Wiper Malware", "pattern": "[file:hashes.MD5 = '6fa9d3407b70e3928be3ee0a85ddb01c']", "pattern_type": "stix", "pattern_version": "2.1", "valid_from": "2022-05-13T15:11:36.155164Z", "labels": ["malicious-activity"]}, {"type": "relationship", "spec_version": "2.1", "id": "relationship--98656afc-ffbc-4bc5-9faf-19f5e0974934", "created": "2022-05-13T14:11:36.155778Z", "modified": "2022-05-13T14:11:36.155778Z", "relationship_type": "indicates", "source_ref": "indicator--d3909ad1-78f7-43ec-a30f-8c8d29ae45f4", "target_ref": "malware--21203360-a716-48f6-978c-e28d92a664f9"}, {"type": "indicator", "spec_version": "2.1", "id": "indicator--9f15ee3e-3f13-4fc1-95e9-9f1970345083", "created_by_ref": "identity--6aa6a7a7-b86d-44f4-8289-a60a00577ebe", "created": "2022-05-13T14:11:36.157268Z", "modified": "2022-05-13T14:11:36.157268Z", "name": "Malicious MD5 - 714f8341bd1c4bc1fc38a5407c430a1a", "description": "Malicious MD5 involved with Hermetic Wiper Malware", "pattern": "[file:hashes.MD5 = '714f8341bd1c4bc1fc38a5407c430a1a']", "pattern_type": "stix", "pattern_version": "2.1", "valid_from": "2022-05-13T15:11:36.157268Z", "labels": ["malicious-activity"]}, {"type": "relationship", "spec_version": "2.1", "id": "relationship--d8071053-19cc-4583-b114-e9731786bcea", "created": "2022-05-13T14:11:36.159305Z", "modified": "2022-05-13T14:11:36.159305Z", "relationship_type": "indicates", "source_ref": "indicator--9f15ee3e-3f13-4fc1-95e9-9f1970345083", "target_ref": "malware--21203360-a716-48f6-978c-e28d92a664f9"}, {"type": "indicator", "spec_version": "2.1", "id": "indicator--b38fdf1b-2187-4b4c-8036-9cab9d580759", "created_by_ref": "identity--6aa6a7a7-b86d-44f4-8289-a60a00577ebe", "created": "2022-05-13T14:11:36.159305Z", "modified": "2022-05-13T14:11:36.159305Z", "name": "Malicious MD5 - 7c1626fcaf47cdfe8aaed008d4421d8c", "description": "Malicious MD5 involved with Hermetic Wiper Malware", "pattern": "[file:hashes.MD5 = '7c1626fcaf47cdfe8aaed008d4421d8c']", "pattern_type": "stix", "pattern_version": "2.1", "valid_from": "2022-05-13T15:11:36.159305Z", "labels": ["malicious-activity"]}, {"type": "relationship", "spec_version": "2.1", "id": "relationship--0b7b99f9-febf-4e5f-8ce1-12ca84fb8698", "created": "2022-05-13T14:11:36.161541Z", "modified": "2022-05-13T14:11:36.161541Z", "relationship_type": "indicates", "source_ref": "indicator--b38fdf1b-2187-4b4c-8036-9cab9d580759", "target_ref": "malware--21203360-a716-48f6-978c-e28d92a664f9"}, {"type": "indicator", "spec_version": "2.1", "id": "indicator--22daeb13-6b2b-460b-819d-6f4883a8d08a", "created_by_ref": "identity--6aa6a7a7-b86d-44f4-8289-a60a00577ebe", "created": "2022-05-13T14:11:36.161541Z", "modified": "2022-05-13T14:11:36.161541Z", "name": "Malicious MD5 - 8293816be7f538ec6b37c641e9f9287f", "description": "Malicious MD5 involved with Hermetic Wiper Malware", "pattern": "[file:hashes.MD5 = '8293816be7f538ec6b37c641e9f9287f']", "pattern_type": "stix", "pattern_version": "2.1", "valid_from": "2022-05-13T15:11:36.161541Z", "labels": ["malicious-activity"]}, {"type": "relationship", "spec_version": "2.1", "id": "relationship--52a53016-c0a1-4951-961a-59ae8bf7a25c", "created": "2022-05-13T14:11:36.162567Z", "modified": "2022-05-13T14:11:36.162567Z", "relationship_type": "indicates", "source_ref": "indicator--22daeb13-6b2b-460b-819d-6f4883a8d08a", "target_ref": "malware--21203360-a716-48f6-978c-e28d92a664f9"}, {"type": "indicator", "spec_version": "2.1", "id": "indicator--7d6268d2-5af2-4503-bba5-41155f66832f", "created_by_ref": "identity--6aa6a7a7-b86d-44f4-8289-a60a00577ebe", "created": "2022-05-13T14:11:36.1642Z", "modified": "2022-05-13T14:11:36.1642Z", "name": "Malicious MD5 - 9f566a164a5c6ae046c24d0e911dc577", "description": "Malicious MD5 involved with Hermetic Wiper Malware", "pattern": "[file:hashes.MD5 = '9f566a164a5c6ae046c24d0e911dc577']", "pattern_type": "stix", "pattern_version": "2.1", "valid_from": "2022-05-13T15:11:36.1642Z", "labels": ["malicious-activity"]}, {"type": "relationship", "spec_version": "2.1", "id": "relationship--e14fed57-2eb5-4e0b-831c-ba312dfe8fc8", "created": "2022-05-13T14:11:36.165198Z", "modified": "2022-05-13T14:11:36.165198Z", "relationship_type": "indicates", "source_ref": "indicator--7d6268d2-5af2-4503-bba5-41155f66832f", "target_ref": "malware--21203360-a716-48f6-978c-e28d92a664f9"}, {"type": "indicator", "spec_version": "2.1", "id": "indicator--ef4224f4-89a3-4492-afdb-e095667cf76c", "created_by_ref": "identity--6aa6a7a7-b86d-44f4-8289-a60a00577ebe", "created": "2022-05-13T14:11:36.165198Z", "modified": "2022-05-13T14:11:36.165198Z", "name": "Malicious MD5 - 9fe8203b06c899d15cb20d2497103dbb", "description": "Malicious MD5 involved with Hermetic Wiper Malware", "pattern": "[file:hashes.MD5 = '9fe8203b06c899d15cb20d2497103dbb']", "pattern_type": "stix", "pattern_version": "2.1", "valid_from": "2022-05-13T15:11:36.165198Z", "labels": ["malicious-activity"]}, {"type": "relationship", "spec_version": "2.1", "id": "relationship--7022aaf4-80e6-404e-8a01-34406b04df00", "created": "2022-05-13T14:11:36.166739Z", "modified": "2022-05-13T14:11:36.166739Z", "relationship_type": "indicates", "source_ref": "indicator--ef4224f4-89a3-4492-afdb-e095667cf76c", "target_ref": "malware--21203360-a716-48f6-978c-e28d92a664f9"}, {"type": "indicator", "spec_version": "2.1", "id": "indicator--6fc204b6-4d94-4724-9a75-4b5069788046", "created_by_ref": "identity--6aa6a7a7-b86d-44f4-8289-a60a00577ebe", "created": "2022-05-13T14:11:36.167738Z", "modified": "2022-05-13T14:11:36.167738Z", "name": "Malicious MD5 - b25865010562a3863ef892311644b3bb", "description": "Malicious MD5 involved with Hermetic Wiper Malware", "pattern": "[file:hashes.MD5 = 'b25865010562a3863ef892311644b3bb']", "pattern_type": "stix", "pattern_version": "2.1", "valid_from": "2022-05-13T15:11:36.167738Z", "labels": ["malicious-activity"]}, {"type": "relationship", "spec_version": "2.1", "id": "relationship--20c326e3-3b52-420b-9a47-be72e2e786fa", "created": "2022-05-13T14:11:36.169329Z", "modified": "2022-05-13T14:11:36.169329Z", "relationship_type": "indicates", "source_ref": "indicator--6fc204b6-4d94-4724-9a75-4b5069788046", "target_ref": "malware--21203360-a716-48f6-978c-e28d92a664f9"}, {"type": "indicator", "spec_version": "2.1", "id": "indicator--1036552c-dcdc-4726-8a96-9554f5a61825", "created_by_ref": "identity--6aa6a7a7-b86d-44f4-8289-a60a00577ebe", "created": "2022-05-13T14:11:36.169329Z", "modified": "2022-05-13T14:11:36.169329Z", "name": "Malicious MD5 - ba1f2bfe95b219354ddad04b79579346", "description": "Malicious MD5 involved with Hermetic Wiper Malware", "pattern": "[file:hashes.MD5 = 'ba1f2bfe95b219354ddad04b79579346']", "pattern_type": "stix", "pattern_version": "2.1", "valid_from": "2022-05-13T15:11:36.169329Z", "labels": ["malicious-activity"]}, {"type": "relationship", "spec_version": "2.1", "id": "relationship--697bb6d1-2d8c-486d-bcae-6652b33b460b", "created": "2022-05-13T14:11:36.171404Z", "modified": "2022-05-13T14:11:36.171404Z", "relationship_type": "indicates", "source_ref": "indicator--1036552c-dcdc-4726-8a96-9554f5a61825", "target_ref": "malware--21203360-a716-48f6-978c-e28d92a664f9"}, {"type": "indicator", "spec_version": "2.1", "id": "indicator--1c140403-fd04-4320-beb7-9caacdd64d3f", "created_by_ref": "identity--6aa6a7a7-b86d-44f4-8289-a60a00577ebe", "created": "2022-05-13T14:11:36.171903Z", "modified": "2022-05-13T14:11:36.171903Z", "name": "Malicious MD5 - bc740d642893e0fe23c75264ca7c2bca", "description": "Malicious MD5 involved with Hermetic Wiper Malware", "pattern": "[file:hashes.MD5 = 'bc740d642893e0fe23c75264ca7c2bca']", "pattern_type": "stix", "pattern_version": "2.1", "valid_from": "2022-05-13T15:11:36.171903Z", "labels": ["malicious-activity"]}, {"type": "relationship", "spec_version": "2.1", "id": "relationship--0f403bac-c842-4802-be78-daedd1a8c9d3", "created": "2022-05-13T14:11:36.173372Z", "modified": "2022-05-13T14:11:36.173372Z", "relationship_type": "indicates", "source_ref": "indicator--1c140403-fd04-4320-beb7-9caacdd64d3f", "target_ref": "malware--21203360-a716-48f6-978c-e28d92a664f9"}, {"type": "indicator", "spec_version": "2.1", "id": "indicator--ddd4f9e6-140d-4ba3-88e0-d297ca229eaa", "created_by_ref": "identity--6aa6a7a7-b86d-44f4-8289-a60a00577ebe", "created": "2022-05-13T14:11:36.173372Z", "modified": "2022-05-13T14:11:36.173372Z", "name": "Malicious MD5 - bdcb83cc6f54d571a2c102fbbd8083c7", "description": "Malicious MD5 involved with Hermetic Wiper Malware", "pattern": "[file:hashes.MD5 = 'bdcb83cc6f54d571a2c102fbbd8083c7']", "pattern_type": "stix", "pattern_version": "2.1", "valid_from": "2022-05-13T15:11:36.173372Z", "labels": ["malicious-activity"]}, {"type": "relationship", "spec_version": "2.1", "id": "relationship--fda44fdf-3295-4fad-af8b-22436f439eb4", "created": "2022-05-13T14:11:36.175612Z", "modified": "2022-05-13T14:11:36.175612Z", "relationship_type": "indicates", "source_ref": "indicator--ddd4f9e6-140d-4ba3-88e0-d297ca229eaa", "target_ref": "malware--21203360-a716-48f6-978c-e28d92a664f9"}, {"type": "indicator", "spec_version": "2.1", "id": "indicator--d3b5ba73-862a-4dda-861e-9c9ab91056cd", "created_by_ref": "identity--6aa6a7a7-b86d-44f4-8289-a60a00577ebe", "created": "2022-05-13T14:11:36.175612Z", "modified": "2022-05-13T14:11:36.175612Z", "name": "Malicious MD5 - c2ef9f814fc99670572ee76ba06d24da", "description": "Malicious MD5 involved with Hermetic Wiper Malware", "pattern": "[file:hashes.MD5 = 'c2ef9f814fc99670572ee76ba06d24da']", "pattern_type": "stix", "pattern_version": "2.1", "valid_from": "2022-05-13T15:11:36.175612Z", "labels": ["malicious-activity"]}, {"type": "relationship", "spec_version": "2.1", "id": "relationship--9d7bc2f0-7d77-4064-9383-918894f1a653", "created": "2022-05-13T14:11:36.177605Z", "modified": "2022-05-13T14:11:36.177605Z", "relationship_type": "indicates", "source_ref": "indicator--d3b5ba73-862a-4dda-861e-9c9ab91056cd", "target_ref": "malware--21203360-a716-48f6-978c-e28d92a664f9"}, {"type": "indicator", "spec_version": "2.1", "id": "indicator--b94bf582-82c7-4ebc-92e4-0ad9ba735850", "created_by_ref": "identity--6aa6a7a7-b86d-44f4-8289-a60a00577ebe", "created": "2022-05-13T14:11:36.177605Z", "modified": "2022-05-13T14:11:36.177605Z", "name": "Malicious MD5 - c3564bde7b49322f2bacdc495146cfbc", "description": "Malicious MD5 involved with Hermetic Wiper Malware", "pattern": "[file:hashes.MD5 = 'c3564bde7b49322f2bacdc495146cfbc']", "pattern_type": "stix", "pattern_version": "2.1", "valid_from": "2022-05-13T15:11:36.177605Z", "labels": ["malicious-activity"]}, {"type": "relationship", "spec_version": "2.1", "id": "relationship--e7df3b52-ca49-416e-a252-0baede964199", "created": "2022-05-13T14:11:36.178602Z", "modified": "2022-05-13T14:11:36.178602Z", "relationship_type": "indicates", "source_ref": "indicator--b94bf582-82c7-4ebc-92e4-0ad9ba735850", "target_ref": "malware--21203360-a716-48f6-978c-e28d92a664f9"}, {"type": "indicator", "spec_version": "2.1", "id": "indicator--05ac8dda-f316-4b3b-bc8a-6b00c1b693ad", "created_by_ref": "identity--6aa6a7a7-b86d-44f4-8289-a60a00577ebe", "created": "2022-05-13T14:11:36.178602Z", "modified": "2022-05-13T14:11:36.178602Z", "name": "Malicious MD5 - d5628fe5de110e321110bbc76061702b", "description": "Malicious MD5 involved with Hermetic Wiper Malware", "pattern": "[file:hashes.MD5 = 'd5628fe5de110e321110bbc76061702b']", "pattern_type": "stix", "pattern_version": "2.1", "valid_from": "2022-05-13T15:11:36.178602Z", "labels": ["malicious-activity"]}, {"type": "relationship", "spec_version": "2.1", "id": "relationship--4040773a-24b2-431d-9cea-561020acd1e7", "created": "2022-05-13T14:11:36.181248Z", "modified": "2022-05-13T14:11:36.181248Z", "relationship_type": "indicates", "source_ref": "indicator--05ac8dda-f316-4b3b-bc8a-6b00c1b693ad", "target_ref": "malware--21203360-a716-48f6-978c-e28d92a664f9"}, {"type": "indicator", "spec_version": "2.1", "id": "indicator--a583bd1b-c7ef-4d3c-a743-28f0b3135a26", "created_by_ref": "identity--6aa6a7a7-b86d-44f4-8289-a60a00577ebe", "created": "2022-05-13T14:11:36.182243Z", "modified": "2022-05-13T14:11:36.182243Z", "name": "Malicious MD5 - e6a9e19e1b019f95bfc5a4e161794a7f", "description": "Malicious MD5 involved with Hermetic Wiper Malware", "pattern": "[file:hashes.MD5 = 'e6a9e19e1b019f95bfc5a4e161794a7f']", "pattern_type": "stix", "pattern_version": "2.1", "valid_from": "2022-05-13T15:11:36.182243Z", "labels": ["malicious-activity"]}, {"type": "relationship", "spec_version": "2.1", "id": "relationship--0039bd87-4c39-4dcd-9c15-1d6902b5af5e", "created": "2022-05-13T14:11:36.182243Z", "modified": "2022-05-13T14:11:36.182243Z", "relationship_type": "indicates", "source_ref": "indicator--a583bd1b-c7ef-4d3c-a743-28f0b3135a26", "target_ref": "malware--21203360-a716-48f6-978c-e28d92a664f9"}, {"type": "indicator", "spec_version": "2.1", "id": "indicator--c7eb6bad-b6b6-4a15-8cd9-70bb937c83a7", "created_by_ref": "identity--6aa6a7a7-b86d-44f4-8289-a60a00577ebe", "created": "2022-05-13T14:11:36.182243Z", "modified": "2022-05-13T14:11:36.182243Z", "name": "Malicious MD5 - fd4de6bb19fac13487ea72d938999fbd", "description": "Malicious MD5 involved with Hermetic Wiper Malware", "pattern": "[file:hashes.MD5 = 'fd4de6bb19fac13487ea72d938999fbd']", "pattern_type": "stix", "pattern_version": "2.1", "valid_from": "2022-05-13T15:11:36.182243Z", "labels": ["malicious-activity"]}, {"type": "relationship", "spec_version": "2.1", "id": "relationship--787dc6ff-a105-400f-8b89-515b844d1846", "created": "2022-05-13T14:11:36.182243Z", "modified": "2022-05-13T14:11:36.182243Z", "relationship_type": "indicates", "source_ref": "indicator--c7eb6bad-b6b6-4a15-8cd9-70bb937c83a7", "target_ref": "malware--21203360-a716-48f6-978c-e28d92a664f9"}, {"type": "indicator", "spec_version": "2.1", "id": "indicator--3498cc70-e8a0-4516-85c5-1a5859328de6", "created_by_ref": "identity--6aa6a7a7-b86d-44f4-8289-a60a00577ebe", "created": "2022-05-13T14:11:36.182243Z", "modified": "2022-05-13T14:11:36.182243Z", "name": "Malicious SHA1 - 11eeade0c1a40abece43f6c1381d80584fdb3ed1", "description": "Malicious SHA1 involved with Hermetic Wiper Malware", "pattern": "[file:hashes.'SHA-1' = '11eeade0c1a40abece43f6c1381d80584fdb3ed1']", "pattern_type": "stix", "pattern_version": "2.1", "valid_from": "2022-05-13T15:11:36.182243Z", "labels": ["malicious-activity"]}, {"type": "relationship", "spec_version": "2.1", "id": "relationship--824e5b74-e385-43a6-aa14-182ec5907822", "created": "2022-05-13T14:11:36.188601Z", "modified": "2022-05-13T14:11:36.188601Z", "relationship_type": "indicates", "source_ref": "indicator--3498cc70-e8a0-4516-85c5-1a5859328de6", "target_ref": "malware--21203360-a716-48f6-978c-e28d92a664f9"}, {"type": "indicator", "spec_version": "2.1", "id": "indicator--80f19c8c-6fe7-4a68-ac3d-570db09cef46", "created_by_ref": "identity--6aa6a7a7-b86d-44f4-8289-a60a00577ebe", "created": "2022-05-13T14:11:36.188601Z", "modified": "2022-05-13T14:11:36.188601Z", "name": "Malicious SHA1 - 1e78fe3db1942f0620e2b7e70201c0108ac81a2d", "description": "Malicious SHA1 involved with Hermetic Wiper Malware", "pattern": "[file:hashes.'SHA-1' = '1e78fe3db1942f0620e2b7e70201c0108ac81a2d']", "pattern_type": "stix", "pattern_version": "2.1", "valid_from": "2022-05-13T15:11:36.188601Z", "labels": ["malicious-activity"]}, {"type": "relationship", "spec_version": "2.1", "id": "relationship--2b278da2-5c11-40af-8cef-65d0f9f0a40e", "created": "2022-05-13T14:11:36.189591Z", "modified": "2022-05-13T14:11:36.189591Z", "relationship_type": "indicates", "source_ref": "indicator--80f19c8c-6fe7-4a68-ac3d-570db09cef46", "target_ref": "malware--21203360-a716-48f6-978c-e28d92a664f9"}, {"type": "indicator", "spec_version": "2.1", "id": "indicator--4a7983f3-3367-43d8-ad44-22d78c3c009f", "created_by_ref": "identity--6aa6a7a7-b86d-44f4-8289-a60a00577ebe", "created": "2022-05-13T14:11:36.191219Z", "modified": "2022-05-13T14:11:36.191219Z", "name": "Malicious SHA1 - 2810e43b78bd317e744a0d15e5d3f180fbdd34c0", "description": "Malicious SHA1 involved with Hermetic Wiper Malware", "pattern": "[file:hashes.'SHA-1' = '2810e43b78bd317e744a0d15e5d3f180fbdd34c0']", "pattern_type": "stix", "pattern_version": "2.1", "valid_from": "2022-05-13T15:11:36.191219Z", "labels": ["malicious-activity"]}, {"type": "relationship", "spec_version": "2.1", "id": "relationship--499df693-ac33-4286-91ed-bd2de1e9cf04", "created": "2022-05-13T14:11:36.193241Z", "modified": "2022-05-13T14:11:36.193241Z", "relationship_type": "indicates", "source_ref": "indicator--4a7983f3-3367-43d8-ad44-22d78c3c009f", "target_ref": "malware--21203360-a716-48f6-978c-e28d92a664f9"}, {"type": "indicator", "spec_version": "2.1", "id": "indicator--9b843445-cecc-4d70-92f8-6153eae67c6d", "created_by_ref": "identity--6aa6a7a7-b86d-44f4-8289-a60a00577ebe", "created": "2022-05-13T14:11:36.193241Z", "modified": "2022-05-13T14:11:36.193241Z", "name": "Malicious SHA1 - 374c9059fce14f0d61945ecb7d9a96d6ef0ea31b", "description": "Malicious SHA1 involved with Hermetic Wiper Malware", "pattern": "[file:hashes.'SHA-1' = '374c9059fce14f0d61945ecb7d9a96d6ef0ea31b']", "pattern_type": "stix", "pattern_version": "2.1", "valid_from": "2022-05-13T15:11:36.193241Z", "labels": ["malicious-activity"]}, {"type": "relationship", "spec_version": "2.1", "id": "relationship--35e9ea38-aa38-4f78-a4c6-39245d11f927", "created": "2022-05-13T14:11:36.194589Z", "modified": "2022-05-13T14:11:36.194589Z", "relationship_type": "indicates", "source_ref": "indicator--9b843445-cecc-4d70-92f8-6153eae67c6d", "target_ref": "malware--21203360-a716-48f6-978c-e28d92a664f9"}, {"type": "indicator", "spec_version": "2.1", "id": "indicator--e118a4c5-02cb-46ef-8e64-85f916e2750a", "created_by_ref": "identity--6aa6a7a7-b86d-44f4-8289-a60a00577ebe", "created": "2022-05-13T14:11:36.194589Z", "modified": "2022-05-13T14:11:36.194589Z", "name": "Malicious SHA1 - 4fc56fc34ab2953a9ee7d776cfb4f36462545085", "description": "Malicious SHA1 involved with Hermetic Wiper Malware", "pattern": "[file:hashes.'SHA-1' = '4fc56fc34ab2953a9ee7d776cfb4f36462545085']", "pattern_type": "stix", "pattern_version": "2.1", "valid_from": "2022-05-13T15:11:36.194589Z", "labels": ["malicious-activity"]}, {"type": "relationship", "spec_version": "2.1", "id": "relationship--9882b40e-a53f-4679-81d1-10c816d8ca4b", "created": "2022-05-13T14:11:36.196631Z", "modified": "2022-05-13T14:11:36.196631Z", "relationship_type": "indicates", "source_ref": "indicator--e118a4c5-02cb-46ef-8e64-85f916e2750a", "target_ref": "malware--21203360-a716-48f6-978c-e28d92a664f9"}, {"type": "indicator", "spec_version": "2.1", "id": "indicator--60bca5f7-b90e-429a-bbac-c3dfd73f2fba", "created_by_ref": "identity--6aa6a7a7-b86d-44f4-8289-a60a00577ebe", "created": "2022-05-13T14:11:36.197656Z", "modified": "2022-05-13T14:11:36.197656Z", "name": "Malicious SHA1 - 6fd1465995f577fe878d8b92ea38c612d9456bd1", "description": "Malicious SHA1 involved with Hermetic Wiper Malware", "pattern": "[file:hashes.'SHA-1' = '6fd1465995f577fe878d8b92ea38c612d9456bd1']", "pattern_type": "stix", "pattern_version": "2.1", "valid_from": "2022-05-13T15:11:36.197656Z", "labels": ["malicious-activity"]}, {"type": "relationship", "spec_version": "2.1", "id": "relationship--793539a9-307a-4c55-94a8-764a72361223", "created": "2022-05-13T14:11:36.197656Z", "modified": "2022-05-13T14:11:36.197656Z", "relationship_type": "indicates", "source_ref": "indicator--60bca5f7-b90e-429a-bbac-c3dfd73f2fba", "target_ref": "malware--21203360-a716-48f6-978c-e28d92a664f9"}, {"type": "indicator", "spec_version": "2.1", "id": "indicator--b2c75b89-3d90-496c-a456-8b047b06e1a9", "created_by_ref": "identity--6aa6a7a7-b86d-44f4-8289-a60a00577ebe", "created": "2022-05-13T14:11:36.197656Z", "modified": "2022-05-13T14:11:36.197656Z", "name": "Malicious SHA1 - 833d60a91f1726411898ecb4af0352cf47d24712", "description": "Malicious SHA1 involved with Hermetic Wiper Malware", "pattern": "[file:hashes.'SHA-1' = '833d60a91f1726411898ecb4af0352cf47d24712']", "pattern_type": "stix", "pattern_version": "2.1", "valid_from": "2022-05-13T15:11:36.197656Z", "labels": ["malicious-activity"]}, {"type": "relationship", "spec_version": "2.1", "id": "relationship--35b33cd6-6fc8-4772-baed-939594406d56", "created": "2022-05-13T14:11:36.197656Z", "modified": "2022-05-13T14:11:36.197656Z", "relationship_type": "indicates", "source_ref": "indicator--b2c75b89-3d90-496c-a456-8b047b06e1a9", "target_ref": "malware--21203360-a716-48f6-978c-e28d92a664f9"}, {"type": "indicator", "spec_version": "2.1", "id": "indicator--7b0f1ff8-5421-4a64-a2d6-d1b44f0f55ca", "created_by_ref": "identity--6aa6a7a7-b86d-44f4-8289-a60a00577ebe", "created": "2022-05-13T14:11:36.197656Z", "modified": "2022-05-13T14:11:36.197656Z", "name": "Malicious SHA1 - a1088a23c4893d5c31fa92c11463904e63bc9bbe", "description": "Malicious SHA1 involved with Hermetic Wiper Malware", "pattern": "[file:hashes.'SHA-1' = 'a1088a23c4893d5c31fa92c11463904e63bc9bbe']", "pattern_type": "stix", "pattern_version": "2.1", "valid_from": "2022-05-13T15:11:36.197656Z", "labels": ["malicious-activity"]}, {"type": "relationship", "spec_version": "2.1", "id": "relationship--44c19f13-8b04-4a32-9a95-8a0f80a31cb7", "created": "2022-05-13T14:11:36.202363Z", "modified": "2022-05-13T14:11:36.202363Z", "relationship_type": "indicates", "source_ref": "indicator--7b0f1ff8-5421-4a64-a2d6-d1b44f0f55ca", "target_ref": "malware--21203360-a716-48f6-978c-e28d92a664f9"}, {"type": "indicator", "spec_version": "2.1", "id": "indicator--eb4580d1-fc31-4d12-8bf5-f9bf52340ffb", "created_by_ref": "identity--6aa6a7a7-b86d-44f4-8289-a60a00577ebe", "created": "2022-05-13T14:11:36.202363Z", "modified": "2022-05-13T14:11:36.202363Z", "name": "Malicious SHA1 - adbcf3571ecd5a59cd7823a7dee0963790960b37", "description": "Malicious SHA1 involved with Hermetic Wiper Malware", "pattern": "[file:hashes.'SHA-1' = 'adbcf3571ecd5a59cd7823a7dee0963790960b37']", "pattern_type": "stix", "pattern_version": "2.1", "valid_from": "2022-05-13T15:11:36.202363Z", "labels": ["malicious-activity"]}, {"type": "relationship", "spec_version": "2.1", "id": "relationship--d373376a-8d68-48c8-9b69-0ba3c50f6212", "created": "2022-05-13T14:11:36.20338Z", "modified": "2022-05-13T14:11:36.20338Z", "relationship_type": "indicates", "source_ref": "indicator--eb4580d1-fc31-4d12-8bf5-f9bf52340ffb", "target_ref": "malware--21203360-a716-48f6-978c-e28d92a664f9"}, {"type": "indicator", "spec_version": "2.1", "id": "indicator--e2a1b06f-9793-44ea-937c-9e890376cc8b", "created_by_ref": "identity--6aa6a7a7-b86d-44f4-8289-a60a00577ebe", "created": "2022-05-13T14:11:36.20338Z", "modified": "2022-05-13T14:11:36.20338Z", "name": "Malicious SHA1 - bc3ba1832e551537ee3e0745bf3b3bcc7c3f080f", "description": "Malicious SHA1 involved with Hermetic Wiper Malware", "pattern": "[file:hashes.'SHA-1' = 'bc3ba1832e551537ee3e0745bf3b3bcc7c3f080f']", "pattern_type": "stix", "pattern_version": "2.1", "valid_from": "2022-05-13T15:11:36.20338Z", "labels": ["malicious-activity"]}, {"type": "relationship", "spec_version": "2.1", "id": "relationship--8f9de147-a63a-4842-bb3e-39305cbf6811", "created": "2022-05-13T14:11:36.20338Z", "modified": "2022-05-13T14:11:36.20338Z", "relationship_type": "indicates", "source_ref": "indicator--e2a1b06f-9793-44ea-937c-9e890376cc8b", "target_ref": "malware--21203360-a716-48f6-978c-e28d92a664f9"}, {"type": "indicator", "spec_version": "2.1", "id": "indicator--b41778bf-4d2c-4332-bbe8-5274128555ba", "created_by_ref": "identity--6aa6a7a7-b86d-44f4-8289-a60a00577ebe", "created": "2022-05-13T14:11:36.20338Z", "modified": "2022-05-13T14:11:36.20338Z", "name": "Malicious SHA1 - d0c08ca2e85cc593e0070365d81f1590587c2210", "description": "Malicious SHA1 involved with Hermetic Wiper Malware", "pattern": "[file:hashes.'SHA-1' = 'd0c08ca2e85cc593e0070365d81f1590587c2210']", "pattern_type": "stix", "pattern_version": "2.1", "valid_from": "2022-05-13T15:11:36.20338Z", "labels": ["malicious-activity"]}, {"type": "relationship", "spec_version": "2.1", "id": "relationship--4bd0571c-61d9-47a1-afe2-677a53b383d1", "created": "2022-05-13T14:11:36.208184Z", "modified": "2022-05-13T14:11:36.208184Z", "relationship_type": "indicates", "source_ref": "indicator--b41778bf-4d2c-4332-bbe8-5274128555ba", "target_ref": "malware--21203360-a716-48f6-978c-e28d92a664f9"}, {"type": "indicator", "spec_version": "2.1", "id": "indicator--f2cf6e41-fbc0-4220-b99e-20b7f39670c5", "created_by_ref": "identity--6aa6a7a7-b86d-44f4-8289-a60a00577ebe", "created": "2022-05-13T14:11:36.20918Z", "modified": "2022-05-13T14:11:36.20918Z", "name": "Malicious SHA256 - 432d39c43236a1fdf5275904d7d76affd8053c494fc230b28c63d8a23bdbe637", "description": "Malicious SHA256 involved with Hermetic Wiper Malware", "pattern": "[file:hashes.'SHA-256' = '432d39c43236a1fdf5275904d7d76affd8053c494fc230b28c63d8a23bdbe637']", "pattern_type": "stix", "pattern_version": "2.1", "valid_from": "2022-05-13T15:11:36.20918Z", "labels": ["malicious-activity"]}, {"type": "relationship", "spec_version": "2.1", "id": "relationship--103a9635-bbb9-4a61-9599-5cd06989b8e6", "created": "2022-05-13T14:11:36.212922Z", "modified": "2022-05-13T14:11:36.212922Z", "relationship_type": "indicates", "source_ref": "indicator--f2cf6e41-fbc0-4220-b99e-20b7f39670c5", "target_ref": "malware--21203360-a716-48f6-978c-e28d92a664f9"}, {"type": "indicator", "spec_version": "2.1", "id": "indicator--a411ecae-eb4e-4f97-8ab2-02b17d96f562", "created_by_ref": "identity--6aa6a7a7-b86d-44f4-8289-a60a00577ebe", "created": "2022-05-13T14:11:36.212922Z", "modified": "2022-05-13T14:11:36.212922Z", "name": "Malicious SHA256 - 436c23a58a2b2265b82cc4f7bca39fb6c4c0fca402fa17162eeaaaa9138ba88e", "description": "Malicious SHA256 involved with Hermetic Wiper Malware", "pattern": "[file:hashes.'SHA-256' = '436c23a58a2b2265b82cc4f7bca39fb6c4c0fca402fa17162eeaaaa9138ba88e']", "pattern_type": "stix", "pattern_version": "2.1", "valid_from": "2022-05-13T15:11:36.212922Z", "labels": ["malicious-activity"]}, {"type": "relationship", "spec_version": "2.1", "id": "relationship--9c68755d-5ef9-44ad-9d64-b21820d04033", "created": "2022-05-13T14:11:36.215911Z", "modified": "2022-05-13T14:11:36.215911Z", "relationship_type": "indicates", "source_ref": "indicator--a411ecae-eb4e-4f97-8ab2-02b17d96f562", "target_ref": "malware--21203360-a716-48f6-978c-e28d92a664f9"}, {"type": "indicator", "spec_version": "2.1", "id": "indicator--7b339f1f-5d2b-48b5-b3db-1e5ec7e8b389", "created_by_ref": "identity--6aa6a7a7-b86d-44f4-8289-a60a00577ebe", "created": "2022-05-13T14:11:36.215911Z", "modified": "2022-05-13T14:11:36.215911Z", "name": "Malicious SHA256 - 47b7c15f49e06d8a3b819a7012ae7c28b55f2d837e8d1f335a7901c9b37bcc9c", "description": "Malicious SHA256 involved with Hermetic Wiper Malware", "pattern": "[file:hashes.'SHA-256' = '47b7c15f49e06d8a3b819a7012ae7c28b55f2d837e8d1f335a7901c9b37bcc9c']", "pattern_type": "stix", "pattern_version": "2.1", "valid_from": "2022-05-13T15:11:36.215911Z", "labels": ["malicious-activity"]}, {"type": "relationship", "spec_version": "2.1", "id": "relationship--4d74da99-9767-45aa-98ae-fde39bd1aea2", "created": "2022-05-13T14:11:36.21869Z", "modified": "2022-05-13T14:11:36.21869Z", "relationship_type": "indicates", "source_ref": "indicator--7b339f1f-5d2b-48b5-b3db-1e5ec7e8b389", "target_ref": "malware--21203360-a716-48f6-978c-e28d92a664f9"}, {"type": "indicator", "spec_version": "2.1", "id": "indicator--1fa3ea8a-f838-445e-9b7b-91341d21a38f", "created_by_ref": "identity--6aa6a7a7-b86d-44f4-8289-a60a00577ebe", "created": "2022-05-13T14:11:36.21869Z", "modified": "2022-05-13T14:11:36.21869Z", "name": "Malicious SHA256 - 839170c51d75bd1dc77f17b957846ace0caa19a83de837277d7294a47e5023b3", "description": "Malicious SHA256 involved with Hermetic Wiper Malware", "pattern": "[file:hashes.'SHA-256' = '839170c51d75bd1dc77f17b957846ace0caa19a83de837277d7294a47e5023b3']", "pattern_type": "stix", "pattern_version": "2.1", "valid_from": "2022-05-13T15:11:36.21869Z", "labels": ["malicious-activity"]}, {"type": "relationship", "spec_version": "2.1", "id": "relationship--2aa050ef-6862-49db-9b42-2c4c296e5ceb", "created": "2022-05-13T14:11:36.220685Z", "modified": "2022-05-13T14:11:36.220685Z", "relationship_type": "indicates", "source_ref": "indicator--1fa3ea8a-f838-445e-9b7b-91341d21a38f", "target_ref": "malware--21203360-a716-48f6-978c-e28d92a664f9"}, {"type": "indicator", "spec_version": "2.1", "id": "indicator--d3f65fa6-5341-48d2-966a-6189bcf957f1", "created_by_ref": "identity--6aa6a7a7-b86d-44f4-8289-a60a00577ebe", "created": "2022-05-13T14:11:36.220685Z", "modified": "2022-05-13T14:11:36.220685Z", "name": "Malicious SHA256 - 9afbf84acc9c115368d45aab029f3b8b8d07489573dec2f9cd93db7d69e460c0", "description": "Malicious SHA256 involved with Hermetic Wiper Malware", "pattern": "[file:hashes.'SHA-256' = '9afbf84acc9c115368d45aab029f3b8b8d07489573dec2f9cd93db7d69e460c0']", "pattern_type": "stix", "pattern_version": "2.1", "valid_from": "2022-05-13T15:11:36.220685Z", "labels": ["malicious-activity"]}, {"type": "relationship", "spec_version": "2.1", "id": "relationship--8f283174-f89f-4981-bc33-0b253f024966", "created": "2022-05-13T14:11:36.223038Z", "modified": "2022-05-13T14:11:36.223038Z", "relationship_type": "indicates", "source_ref": "indicator--d3f65fa6-5341-48d2-966a-6189bcf957f1", "target_ref": "malware--21203360-a716-48f6-978c-e28d92a664f9"}, {"type": "indicator", "spec_version": "2.1", "id": "indicator--94e091e1-49d3-4863-9cf2-0df890395496", "created_by_ref": "identity--6aa6a7a7-b86d-44f4-8289-a60a00577ebe", "created": "2022-05-13T14:11:36.223038Z", "modified": "2022-05-13T14:11:36.223038Z", "name": "Malicious SHA256 - a82cb2076b7274179d5f7246f8db274eda47a89392875b3c700f2fa15d70ab2e", "description": "Malicious SHA256 involved with Hermetic Wiper Malware", "pattern": "[file:hashes.'SHA-256' = 'a82cb2076b7274179d5f7246f8db274eda47a89392875b3c700f2fa15d70ab2e']", "pattern_type": "stix", "pattern_version": "2.1", "valid_from": "2022-05-13T15:11:36.223038Z", "labels": ["malicious-activity"]}, {"type": "relationship", "spec_version": "2.1", "id": "relationship--e6779e2b-6ac2-4117-99d6-716efd7e1b14", "created": "2022-05-13T14:11:36.224675Z", "modified": "2022-05-13T14:11:36.224675Z", "relationship_type": "indicates", "source_ref": "indicator--94e091e1-49d3-4863-9cf2-0df890395496", "target_ref": "malware--21203360-a716-48f6-978c-e28d92a664f9"}, {"type": "indicator", "spec_version": "2.1", "id": "indicator--b4670637-0de4-4181-858f-435f567645af", "created_by_ref": "identity--6aa6a7a7-b86d-44f4-8289-a60a00577ebe", "created": "2022-05-13T14:11:36.225672Z", "modified": "2022-05-13T14:11:36.225672Z", "name": "Malicious SHA256 - b9a9acfc4748a50ada048af2fa6bc9516da89e36e94e10f96effbcb167faa76d", "description": "Malicious SHA256 involved with Hermetic Wiper Malware", "pattern": "[file:hashes.'SHA-256' = 'b9a9acfc4748a50ada048af2fa6bc9516da89e36e94e10f96effbcb167faa76d']", "pattern_type": "stix", "pattern_version": "2.1", "valid_from": "2022-05-13T15:11:36.225672Z", "labels": ["malicious-activity"]}, {"type": "relationship", "spec_version": "2.1", "id": "relationship--7a4efca3-61ee-462a-935c-b2a21724d8af", "created": "2022-05-13T14:11:36.22823Z", "modified": "2022-05-13T14:11:36.22823Z", "relationship_type": "indicates", "source_ref": "indicator--b4670637-0de4-4181-858f-435f567645af", "target_ref": "malware--21203360-a716-48f6-978c-e28d92a664f9"}, {"type": "indicator", "spec_version": "2.1", "id": "indicator--73445cd0-2ff8-4273-a75d-1955168f3cb5", "created_by_ref": "identity--6aa6a7a7-b86d-44f4-8289-a60a00577ebe", "created": "2022-05-13T14:11:36.228687Z", "modified": "2022-05-13T14:11:36.228687Z", "name": "Malicious SHA256 - c4afe812d6b2354e27075e85efcd422dbdd0ea7a93a68fd562df41ce842a4f6a", "description": "Malicious SHA256 involved with Hermetic Wiper Malware", "pattern": "[file:hashes.'SHA-256' = 'c4afe812d6b2354e27075e85efcd422dbdd0ea7a93a68fd562df41ce842a4f6a']", "pattern_type": "stix", "pattern_version": "2.1", "valid_from": "2022-05-13T15:11:36.228687Z", "labels": ["malicious-activity"]}, {"type": "relationship", "spec_version": "2.1", "id": "relationship--74715477-ba5f-47a6-b232-8a42a7833da8", "created": "2022-05-13T14:11:36.230707Z", "modified": "2022-05-13T14:11:36.230707Z", "relationship_type": "indicates", "source_ref": "indicator--73445cd0-2ff8-4273-a75d-1955168f3cb5", "target_ref": "malware--21203360-a716-48f6-978c-e28d92a664f9"}, {"type": "indicator", "spec_version": "2.1", "id": "indicator--86acdba8-0326-4912-8c55-2bfbc973e16e", "created_by_ref": "identity--6aa6a7a7-b86d-44f4-8289-a60a00577ebe", "created": "2022-05-13T14:11:36.231683Z", "modified": "2022-05-13T14:11:36.231683Z", "name": "Malicious SHA256 - cab9a09a78b8b436992b7447d05f17aa3e86cfb41e1e0b6e67b32c263fa48d2b", "description": "Malicious SHA256 involved with Hermetic Wiper Malware", "pattern": "[file:hashes.'SHA-256' = 'cab9a09a78b8b436992b7447d05f17aa3e86cfb41e1e0b6e67b32c263fa48d2b']", "pattern_type": "stix", "pattern_version": "2.1", "valid_from": "2022-05-13T15:11:36.231683Z", "labels": ["malicious-activity"]}, {"type": "relationship", "spec_version": "2.1", "id": "relationship--d6423913-fce2-4403-ad7b-3c17050bca8b", "created": "2022-05-13T14:11:36.233675Z", "modified": "2022-05-13T14:11:36.233675Z", "relationship_type": "indicates", "source_ref": "indicator--86acdba8-0326-4912-8c55-2bfbc973e16e", "target_ref": "malware--21203360-a716-48f6-978c-e28d92a664f9"}, {"type": "indicator", "spec_version": "2.1", "id": "indicator--0c1ffb9f-f887-4d97-8d4b-85647142f82a", "created_by_ref": "identity--6aa6a7a7-b86d-44f4-8289-a60a00577ebe", "created": "2022-05-13T14:11:36.234676Z", "modified": "2022-05-13T14:11:36.234676Z", "name": "Malicious SHA256 - cbc7f2afe334bc160b741dde2e857ff26e01925744b9f0668a826aa4a1437ab8", "description": "Malicious SHA256 involved with Hermetic Wiper Malware", "pattern": "[file:hashes.'SHA-256' = 'cbc7f2afe334bc160b741dde2e857ff26e01925744b9f0668a826aa4a1437ab8']", "pattern_type": "stix", "pattern_version": "2.1", "valid_from": "2022-05-13T15:11:36.234676Z", "labels": ["malicious-activity"]}, {"type": "relationship", "spec_version": "2.1", "id": "relationship--30a1f13a-5c4e-4697-abf5-158b63c1fe27", "created": "2022-05-13T14:11:36.237157Z", "modified": "2022-05-13T14:11:36.237157Z", "relationship_type": "indicates", "source_ref": "indicator--0c1ffb9f-f887-4d97-8d4b-85647142f82a", "target_ref": "malware--21203360-a716-48f6-978c-e28d92a664f9"}, {"type": "indicator", "spec_version": "2.1", "id": "indicator--c14ba4b9-2964-4477-9f92-acf6f9130f24", "created_by_ref": "identity--6aa6a7a7-b86d-44f4-8289-a60a00577ebe", "created": "2022-05-13T14:11:36.238137Z", "modified": "2022-05-13T14:11:36.238137Z", "name": "Malicious SHA256 - d5b652683b2859e650181b0c488c2cd84565ff01fd09dc811fc0b0166e32882a", "description": "Malicious SHA256 involved with Hermetic Wiper Malware", "pattern": "[file:hashes.'SHA-256' = 'd5b652683b2859e650181b0c488c2cd84565ff01fd09dc811fc0b0166e32882a']", "pattern_type": "stix", "pattern_version": "2.1", "valid_from": "2022-05-13T15:11:36.238137Z", "labels": ["malicious-activity"]}, {"type": "relationship", "spec_version": "2.1", "id": "relationship--971d3783-2682-4251-a985-35b50650bc27", "created": "2022-05-13T14:11:36.240563Z", "modified": "2022-05-13T14:11:36.240563Z", "relationship_type": "indicates", "source_ref": "indicator--c14ba4b9-2964-4477-9f92-acf6f9130f24", "target_ref": "malware--21203360-a716-48f6-978c-e28d92a664f9"}, {"type": "indicator", "spec_version": "2.1", "id": "indicator--c9656bd2-76ef-4010-aa91-2376b07278aa", "created_by_ref": "identity--6aa6a7a7-b86d-44f4-8289-a60a00577ebe", "created": "2022-05-13T14:11:36.241186Z", "modified": "2022-05-13T14:11:36.241186Z", "name": "Malicious URL - http://94.158.244.27/absolute.ace", "description": "Malicious URL involved with Hermetic Wiper Malware", "pattern": "[url:value = 'http://94.158.244.27/absolute.ace']", "pattern_type": "stix", "pattern_version": "2.1", "valid_from": "2022-05-13T15:11:36.241186Z", "labels": ["malicious-activity"]}, {"type": "relationship", "spec_version": "2.1", "id": "relationship--3474181c-9ab3-4cbf-ae1c-26c9a668599d", "created": "2022-05-13T14:11:36.243124Z", "modified": "2022-05-13T14:11:36.243124Z", "relationship_type": "indicates", "source_ref": "indicator--c9656bd2-76ef-4010-aa91-2376b07278aa", "target_ref": "malware--21203360-a716-48f6-978c-e28d92a664f9"}, {"type": "indicator", "spec_version": "2.1", "id": "indicator--b2541c47-a2fe-4e66-815a-8edf591faf14", "created_by_ref": "identity--6aa6a7a7-b86d-44f4-8289-a60a00577ebe", "created": "2022-05-13T14:11:36.244568Z", "modified": "2022-05-13T14:11:36.244568Z", "name": "Malicious URL - http://94.158.244.27/distant.cdr", "description": "Malicious URL involved with Hermetic Wiper Malware", "pattern": "[url:value = 'http://94.158.244.27/distant.cdr']", "pattern_type": "stix", "pattern_version": "2.1", "valid_from": "2022-05-13T15:11:36.244568Z", "labels": ["malicious-activity"]}, {"type": "relationship", "spec_version": "2.1", "id": "relationship--43a224fd-398f-4a13-8893-4ba0478e5da0", "created": "2022-05-13T14:11:36.246782Z", "modified": "2022-05-13T14:11:36.246782Z", "relationship_type": "indicates", "source_ref": "indicator--b2541c47-a2fe-4e66-815a-8edf591faf14", "target_ref": "malware--21203360-a716-48f6-978c-e28d92a664f9"}, {"type": "indicator", "spec_version": "2.1", "id": "indicator--6f1af375-a067-45aa-858e-eb9257795ec3", "created_by_ref": "identity--6aa6a7a7-b86d-44f4-8289-a60a00577ebe", "created": "2022-05-13T14:11:36.246782Z", "modified": "2022-05-13T14:11:36.246782Z", "name": "Malicious URL - http://files-download.infousa.xyz/Windows_photo_viewers.msi", "description": "Malicious URL involved with Hermetic Wiper Malware", "pattern": "[url:value = 'http://files-download.infousa.xyz/Windows_photo_viewers.msi']", "pattern_type": "stix", "pattern_version": "2.1", "valid_from": "2022-05-13T15:11:36.246782Z", "labels": ["malicious-activity"]}, {"type": "relationship", "spec_version": "2.1", "id": "relationship--85594491-234f-4593-97a9-fd90f010fac8", "created": "2022-05-13T14:11:36.249776Z", "modified": "2022-05-13T14:11:36.249776Z", "relationship_type": "indicates", "source_ref": "indicator--6f1af375-a067-45aa-858e-eb9257795ec3", "target_ref": "malware--21203360-a716-48f6-978c-e28d92a664f9"}, {"type": "indicator", "spec_version": "2.1", "id": "indicator--2022e9ba-5768-49d6-bfd1-5b6839cc3117", "created_by_ref": "identity--6aa6a7a7-b86d-44f4-8289-a60a00577ebe", "created": "2022-05-13T14:11:36.250763Z", "modified": "2022-05-13T14:11:36.250763Z", "name": "Malicious URL - http://my.cloud-file.online/Microsoft_VieweR_2012.msi", "description": "Malicious URL involved with Hermetic Wiper Malware", "pattern": "[url:value = 'http://my.cloud-file.online/Microsoft_VieweR_2012.msi']", "pattern_type": "stix", "pattern_version": "2.1", "valid_from": "2022-05-13T15:11:36.250763Z", "labels": ["malicious-activity"]}, {"type": "relationship", "spec_version": "2.1", "id": "relationship--dfee1da0-edd9-4495-964f-c9493daaade2", "created": "2022-05-13T14:11:36.253755Z", "modified": "2022-05-13T14:11:36.253755Z", "relationship_type": "indicates", "source_ref": "indicator--2022e9ba-5768-49d6-bfd1-5b6839cc3117", "target_ref": "malware--21203360-a716-48f6-978c-e28d92a664f9"}, {"type": "indicator", "spec_version": "2.1", "id": "indicator--f3a0bd4b-855d-4590-bd9f-d280ecbaaa93", "created_by_ref": "identity--6aa6a7a7-b86d-44f4-8289-a60a00577ebe", "created": "2022-05-13T14:11:36.253755Z", "modified": "2022-05-13T14:11:36.253755Z", "name": "Malicious URL - http://my.mondeychamp.xyz/ReadMe.msi", "description": "Malicious URL involved with Hermetic Wiper Malware", "pattern": "[url:value = 'http://my.mondeychamp.xyz/ReadMe.msi']", "pattern_type": "stix", "pattern_version": "2.1", "valid_from": "2022-05-13T15:11:36.253755Z", "labels": ["malicious-activity"]}, {"type": "relationship", "spec_version": "2.1", "id": "relationship--4a29ee31-43ce-4136-9f58-35a6d568630b", "created": "2022-05-13T14:11:36.25575Z", "modified": "2022-05-13T14:11:36.25575Z", "relationship_type": "indicates", "source_ref": "indicator--f3a0bd4b-855d-4590-bd9f-d280ecbaaa93", "target_ref": "malware--21203360-a716-48f6-978c-e28d92a664f9"}, {"type": "indicator", "spec_version": "2.1", "id": "indicator--94743479-b76a-4a96-b859-d205f244d5df", "created_by_ref": "identity--6aa6a7a7-b86d-44f4-8289-a60a00577ebe", "created": "2022-05-13T14:11:36.256766Z", "modified": "2022-05-13T14:11:36.256766Z", "name": "Malicious URL - http://surname192.temp.swtest.ru/prapor/su/derg.gif", "description": "Malicious URL involved with Hermetic Wiper Malware", "pattern": "[url:value = 'http://surname192.temp.swtest.ru/prapor/su/derg.gif']", "pattern_type": "stix", "pattern_version": "2.1", "valid_from": "2022-05-13T15:11:36.256766Z", "labels": ["malicious-activity"]}, {"type": "relationship", "spec_version": "2.1", "id": "relationship--d3e0373a-8e2c-4e93-b191-d2507d8c09cf", "created": "2022-05-13T14:11:36.258765Z", "modified": "2022-05-13T14:11:36.258765Z", "relationship_type": "indicates", "source_ref": "indicator--94743479-b76a-4a96-b859-d205f244d5df", "target_ref": "malware--21203360-a716-48f6-978c-e28d92a664f9"}, {"type": "indicator", "spec_version": "2.1", "id": "indicator--e87f9044-6e7b-4bce-9680-977bc1029754", "created_by_ref": "identity--6aa6a7a7-b86d-44f4-8289-a60a00577ebe", "created": "2022-05-13T14:11:36.259762Z", "modified": "2022-05-13T14:11:36.259762Z", "name": "Malicious URL - http://surname192.temp.swtest.ru/prapor/su/flages.gif", "description": "Malicious URL involved with Hermetic Wiper Malware", "pattern": "[url:value = 'http://surname192.temp.swtest.ru/prapor/su/flages.gif']", "pattern_type": "stix", "pattern_version": "2.1", "valid_from": "2022-05-13T15:11:36.259762Z", "labels": ["malicious-activity"]}, {"type": "relationship", "spec_version": "2.1", "id": "relationship--bab80847-b026-4288-a6a9-4ac59cde7011", "created": "2022-05-13T14:11:36.261757Z", "modified": "2022-05-13T14:11:36.261757Z", "relationship_type": "indicates", "source_ref": "indicator--e87f9044-6e7b-4bce-9680-977bc1029754", "target_ref": "malware--21203360-a716-48f6-978c-e28d92a664f9"}, {"type": "indicator", "spec_version": "2.1", "id": "indicator--4c92d4be-fc4c-490a-aa1e-e8518aa14947", "created_by_ref": "identity--6aa6a7a7-b86d-44f4-8289-a60a00577ebe", "created": "2022-05-13T14:11:36.261757Z", "modified": "2022-05-13T14:11:36.261757Z", "name": "Malicious URL - http://surname192.temp.swtest.ru/prapor/su/flagua.gif", "description": "Malicious URL involved with Hermetic Wiper Malware", "pattern": "[url:value = 'http://surname192.temp.swtest.ru/prapor/su/flagua.gif']", "pattern_type": "stix", "pattern_version": "2.1", "valid_from": "2022-05-13T15:11:36.261757Z", "labels": ["malicious-activity"]}, {"type": "relationship", "spec_version": "2.1", "id": "relationship--adb2ea60-b4ba-4dc8-becd-6c810cf63f33", "created": "2022-05-13T14:11:36.264748Z", "modified": "2022-05-13T14:11:36.264748Z", "relationship_type": "indicates", "source_ref": "indicator--4c92d4be-fc4c-490a-aa1e-e8518aa14947", "target_ref": "malware--21203360-a716-48f6-978c-e28d92a664f9"}, {"type": "indicator", "spec_version": "2.1", "id": "indicator--c4fa35f5-a8de-4c1e-9e27-5c2053481734", "created_by_ref": "identity--6aa6a7a7-b86d-44f4-8289-a60a00577ebe", "created": "2022-05-13T14:11:36.265747Z", "modified": "2022-05-13T14:11:36.265747Z", "name": "Malicious URL - http://surname192.temp.swtest.ru/prapor/su/ino.gif", "description": "Malicious URL involved with Hermetic Wiper Malware", "pattern": "[url:value = 'http://surname192.temp.swtest.ru/prapor/su/ino.gif']", "pattern_type": "stix", "pattern_version": "2.1", "valid_from": "2022-05-13T15:11:36.265747Z", "labels": ["malicious-activity"]}, {"type": "relationship", "spec_version": "2.1", "id": "relationship--54a18842-9fa9-4b7d-ab1b-383c1c6861b0", "created": "2022-05-13T14:11:36.268088Z", "modified": "2022-05-13T14:11:36.268088Z", "relationship_type": "indicates", "source_ref": "indicator--c4fa35f5-a8de-4c1e-9e27-5c2053481734", "target_ref": "malware--21203360-a716-48f6-978c-e28d92a664f9"}, {"type": "indicator", "spec_version": "2.1", "id": "indicator--3727ff08-45eb-4c36-af59-3ba64736fb29", "created_by_ref": "identity--6aa6a7a7-b86d-44f4-8289-a60a00577ebe", "created": "2022-05-13T14:11:36.268738Z", "modified": "2022-05-13T14:11:36.268738Z", "name": "Malicious domain - coagula.online", "description": "Malicious domain involved with Hermetic Wiper Malware", "pattern": "[domain-name:value = 'coagula.online']", "pattern_type": "stix", "pattern_version": "2.1", "valid_from": "2022-05-13T15:11:36.268738Z", "labels": ["malicious-activity"]}, {"type": "relationship", "spec_version": "2.1", "id": "relationship--30a8dfb4-cfe9-4a4f-8fe8-936427dbed53", "created": "2022-05-13T14:11:36.27173Z", "modified": "2022-05-13T14:11:36.27173Z", "relationship_type": "indicates", "source_ref": "indicator--3727ff08-45eb-4c36-af59-3ba64736fb29", "target_ref": "malware--21203360-a716-48f6-978c-e28d92a664f9"}, {"type": "indicator", "spec_version": "2.1", "id": "indicator--33c5bda5-9dd4-4b04-b751-8f1992a597e2", "created_by_ref": "identity--6aa6a7a7-b86d-44f4-8289-a60a00577ebe", "created": "2022-05-13T14:11:36.272727Z", "modified": "2022-05-13T14:11:36.272727Z", "name": "Malicious domain - kfctm.online", "description": "Malicious domain involved with Hermetic Wiper Malware", "pattern": "[domain-name:value = 'kfctm.online']", "pattern_type": "stix", "pattern_version": "2.1", "valid_from": "2022-05-13T15:11:36.272727Z", "labels": ["malicious-activity"]}, {"type": "relationship", "spec_version": "2.1", "id": "relationship--fbea84c9-cdb4-4f00-b7a7-0f668a7765c0", "created": "2022-05-13T14:11:36.27572Z", "modified": "2022-05-13T14:11:36.27572Z", "relationship_type": "indicates", "source_ref": "indicator--33c5bda5-9dd4-4b04-b751-8f1992a597e2", "target_ref": "malware--21203360-a716-48f6-978c-e28d92a664f9"}, {"type": "indicator", "spec_version": "2.1", "id": "indicator--87be8854-0aa4-44d1-a26f-5e8d7e7e0448", "created_by_ref": "identity--6aa6a7a7-b86d-44f4-8289-a60a00577ebe", "created": "2022-05-13T14:11:36.27572Z", "modified": "2022-05-13T14:11:36.27572Z", "name": "Malicious domain - declaration.deed.coagula.online", "description": "Malicious domain involved with Hermetic Wiper Malware", "pattern": "[domain-name:value = 'declaration.deed.coagula.online']", "pattern_type": "stix", "pattern_version": "2.1", "valid_from": "2022-05-13T15:11:36.27572Z", "labels": ["malicious-activity"]}, {"type": "relationship", "spec_version": "2.1", "id": "relationship--4ec1dc2b-6e5d-4312-913a-ced6a49f4eae", "created": "2022-05-13T14:11:36.277714Z", "modified": "2022-05-13T14:11:36.277714Z", "relationship_type": "indicates", "source_ref": "indicator--87be8854-0aa4-44d1-a26f-5e8d7e7e0448", "target_ref": "malware--21203360-a716-48f6-978c-e28d92a664f9"}, {"type": "indicator", "spec_version": "2.1", "id": "indicator--4676eb4b-21b2-41c8-823f-d680fd21738c", "created_by_ref": "identity--6aa6a7a7-b86d-44f4-8289-a60a00577ebe", "created": "2022-05-13T14:11:36.278711Z", "modified": "2022-05-13T14:11:36.278711Z", "name": "Malicious domain - deer.dentist.coagula.online", "description": "Malicious domain involved with Hermetic Wiper Malware", "pattern": "[domain-name:value = 'deer.dentist.coagula.online']", "pattern_type": "stix", "pattern_version": "2.1", "valid_from": "2022-05-13T15:11:36.278711Z", "labels": ["malicious-activity"]}, {"type": "relationship", "spec_version": "2.1", "id": "relationship--99b8919f-6340-416a-a03d-b86116429159", "created": "2022-05-13T14:11:36.279708Z", "modified": "2022-05-13T14:11:36.279708Z", "relationship_type": "indicates", "source_ref": "indicator--4676eb4b-21b2-41c8-823f-d680fd21738c", "target_ref": "malware--21203360-a716-48f6-978c-e28d92a664f9"}, {"type": "indicator", "spec_version": "2.1", "id": "indicator--b4ead6ef-0a83-410b-a349-b7d4bd4ce593", "created_by_ref": "identity--6aa6a7a7-b86d-44f4-8289-a60a00577ebe", "created": "2022-05-13T14:11:36.280706Z", "modified": "2022-05-13T14:11:36.280706Z", "name": "Malicious domain - download.logins.online", "description": "Malicious domain involved with Hermetic Wiper Malware", "pattern": "[domain-name:value = 'download.logins.online']", "pattern_type": "stix", "pattern_version": "2.1", "valid_from": "2022-05-13T15:11:36.280706Z", "labels": ["malicious-activity"]}, {"type": "relationship", "spec_version": "2.1", "id": "relationship--1a71ac81-5ae3-4248-955f-003cad77bb7d", "created": "2022-05-13T14:11:36.281703Z", "modified": "2022-05-13T14:11:36.281703Z", "relationship_type": "indicates", "source_ref": "indicator--b4ead6ef-0a83-410b-a349-b7d4bd4ce593", "target_ref": "malware--21203360-a716-48f6-978c-e28d92a664f9"}, {"type": "indicator", "spec_version": "2.1", "id": "indicator--779bf8c7-c976-48ff-868b-a444dcff7d8d", "created_by_ref": "identity--6aa6a7a7-b86d-44f4-8289-a60a00577ebe", "created": "2022-05-13T14:11:36.281703Z", "modified": "2022-05-13T14:11:36.281703Z", "name": "Malicious domain - files-download.infousa.xyz", "description": "Malicious domain involved with Hermetic Wiper Malware", "pattern": "[domain-name:value = 'files-download.infousa.xyz']", "pattern_type": "stix", "pattern_version": "2.1", "valid_from": "2022-05-13T15:11:36.281703Z", "labels": ["malicious-activity"]}, {"type": "relationship", "spec_version": "2.1", "id": "relationship--6f6cb820-1e71-439a-bd89-581f8ca1df6d", "created": "2022-05-13T14:11:36.283697Z", "modified": "2022-05-13T14:11:36.283697Z", "relationship_type": "indicates", "source_ref": "indicator--779bf8c7-c976-48ff-868b-a444dcff7d8d", "target_ref": "malware--21203360-a716-48f6-978c-e28d92a664f9"}, {"type": "indicator", "spec_version": "2.1", "id": "indicator--90d9c662-682d-4920-9905-136d135d31d6", "created_by_ref": "identity--6aa6a7a7-b86d-44f4-8289-a60a00577ebe", "created": "2022-05-13T14:11:36.283697Z", "modified": "2022-05-13T14:11:36.283697Z", "name": "Malicious domain - my.cloud-file.online", "description": "Malicious domain involved with Hermetic Wiper Malware", "pattern": "[domain-name:value = 'my.cloud-file.online']", "pattern_type": "stix", "pattern_version": "2.1", "valid_from": "2022-05-13T15:11:36.283697Z", "labels": ["malicious-activity"]}, {"type": "relationship", "spec_version": "2.1", "id": "relationship--449e4d85-37e8-4f98-a22f-77e106aa29e4", "created": "2022-05-13T14:11:36.285692Z", "modified": "2022-05-13T14:11:36.285692Z", "relationship_type": "indicates", "source_ref": "indicator--90d9c662-682d-4920-9905-136d135d31d6", "target_ref": "malware--21203360-a716-48f6-978c-e28d92a664f9"}, {"type": "indicator", "spec_version": "2.1", "id": "indicator--9e17d2f1-c864-49c7-a068-110f74a4095b", "created_by_ref": "identity--6aa6a7a7-b86d-44f4-8289-a60a00577ebe", "created": "2022-05-13T14:11:36.285692Z", "modified": "2022-05-13T14:11:36.285692Z", "name": "Malicious domain - my.mondeychamp.xyz", "description": "Malicious domain involved with Hermetic Wiper Malware", "pattern": "[domain-name:value = 'my.mondeychamp.xyz']", "pattern_type": "stix", "pattern_version": "2.1", "valid_from": "2022-05-13T15:11:36.285692Z", "labels": ["malicious-activity"]}, {"type": "relationship", "spec_version": "2.1", "id": "relationship--d0e7b1c0-8fbf-4769-a548-95a2506544e5", "created": "2022-05-13T14:11:36.287688Z", "modified": "2022-05-13T14:11:36.287688Z", "relationship_type": "indicates", "source_ref": "indicator--9e17d2f1-c864-49c7-a068-110f74a4095b", "target_ref": "malware--21203360-a716-48f6-978c-e28d92a664f9"}, {"type": "indicator", "spec_version": "2.1", "id": "indicator--4d22264f-b718-402c-822e-680fc289fec6", "created_by_ref": "identity--6aa6a7a7-b86d-44f4-8289-a60a00577ebe", "created": "2022-05-13T14:11:36.287688Z", "modified": "2022-05-13T14:11:36.287688Z", "name": "Malicious domain - surname192.temp.swtest.ru", "description": "Malicious domain involved with Hermetic Wiper Malware", "pattern": "[domain-name:value = 'surname192.temp.swtest.ru']", "pattern_type": "stix", "pattern_version": "2.1", "valid_from": "2022-05-13T15:11:36.287688Z", "labels": ["malicious-activity"]}, {"type": "relationship", "spec_version": "2.1", "id": "relationship--64741316-8fc0-4e35-bb27-3c13f68d8c80", "created": "2022-05-13T14:11:36.288687Z", "modified": "2022-05-13T14:11:36.288687Z", "relationship_type": "indicates", "source_ref": "indicator--4d22264f-b718-402c-822e-680fc289fec6", "target_ref": "malware--21203360-a716-48f6-978c-e28d92a664f9"}]}