{"type": "bundle", "id": "bundle--ea5ff586-5b60-46c5-9ab4-21eb32624dbb", "objects": [{"type": "identity", "spec_version": "2.1", "id": "identity--b79dac8e-457e-4585-bbc7-05d3ac3b8198", "created": "2022-05-13T14:14:44.191022Z", "modified": "2022-05-13T14:14:44.191022Z", "name": "Bournemouth University CERT"}, {"type": "malware", "spec_version": "2.1", "id": "malware--01c5fab9-39ed-44ee-bc19-9a15af690703", "created": "2022-05-13T14:14:44.192022Z", "modified": "2022-05-13T14:14:44.192022Z", "name": "Kiling The Bear - Hermetic Wiper Malware", "description": "Killing the Bear - Hermetic Wiper Malware", "is_family": false}, {"type": "attack-pattern", "spec_version": "2.1", "id": "attack-pattern--e4a2f690-fc88-4a2d-9ac1-8a9e7cc8f98d", "created": "2022-05-13T14:14:44.192022Z", "modified": "2022-05-13T14:14:44.192022Z", "name": "T1553", "external_references": [{"source_name": "mitre-attack", "url": "https://attack.mitre.org/techniques/T1553/", "external_id": "T1553"}]}, {"type": "attack-pattern", "spec_version": "2.1", "id": "attack-pattern--ae9d8c77-cd91-49d1-a4f4-206db7c85301", "created": "2022-05-13T14:14:44.193016Z", "modified": "2022-05-13T14:14:44.193016Z", "name": "T1082", "external_references": [{"source_name": "mitre-attack", "url": "https://attack.mitre.org/techniques/T1082/", "external_id": "T1082"}]}, {"type": "attack-pattern", "spec_version": "2.1", "id": "attack-pattern--2856f72f-c449-4c1d-b9c9-53430d69e5de", "created": "2022-05-13T14:14:44.194014Z", "modified": "2022-05-13T14:14:44.194014Z", "name": "T1059", "external_references": [{"source_name": "mitre-attack", "url": "https://attack.mitre.org/techniques/T1059/", "external_id": "T1059"}]}, {"type": "attack-pattern", "spec_version": "2.1", "id": "attack-pattern--2a503a97-004a-4843-9286-79fd83fd7453", "created": "2022-05-13T14:14:44.194014Z", "modified": "2022-05-13T14:14:44.194014Z", "name": "T1566", "external_references": [{"source_name": "mitre-attack", "url": "https://attack.mitre.org/techniques/T1566/", "external_id": "T1566"}]}, {"type": "attack-pattern", "spec_version": "2.1", "id": "attack-pattern--f94c2d00-621b-44de-92bc-6e24e05b0a58", "created": "2022-05-13T14:14:44.194595Z", "modified": "2022-05-13T14:14:44.194595Z", "name": "T1485", "external_references": [{"source_name": "mitre-attack", "url": "https://attack.mitre.org/techniques/T1485/", "external_id": "T1485"}]}, {"type": "attack-pattern", "spec_version": "2.1", "id": "attack-pattern--aaabcb5d-0943-4ed3-8bac-f4baa6a5ba1b", "created": "2022-05-13T14:14:44.195011Z", "modified": "2022-05-13T14:14:44.195011Z", "name": "T1056", "external_references": [{"source_name": "mitre-attack", "url": "https://attack.mitre.org/techniques/T1056/", "external_id": "T1056"}]}, {"type": "attack-pattern", "spec_version": "2.1", "id": "attack-pattern--dae8953a-a5fe-4fd2-9c11-2fee48286d5e", "created": "2022-05-13T14:14:44.195011Z", "modified": "2022-05-13T14:14:44.195011Z", "name": "T1113", "external_references": [{"source_name": "mitre-attack", "url": "https://attack.mitre.org/techniques/T1113/", "external_id": "T1113"}]}, {"type": "attack-pattern", "spec_version": "2.1", "id": "attack-pattern--331cd5a8-a681-4a3c-9c91-51ea4a25b993", "created": "2022-05-13T14:14:44.195011Z", "modified": "2022-05-13T14:14:44.195011Z", "name": "T1104", "external_references": [{"source_name": "mitre-attack", "url": "https://attack.mitre.org/techniques/T1104/", "external_id": "T1104"}]}, {"type": "attack-pattern", "spec_version": "2.1", "id": "attack-pattern--59b447bc-6119-4f29-a706-45468526e10d", "created": "2022-05-13T14:14:44.196008Z", "modified": "2022-05-13T14:14:44.196008Z", "name": "T1561", "external_references": [{"source_name": "mitre-attack", "url": "https://attack.mitre.org/techniques/T1561/", "external_id": "T1561"}]}, {"type": "attack-pattern", "spec_version": "2.1", "id": "attack-pattern--83c7c29e-e473-43d5-a113-695ba547a5a8", "created": "2022-05-13T14:14:44.196008Z", "modified": "2022-05-13T14:14:44.196008Z", "name": "T1562", "external_references": [{"source_name": "mitre-attack", "url": "https://attack.mitre.org/techniques/T1562/", "external_id": "T1562"}]}, {"type": "attack-pattern", "spec_version": "2.1", "id": "attack-pattern--23b3f541-ca72-4228-b0fd-598a44cade84", "created": "2022-05-13T14:14:44.196008Z", "modified": "2022-05-13T14:14:44.196008Z", "name": "T1543", "external_references": [{"source_name": "mitre-attack", "url": "https://attack.mitre.org/techniques/T1543/", "external_id": "T1543"}]}, {"type": "indicator", "spec_version": "2.1", "id": "indicator--3c0b58de-bc43-4379-9ec1-2465cba69290", "created_by_ref": "identity--b79dac8e-457e-4585-bbc7-05d3ac3b8198", "created": "2022-05-13T14:14:44.197015Z", "modified": "2022-05-13T14:14:44.197015Z", "name": "Malicious MD5 - 3a4b1c1f68811b38be74e99e572efae9", "description": "Malicious MD5 involved with Kiling The Bear - Hermetic Wiper Malware", "pattern": "[file:hashes.MD5 = '3a4b1c1f68811b38be74e99e572efae9']", "pattern_type": "stix", "pattern_version": "2.1", "valid_from": "2022-05-13T15:14:44.196008Z", "labels": ["malicious-activity"]}, {"type": "relationship", "spec_version": "2.1", "id": "relationship--36c5f2f4-6892-453c-b32a-ea355765419c", "created": "2022-05-13T14:14:44.219099Z", "modified": "2022-05-13T14:14:44.219099Z", "relationship_type": "indicates", "source_ref": "indicator--3c0b58de-bc43-4379-9ec1-2465cba69290", "target_ref": "malware--01c5fab9-39ed-44ee-bc19-9a15af690703"}, {"type": "relationship", "spec_version": "2.1", "id": "relationship--ed2b142c-3320-45b3-b69b-d659a6d3773c", "created": "2022-05-13T14:14:44.219099Z", "modified": "2022-05-13T14:14:44.219099Z", "relationship_type": "indicates", "source_ref": "indicator--3c0b58de-bc43-4379-9ec1-2465cba69290", "target_ref": "attack-pattern--e4a2f690-fc88-4a2d-9ac1-8a9e7cc8f98d"}, {"type": "relationship", "spec_version": "2.1", "id": "relationship--9ea484b1-262d-40df-952e-dbc3a2789e60", "created": "2022-05-13T14:14:44.21997Z", "modified": "2022-05-13T14:14:44.21997Z", "relationship_type": "indicates", "source_ref": "indicator--3c0b58de-bc43-4379-9ec1-2465cba69290", "target_ref": "attack-pattern--ae9d8c77-cd91-49d1-a4f4-206db7c85301"}, {"type": "relationship", "spec_version": "2.1", "id": "relationship--18e1a0c4-23d1-4c1d-b533-4d5fdaa855ee", "created": "2022-05-13T14:14:44.21997Z", "modified": "2022-05-13T14:14:44.21997Z", "relationship_type": "indicates", "source_ref": "indicator--3c0b58de-bc43-4379-9ec1-2465cba69290", "target_ref": "attack-pattern--2856f72f-c449-4c1d-b9c9-53430d69e5de"}, {"type": "relationship", "spec_version": "2.1", "id": "relationship--205e4277-48a6-48c1-9cdf-538f12017de7", "created": "2022-05-13T14:14:44.220965Z", "modified": "2022-05-13T14:14:44.220965Z", "relationship_type": "indicates", "source_ref": "indicator--3c0b58de-bc43-4379-9ec1-2465cba69290", "target_ref": "attack-pattern--2a503a97-004a-4843-9286-79fd83fd7453"}, {"type": "relationship", "spec_version": "2.1", "id": "relationship--4d98cca7-c397-45f2-930f-7dc88f85be12", "created": "2022-05-13T14:14:44.220965Z", "modified": "2022-05-13T14:14:44.220965Z", "relationship_type": "indicates", "source_ref": "indicator--3c0b58de-bc43-4379-9ec1-2465cba69290", "target_ref": "attack-pattern--f94c2d00-621b-44de-92bc-6e24e05b0a58"}, {"type": "relationship", "spec_version": "2.1", "id": "relationship--3d1806ea-64c9-4935-be62-71490ce97154", "created": "2022-05-13T14:14:44.220965Z", "modified": "2022-05-13T14:14:44.220965Z", "relationship_type": "indicates", "source_ref": "indicator--3c0b58de-bc43-4379-9ec1-2465cba69290", "target_ref": "attack-pattern--aaabcb5d-0943-4ed3-8bac-f4baa6a5ba1b"}, {"type": "relationship", "spec_version": "2.1", "id": "relationship--6a91860e-8fb0-4f5b-91c1-d63ebd588472", "created": "2022-05-13T14:14:44.221962Z", "modified": "2022-05-13T14:14:44.221962Z", "relationship_type": "indicates", "source_ref": "indicator--3c0b58de-bc43-4379-9ec1-2465cba69290", "target_ref": "attack-pattern--dae8953a-a5fe-4fd2-9c11-2fee48286d5e"}, {"type": "relationship", "spec_version": "2.1", "id": "relationship--4f888ab7-ed1c-484f-ae27-5551ccc2566d", "created": "2022-05-13T14:14:44.221962Z", "modified": "2022-05-13T14:14:44.221962Z", "relationship_type": "indicates", "source_ref": "indicator--3c0b58de-bc43-4379-9ec1-2465cba69290", "target_ref": "attack-pattern--331cd5a8-a681-4a3c-9c91-51ea4a25b993"}, {"type": "relationship", "spec_version": "2.1", "id": "relationship--eca3258a-cfb7-43b5-8a6a-76c988ce4308", "created": "2022-05-13T14:14:44.221962Z", "modified": "2022-05-13T14:14:44.221962Z", "relationship_type": "indicates", "source_ref": "indicator--3c0b58de-bc43-4379-9ec1-2465cba69290", "target_ref": "attack-pattern--59b447bc-6119-4f29-a706-45468526e10d"}, {"type": "relationship", "spec_version": "2.1", "id": "relationship--d590b245-18af-453a-8f14-0654f1652748", "created": "2022-05-13T14:14:44.221962Z", "modified": "2022-05-13T14:14:44.221962Z", "relationship_type": "indicates", "source_ref": "indicator--3c0b58de-bc43-4379-9ec1-2465cba69290", "target_ref": "attack-pattern--83c7c29e-e473-43d5-a113-695ba547a5a8"}, {"type": "relationship", "spec_version": "2.1", "id": "relationship--4093e592-874e-4442-86f1-7e0b87514ea7", "created": "2022-05-13T14:14:44.222959Z", "modified": "2022-05-13T14:14:44.222959Z", "relationship_type": "indicates", "source_ref": "indicator--3c0b58de-bc43-4379-9ec1-2465cba69290", "target_ref": "attack-pattern--23b3f541-ca72-4228-b0fd-598a44cade84"}, {"type": "indicator", "spec_version": "2.1", "id": "indicator--ed303e4f-b850-4bc0-9cd9-eedfbd0ede77", "created_by_ref": "identity--b79dac8e-457e-4585-bbc7-05d3ac3b8198", "created": "2022-05-13T14:14:44.222959Z", "modified": "2022-05-13T14:14:44.222959Z", "name": "Malicious MD5 - 3bac736dfc996976ebd089338cf38c8b", "description": "Malicious MD5 involved with Kiling The Bear - Hermetic Wiper Malware", "pattern": "[file:hashes.MD5 = '3bac736dfc996976ebd089338cf38c8b']", "pattern_type": "stix", "pattern_version": "2.1", "valid_from": "2022-05-13T15:14:44.222959Z", "labels": ["malicious-activity"]}, {"type": "relationship", "spec_version": "2.1", "id": "relationship--b378e7e6-770d-48e9-a333-075ee90affe6", "created": "2022-05-13T14:14:44.224953Z", "modified": "2022-05-13T14:14:44.224953Z", "relationship_type": "indicates", "source_ref": "indicator--ed303e4f-b850-4bc0-9cd9-eedfbd0ede77", "target_ref": "malware--01c5fab9-39ed-44ee-bc19-9a15af690703"}, {"type": "relationship", "spec_version": "2.1", "id": "relationship--65ea1376-312d-4861-b3ca-ce8ce550e7c8", "created": "2022-05-13T14:14:44.224953Z", "modified": "2022-05-13T14:14:44.224953Z", "relationship_type": "indicates", "source_ref": "indicator--ed303e4f-b850-4bc0-9cd9-eedfbd0ede77", "target_ref": "attack-pattern--e4a2f690-fc88-4a2d-9ac1-8a9e7cc8f98d"}, {"type": "relationship", "spec_version": "2.1", "id": "relationship--284d400e-b62f-4f5c-9f9f-4b0ae021c1be", "created": "2022-05-13T14:14:44.224953Z", "modified": "2022-05-13T14:14:44.224953Z", "relationship_type": "indicates", "source_ref": "indicator--ed303e4f-b850-4bc0-9cd9-eedfbd0ede77", "target_ref": "attack-pattern--ae9d8c77-cd91-49d1-a4f4-206db7c85301"}, {"type": "relationship", "spec_version": "2.1", "id": "relationship--ceaee642-e4c4-4612-bf47-17ff493b4310", "created": "2022-05-13T14:14:44.225951Z", "modified": "2022-05-13T14:14:44.225951Z", "relationship_type": "indicates", "source_ref": "indicator--ed303e4f-b850-4bc0-9cd9-eedfbd0ede77", "target_ref": "attack-pattern--2856f72f-c449-4c1d-b9c9-53430d69e5de"}, {"type": "relationship", "spec_version": "2.1", "id": "relationship--0c95845c-343d-4a97-811c-7d0a0b0c4ac3", "created": "2022-05-13T14:14:44.225951Z", "modified": "2022-05-13T14:14:44.225951Z", "relationship_type": "indicates", "source_ref": "indicator--ed303e4f-b850-4bc0-9cd9-eedfbd0ede77", "target_ref": "attack-pattern--2a503a97-004a-4843-9286-79fd83fd7453"}, {"type": "relationship", "spec_version": "2.1", "id": "relationship--b51d8068-82e6-4cd0-b11e-2ff0eab47a51", "created": "2022-05-13T14:14:44.225951Z", "modified": "2022-05-13T14:14:44.225951Z", "relationship_type": "indicates", "source_ref": "indicator--ed303e4f-b850-4bc0-9cd9-eedfbd0ede77", "target_ref": "attack-pattern--f94c2d00-621b-44de-92bc-6e24e05b0a58"}, {"type": "relationship", "spec_version": "2.1", "id": "relationship--6ab18ef5-533a-4923-8ece-c65afc667d9a", "created": "2022-05-13T14:14:44.225951Z", "modified": "2022-05-13T14:14:44.225951Z", "relationship_type": "indicates", "source_ref": "indicator--ed303e4f-b850-4bc0-9cd9-eedfbd0ede77", "target_ref": "attack-pattern--aaabcb5d-0943-4ed3-8bac-f4baa6a5ba1b"}, {"type": "relationship", "spec_version": "2.1", "id": "relationship--82dc8eae-d673-4352-b5b2-c94f68c9aba1", "created": "2022-05-13T14:14:44.226948Z", "modified": "2022-05-13T14:14:44.226948Z", "relationship_type": "indicates", "source_ref": "indicator--ed303e4f-b850-4bc0-9cd9-eedfbd0ede77", "target_ref": "attack-pattern--dae8953a-a5fe-4fd2-9c11-2fee48286d5e"}, {"type": "relationship", "spec_version": "2.1", "id": "relationship--14b2532f-4b8b-4213-b94f-935c4cac492d", "created": "2022-05-13T14:14:44.226948Z", "modified": "2022-05-13T14:14:44.226948Z", "relationship_type": "indicates", "source_ref": "indicator--ed303e4f-b850-4bc0-9cd9-eedfbd0ede77", "target_ref": "attack-pattern--331cd5a8-a681-4a3c-9c91-51ea4a25b993"}, {"type": "relationship", "spec_version": "2.1", "id": "relationship--3a0f7454-c94c-4090-9126-67c31febec63", "created": "2022-05-13T14:14:44.227431Z", "modified": "2022-05-13T14:14:44.227431Z", "relationship_type": "indicates", "source_ref": "indicator--ed303e4f-b850-4bc0-9cd9-eedfbd0ede77", "target_ref": "attack-pattern--59b447bc-6119-4f29-a706-45468526e10d"}, {"type": "relationship", "spec_version": "2.1", "id": "relationship--9120e960-76c6-4079-94f8-ad42519560bf", "created": "2022-05-13T14:14:44.227431Z", "modified": "2022-05-13T14:14:44.227431Z", "relationship_type": "indicates", "source_ref": "indicator--ed303e4f-b850-4bc0-9cd9-eedfbd0ede77", "target_ref": "attack-pattern--83c7c29e-e473-43d5-a113-695ba547a5a8"}, {"type": "relationship", "spec_version": "2.1", "id": "relationship--b72e6b0e-710d-4035-b1de-999a30ecb894", "created": "2022-05-13T14:14:44.227945Z", "modified": "2022-05-13T14:14:44.227945Z", "relationship_type": "indicates", "source_ref": "indicator--ed303e4f-b850-4bc0-9cd9-eedfbd0ede77", "target_ref": "attack-pattern--23b3f541-ca72-4228-b0fd-598a44cade84"}, {"type": "indicator", "spec_version": "2.1", "id": "indicator--ed66cad7-ead0-4b4b-85da-28e4055369d2", "created_by_ref": "identity--b79dac8e-457e-4585-bbc7-05d3ac3b8198", "created": "2022-05-13T14:14:44.227945Z", "modified": "2022-05-13T14:14:44.227945Z", "name": "Malicious MD5 - 42e2b6e4fba51ec71235e28ddff27a76", "description": "Malicious MD5 involved with Kiling The Bear - Hermetic Wiper Malware", "pattern": "[file:hashes.MD5 = '42e2b6e4fba51ec71235e28ddff27a76']", "pattern_type": "stix", "pattern_version": "2.1", "valid_from": "2022-05-13T15:14:44.227945Z", "labels": ["malicious-activity"]}, {"type": "relationship", "spec_version": "2.1", "id": "relationship--94b7380a-bb3a-49f6-b783-340f630c6dc4", "created": "2022-05-13T14:14:44.229933Z", "modified": "2022-05-13T14:14:44.229933Z", "relationship_type": "indicates", "source_ref": "indicator--ed66cad7-ead0-4b4b-85da-28e4055369d2", "target_ref": "malware--01c5fab9-39ed-44ee-bc19-9a15af690703"}, {"type": "relationship", "spec_version": "2.1", "id": "relationship--1037db34-cfb8-46fc-b7e3-f02c9ae69467", "created": "2022-05-13T14:14:44.229933Z", "modified": "2022-05-13T14:14:44.229933Z", "relationship_type": "indicates", "source_ref": "indicator--ed66cad7-ead0-4b4b-85da-28e4055369d2", "target_ref": "attack-pattern--e4a2f690-fc88-4a2d-9ac1-8a9e7cc8f98d"}, {"type": "relationship", "spec_version": "2.1", "id": "relationship--12e64e49-b1ad-4a4f-a184-6421fe9c7bd9", "created": "2022-05-13T14:14:44.230359Z", "modified": "2022-05-13T14:14:44.230359Z", "relationship_type": "indicates", "source_ref": "indicator--ed66cad7-ead0-4b4b-85da-28e4055369d2", "target_ref": "attack-pattern--ae9d8c77-cd91-49d1-a4f4-206db7c85301"}, {"type": "relationship", "spec_version": "2.1", "id": "relationship--a78ac712-25de-4697-9fe3-c03ef89cda58", "created": "2022-05-13T14:14:44.230359Z", "modified": "2022-05-13T14:14:44.230359Z", "relationship_type": "indicates", "source_ref": "indicator--ed66cad7-ead0-4b4b-85da-28e4055369d2", "target_ref": "attack-pattern--2856f72f-c449-4c1d-b9c9-53430d69e5de"}, {"type": "relationship", "spec_version": "2.1", "id": "relationship--907f47fe-c976-4fd0-a72a-e74c24a8715e", "created": "2022-05-13T14:14:44.23093Z", "modified": "2022-05-13T14:14:44.23093Z", "relationship_type": "indicates", "source_ref": "indicator--ed66cad7-ead0-4b4b-85da-28e4055369d2", "target_ref": "attack-pattern--2a503a97-004a-4843-9286-79fd83fd7453"}, {"type": "relationship", "spec_version": "2.1", "id": "relationship--41ecb69e-2b51-4556-a343-19edfbb1478f", "created": "2022-05-13T14:14:44.23093Z", "modified": "2022-05-13T14:14:44.23093Z", "relationship_type": "indicates", "source_ref": "indicator--ed66cad7-ead0-4b4b-85da-28e4055369d2", "target_ref": "attack-pattern--f94c2d00-621b-44de-92bc-6e24e05b0a58"}, {"type": "relationship", "spec_version": "2.1", "id": "relationship--055d7f93-f426-4db5-83ff-051ca8852bf6", "created": "2022-05-13T14:14:44.23093Z", "modified": "2022-05-13T14:14:44.23093Z", "relationship_type": "indicates", "source_ref": "indicator--ed66cad7-ead0-4b4b-85da-28e4055369d2", "target_ref": "attack-pattern--aaabcb5d-0943-4ed3-8bac-f4baa6a5ba1b"}, {"type": "relationship", "spec_version": "2.1", "id": "relationship--ba4b6e49-fc2b-4786-966c-bcf6865642e6", "created": "2022-05-13T14:14:44.23093Z", "modified": "2022-05-13T14:14:44.23093Z", "relationship_type": "indicates", "source_ref": "indicator--ed66cad7-ead0-4b4b-85da-28e4055369d2", "target_ref": "attack-pattern--dae8953a-a5fe-4fd2-9c11-2fee48286d5e"}, {"type": "relationship", "spec_version": "2.1", "id": "relationship--83bc84bd-c830-4416-8f26-22fa8cace55d", "created": "2022-05-13T14:14:44.231927Z", "modified": "2022-05-13T14:14:44.231927Z", "relationship_type": "indicates", "source_ref": "indicator--ed66cad7-ead0-4b4b-85da-28e4055369d2", "target_ref": "attack-pattern--331cd5a8-a681-4a3c-9c91-51ea4a25b993"}, {"type": "relationship", "spec_version": "2.1", "id": "relationship--53199570-1d67-43c1-a899-85f8b76ee40f", "created": "2022-05-13T14:14:44.231927Z", "modified": "2022-05-13T14:14:44.231927Z", "relationship_type": "indicates", "source_ref": "indicator--ed66cad7-ead0-4b4b-85da-28e4055369d2", "target_ref": "attack-pattern--59b447bc-6119-4f29-a706-45468526e10d"}, {"type": "relationship", "spec_version": "2.1", "id": "relationship--e9e64e5b-e8ee-42c6-9546-ac9dc0c62af2", "created": "2022-05-13T14:14:44.231927Z", "modified": "2022-05-13T14:14:44.231927Z", "relationship_type": "indicates", "source_ref": "indicator--ed66cad7-ead0-4b4b-85da-28e4055369d2", "target_ref": "attack-pattern--83c7c29e-e473-43d5-a113-695ba547a5a8"}, {"type": "relationship", "spec_version": "2.1", "id": "relationship--7790a59f-5f48-4266-8c16-72cbf256746e", "created": "2022-05-13T14:14:44.232926Z", "modified": "2022-05-13T14:14:44.232926Z", "relationship_type": "indicates", "source_ref": "indicator--ed66cad7-ead0-4b4b-85da-28e4055369d2", "target_ref": "attack-pattern--23b3f541-ca72-4228-b0fd-598a44cade84"}, {"type": "indicator", "spec_version": "2.1", "id": "indicator--108ae1c0-1966-4272-a6a9-bd2be59bb082", "created_by_ref": "identity--b79dac8e-457e-4585-bbc7-05d3ac3b8198", "created": "2022-05-13T14:14:44.232926Z", "modified": "2022-05-13T14:14:44.232926Z", "name": "Malicious MD5 - 42e52b8daf63e6e26c3aa91e7e971492", "description": "Malicious MD5 involved with Kiling The Bear - Hermetic Wiper Malware", "pattern": "[file:hashes.MD5 = '42e52b8daf63e6e26c3aa91e7e971492']", "pattern_type": "stix", "pattern_version": "2.1", "valid_from": "2022-05-13T15:14:44.232926Z", "labels": ["malicious-activity"]}, {"type": "relationship", "spec_version": "2.1", "id": "relationship--c7305e62-10b1-494d-bf85-2af260444530", "created": "2022-05-13T14:14:44.234921Z", "modified": "2022-05-13T14:14:44.234921Z", "relationship_type": "indicates", "source_ref": "indicator--108ae1c0-1966-4272-a6a9-bd2be59bb082", "target_ref": "malware--01c5fab9-39ed-44ee-bc19-9a15af690703"}, {"type": "relationship", "spec_version": "2.1", "id": "relationship--069a595c-ea58-4358-b998-72ee2d373e79", "created": "2022-05-13T14:14:44.234921Z", "modified": "2022-05-13T14:14:44.234921Z", "relationship_type": "indicates", "source_ref": "indicator--108ae1c0-1966-4272-a6a9-bd2be59bb082", "target_ref": "attack-pattern--e4a2f690-fc88-4a2d-9ac1-8a9e7cc8f98d"}, {"type": "relationship", "spec_version": "2.1", "id": "relationship--d163cf64-f4df-4555-94ad-a83f44741b6c", "created": "2022-05-13T14:14:44.23592Z", "modified": "2022-05-13T14:14:44.23592Z", "relationship_type": "indicates", "source_ref": "indicator--108ae1c0-1966-4272-a6a9-bd2be59bb082", "target_ref": "attack-pattern--ae9d8c77-cd91-49d1-a4f4-206db7c85301"}, {"type": "relationship", "spec_version": "2.1", "id": "relationship--1a54f970-ead6-433c-9735-d558c16687c0", "created": "2022-05-13T14:14:44.23592Z", "modified": "2022-05-13T14:14:44.23592Z", "relationship_type": "indicates", "source_ref": "indicator--108ae1c0-1966-4272-a6a9-bd2be59bb082", "target_ref": "attack-pattern--2856f72f-c449-4c1d-b9c9-53430d69e5de"}, {"type": "relationship", "spec_version": "2.1", "id": "relationship--46758468-13b9-49c8-b064-18f87cdda7c8", "created": "2022-05-13T14:14:44.236915Z", "modified": "2022-05-13T14:14:44.236915Z", "relationship_type": "indicates", "source_ref": "indicator--108ae1c0-1966-4272-a6a9-bd2be59bb082", "target_ref": "attack-pattern--2a503a97-004a-4843-9286-79fd83fd7453"}, {"type": "relationship", "spec_version": "2.1", "id": "relationship--017f1913-d8f4-4a22-b236-fbdfa2d95e98", "created": "2022-05-13T14:14:44.236915Z", "modified": "2022-05-13T14:14:44.236915Z", "relationship_type": "indicates", "source_ref": "indicator--108ae1c0-1966-4272-a6a9-bd2be59bb082", "target_ref": "attack-pattern--f94c2d00-621b-44de-92bc-6e24e05b0a58"}, {"type": "relationship", "spec_version": "2.1", "id": "relationship--26159f98-a939-487b-bb95-7ceddc09c3e0", "created": "2022-05-13T14:14:44.237919Z", "modified": "2022-05-13T14:14:44.237919Z", "relationship_type": "indicates", "source_ref": "indicator--108ae1c0-1966-4272-a6a9-bd2be59bb082", "target_ref": "attack-pattern--aaabcb5d-0943-4ed3-8bac-f4baa6a5ba1b"}, {"type": "relationship", "spec_version": "2.1", "id": "relationship--338758fb-4f12-44de-b32e-d3c4182ca818", "created": "2022-05-13T14:14:44.237919Z", "modified": "2022-05-13T14:14:44.237919Z", "relationship_type": "indicates", "source_ref": "indicator--108ae1c0-1966-4272-a6a9-bd2be59bb082", "target_ref": "attack-pattern--dae8953a-a5fe-4fd2-9c11-2fee48286d5e"}, {"type": "relationship", "spec_version": "2.1", "id": "relationship--6c3d0fdf-ea1e-4a31-a222-841a7c15d6b3", "created": "2022-05-13T14:14:44.237919Z", "modified": "2022-05-13T14:14:44.237919Z", "relationship_type": "indicates", "source_ref": "indicator--108ae1c0-1966-4272-a6a9-bd2be59bb082", "target_ref": "attack-pattern--331cd5a8-a681-4a3c-9c91-51ea4a25b993"}, {"type": "relationship", "spec_version": "2.1", "id": "relationship--1449f769-1273-456e-8952-54a3c4e70343", "created": "2022-05-13T14:14:44.238941Z", "modified": "2022-05-13T14:14:44.238941Z", "relationship_type": "indicates", "source_ref": "indicator--108ae1c0-1966-4272-a6a9-bd2be59bb082", "target_ref": "attack-pattern--59b447bc-6119-4f29-a706-45468526e10d"}, {"type": "relationship", "spec_version": "2.1", "id": "relationship--766da8df-5632-4e4a-90a5-f81ed2c75f9f", "created": "2022-05-13T14:14:44.239316Z", "modified": "2022-05-13T14:14:44.239316Z", "relationship_type": "indicates", "source_ref": "indicator--108ae1c0-1966-4272-a6a9-bd2be59bb082", "target_ref": "attack-pattern--83c7c29e-e473-43d5-a113-695ba547a5a8"}, {"type": "relationship", "spec_version": "2.1", "id": "relationship--8057ba92-96a6-4a70-aac3-ba4e880caeab", "created": "2022-05-13T14:14:44.239316Z", "modified": "2022-05-13T14:14:44.239316Z", "relationship_type": "indicates", "source_ref": "indicator--108ae1c0-1966-4272-a6a9-bd2be59bb082", "target_ref": "attack-pattern--23b3f541-ca72-4228-b0fd-598a44cade84"}, {"type": "indicator", "spec_version": "2.1", "id": "indicator--1a4a4895-8065-41cb-9e11-5f9c520faaca", "created_by_ref": "identity--b79dac8e-457e-4585-bbc7-05d3ac3b8198", "created": "2022-05-13T14:14:44.239906Z", "modified": "2022-05-13T14:14:44.239906Z", "name": "Malicious SHA1 - 4f3362ebac2503906179bd7c002f573886fa85a5", "description": "Malicious SHA1 involved with Kiling The Bear - Hermetic Wiper Malware", "pattern": "[file:hashes.'SHA-1' = '4f3362ebac2503906179bd7c002f573886fa85a5']", "pattern_type": "stix", "pattern_version": "2.1", "valid_from": "2022-05-13T15:14:44.239906Z", "labels": ["malicious-activity"]}, {"type": "relationship", "spec_version": "2.1", "id": "relationship--e47550a9-0a57-4175-bd18-50833dbad23c", "created": "2022-05-13T14:14:44.242899Z", "modified": "2022-05-13T14:14:44.242899Z", "relationship_type": "indicates", "source_ref": "indicator--1a4a4895-8065-41cb-9e11-5f9c520faaca", "target_ref": "malware--01c5fab9-39ed-44ee-bc19-9a15af690703"}, {"type": "relationship", "spec_version": "2.1", "id": "relationship--b0bc21bb-5f09-4da6-b568-279f05bf52b1", "created": "2022-05-13T14:14:44.242899Z", "modified": "2022-05-13T14:14:44.242899Z", "relationship_type": "indicates", "source_ref": "indicator--1a4a4895-8065-41cb-9e11-5f9c520faaca", "target_ref": "attack-pattern--e4a2f690-fc88-4a2d-9ac1-8a9e7cc8f98d"}, {"type": "relationship", "spec_version": "2.1", "id": "relationship--68e04653-f61b-4d48-9008-d5e8e6ecb55b", "created": "2022-05-13T14:14:44.242899Z", "modified": "2022-05-13T14:14:44.242899Z", "relationship_type": "indicates", "source_ref": "indicator--1a4a4895-8065-41cb-9e11-5f9c520faaca", "target_ref": "attack-pattern--ae9d8c77-cd91-49d1-a4f4-206db7c85301"}, {"type": "relationship", "spec_version": "2.1", "id": "relationship--30340d65-22bf-4a51-96c9-609a417baa1c", "created": "2022-05-13T14:14:44.243896Z", "modified": "2022-05-13T14:14:44.243896Z", "relationship_type": "indicates", "source_ref": "indicator--1a4a4895-8065-41cb-9e11-5f9c520faaca", "target_ref": "attack-pattern--2856f72f-c449-4c1d-b9c9-53430d69e5de"}, {"type": "relationship", "spec_version": "2.1", "id": "relationship--3591943c-b3c0-4137-986b-0e70225e0b3b", "created": "2022-05-13T14:14:44.244021Z", "modified": "2022-05-13T14:14:44.244021Z", "relationship_type": "indicates", "source_ref": "indicator--1a4a4895-8065-41cb-9e11-5f9c520faaca", "target_ref": "attack-pattern--2a503a97-004a-4843-9286-79fd83fd7453"}, {"type": "relationship", "spec_version": "2.1", "id": "relationship--633c9219-d70d-49bc-882e-11d374e129a0", "created": "2022-05-13T14:14:44.244021Z", "modified": "2022-05-13T14:14:44.244021Z", "relationship_type": "indicates", "source_ref": "indicator--1a4a4895-8065-41cb-9e11-5f9c520faaca", "target_ref": "attack-pattern--f94c2d00-621b-44de-92bc-6e24e05b0a58"}, {"type": "relationship", "spec_version": "2.1", "id": "relationship--5499bb7d-faba-404f-9c7a-e3956b50becf", "created": "2022-05-13T14:14:44.244021Z", "modified": "2022-05-13T14:14:44.244021Z", "relationship_type": "indicates", "source_ref": "indicator--1a4a4895-8065-41cb-9e11-5f9c520faaca", "target_ref": "attack-pattern--aaabcb5d-0943-4ed3-8bac-f4baa6a5ba1b"}, {"type": "relationship", "spec_version": "2.1", "id": "relationship--bb6f0ce8-06de-4037-a841-4e732b22667c", "created": "2022-05-13T14:14:44.244021Z", "modified": "2022-05-13T14:14:44.244021Z", "relationship_type": "indicates", "source_ref": "indicator--1a4a4895-8065-41cb-9e11-5f9c520faaca", "target_ref": "attack-pattern--dae8953a-a5fe-4fd2-9c11-2fee48286d5e"}, {"type": "relationship", "spec_version": "2.1", "id": "relationship--286648c7-cbe9-4bbf-a8e1-82e84a09e987", "created": "2022-05-13T14:14:44.244893Z", "modified": "2022-05-13T14:14:44.244893Z", "relationship_type": "indicates", "source_ref": "indicator--1a4a4895-8065-41cb-9e11-5f9c520faaca", "target_ref": "attack-pattern--331cd5a8-a681-4a3c-9c91-51ea4a25b993"}, {"type": "relationship", "spec_version": "2.1", "id": "relationship--dc0ac219-1ac2-4760-b49a-54cf234144a4", "created": "2022-05-13T14:14:44.244893Z", "modified": "2022-05-13T14:14:44.244893Z", "relationship_type": "indicates", "source_ref": "indicator--1a4a4895-8065-41cb-9e11-5f9c520faaca", "target_ref": "attack-pattern--59b447bc-6119-4f29-a706-45468526e10d"}, {"type": "relationship", "spec_version": "2.1", "id": "relationship--301cdc8f-bcfd-4718-b13e-6805aa872e0c", "created": "2022-05-13T14:14:44.244893Z", "modified": "2022-05-13T14:14:44.244893Z", "relationship_type": "indicates", "source_ref": "indicator--1a4a4895-8065-41cb-9e11-5f9c520faaca", "target_ref": "attack-pattern--83c7c29e-e473-43d5-a113-695ba547a5a8"}, {"type": "relationship", "spec_version": "2.1", "id": "relationship--2cce088e-2cbb-4412-bc30-166d49dcfac0", "created": "2022-05-13T14:14:44.244893Z", "modified": "2022-05-13T14:14:44.244893Z", "relationship_type": "indicates", "source_ref": "indicator--1a4a4895-8065-41cb-9e11-5f9c520faaca", "target_ref": "attack-pattern--23b3f541-ca72-4228-b0fd-598a44cade84"}, {"type": "indicator", "spec_version": "2.1", "id": "indicator--5246d620-862f-40fc-a7ff-55217550a5e7", "created_by_ref": "identity--b79dac8e-457e-4585-bbc7-05d3ac3b8198", "created": "2022-05-13T14:14:44.24589Z", "modified": "2022-05-13T14:14:44.24589Z", "name": "Malicious SHA1 - 98b3fb74b3e8b3f9b05a82473551c5a77b576d54", "description": "Malicious SHA1 involved with Kiling The Bear - Hermetic Wiper Malware", "pattern": "[file:hashes.'SHA-1' = '98b3fb74b3e8b3f9b05a82473551c5a77b576d54']", "pattern_type": "stix", "pattern_version": "2.1", "valid_from": "2022-05-13T15:14:44.24589Z", "labels": ["malicious-activity"]}, {"type": "relationship", "spec_version": "2.1", "id": "relationship--10718a0c-3525-4220-90e1-8e2a33b80d20", "created": "2022-05-13T14:14:44.247306Z", "modified": "2022-05-13T14:14:44.247306Z", "relationship_type": "indicates", "source_ref": "indicator--5246d620-862f-40fc-a7ff-55217550a5e7", "target_ref": "malware--01c5fab9-39ed-44ee-bc19-9a15af690703"}, {"type": "relationship", "spec_version": "2.1", "id": "relationship--e5266030-45de-4aff-a473-998147a51eb0", "created": "2022-05-13T14:14:44.247822Z", "modified": "2022-05-13T14:14:44.247822Z", "relationship_type": "indicates", "source_ref": "indicator--5246d620-862f-40fc-a7ff-55217550a5e7", "target_ref": "attack-pattern--e4a2f690-fc88-4a2d-9ac1-8a9e7cc8f98d"}, {"type": "relationship", "spec_version": "2.1", "id": "relationship--ff809d19-874c-400c-ac07-2985bc562967", "created": "2022-05-13T14:14:44.247822Z", "modified": "2022-05-13T14:14:44.247822Z", "relationship_type": "indicates", "source_ref": "indicator--5246d620-862f-40fc-a7ff-55217550a5e7", "target_ref": "attack-pattern--ae9d8c77-cd91-49d1-a4f4-206db7c85301"}, {"type": "relationship", "spec_version": "2.1", "id": "relationship--caa71329-1888-45e0-b7b0-e32c917cc529", "created": "2022-05-13T14:14:44.247822Z", "modified": "2022-05-13T14:14:44.247822Z", "relationship_type": "indicates", "source_ref": "indicator--5246d620-862f-40fc-a7ff-55217550a5e7", "target_ref": "attack-pattern--2856f72f-c449-4c1d-b9c9-53430d69e5de"}, {"type": "relationship", "spec_version": "2.1", "id": "relationship--c06b280c-37ca-41f4-81c2-2d8e3d179a0b", "created": "2022-05-13T14:14:44.247822Z", "modified": "2022-05-13T14:14:44.247822Z", "relationship_type": "indicates", "source_ref": "indicator--5246d620-862f-40fc-a7ff-55217550a5e7", "target_ref": "attack-pattern--2a503a97-004a-4843-9286-79fd83fd7453"}, {"type": "relationship", "spec_version": "2.1", "id": "relationship--b51f20b2-d825-4abd-b313-7aa117082858", "created": "2022-05-13T14:14:44.24881Z", "modified": "2022-05-13T14:14:44.24881Z", "relationship_type": "indicates", "source_ref": "indicator--5246d620-862f-40fc-a7ff-55217550a5e7", "target_ref": "attack-pattern--f94c2d00-621b-44de-92bc-6e24e05b0a58"}, {"type": "relationship", "spec_version": "2.1", "id": "relationship--e629ec97-7c7d-44b2-89ee-1a6ee0207aa9", "created": "2022-05-13T14:14:44.24922Z", "modified": "2022-05-13T14:14:44.24922Z", "relationship_type": "indicates", "source_ref": "indicator--5246d620-862f-40fc-a7ff-55217550a5e7", "target_ref": "attack-pattern--aaabcb5d-0943-4ed3-8bac-f4baa6a5ba1b"}, {"type": "relationship", "spec_version": "2.1", "id": "relationship--cd2659a7-80f3-4f44-9795-159949756ac8", "created": "2022-05-13T14:14:44.249808Z", "modified": "2022-05-13T14:14:44.249808Z", "relationship_type": "indicates", "source_ref": "indicator--5246d620-862f-40fc-a7ff-55217550a5e7", "target_ref": "attack-pattern--dae8953a-a5fe-4fd2-9c11-2fee48286d5e"}, {"type": "relationship", "spec_version": "2.1", "id": "relationship--5806abb7-6aa7-4d7a-a342-d14eb75a5872", "created": "2022-05-13T14:14:44.249808Z", "modified": "2022-05-13T14:14:44.249808Z", "relationship_type": "indicates", "source_ref": "indicator--5246d620-862f-40fc-a7ff-55217550a5e7", "target_ref": "attack-pattern--331cd5a8-a681-4a3c-9c91-51ea4a25b993"}, {"type": "relationship", "spec_version": "2.1", "id": "relationship--ee80e181-1693-436f-96c1-02b8c41cc418", "created": "2022-05-13T14:14:44.250806Z", "modified": "2022-05-13T14:14:44.250806Z", "relationship_type": "indicates", "source_ref": "indicator--5246d620-862f-40fc-a7ff-55217550a5e7", "target_ref": "attack-pattern--59b447bc-6119-4f29-a706-45468526e10d"}, {"type": "relationship", "spec_version": "2.1", "id": "relationship--f9d92a31-4c3a-4629-84ac-cba0f99ae72b", "created": "2022-05-13T14:14:44.250806Z", "modified": "2022-05-13T14:14:44.250806Z", "relationship_type": "indicates", "source_ref": "indicator--5246d620-862f-40fc-a7ff-55217550a5e7", "target_ref": "attack-pattern--83c7c29e-e473-43d5-a113-695ba547a5a8"}, {"type": "relationship", "spec_version": "2.1", "id": "relationship--9f781acc-9ac9-445e-ab74-20556fc62ab1", "created": "2022-05-13T14:14:44.250806Z", "modified": "2022-05-13T14:14:44.250806Z", "relationship_type": "indicates", "source_ref": "indicator--5246d620-862f-40fc-a7ff-55217550a5e7", "target_ref": "attack-pattern--23b3f541-ca72-4228-b0fd-598a44cade84"}, {"type": "indicator", "spec_version": "2.1", "id": "indicator--560d9e14-7012-4a3c-9df7-07d725f7f0ec", "created_by_ref": "identity--b79dac8e-457e-4585-bbc7-05d3ac3b8198", "created": "2022-05-13T14:14:44.251822Z", "modified": "2022-05-13T14:14:44.251822Z", "name": "Malicious SHA1 - c22e17dd8f7b2687011cecc8b2208ceb6cf9b995", "description": "Malicious SHA1 involved with Kiling The Bear - Hermetic Wiper Malware", "pattern": "[file:hashes.'SHA-1' = 'c22e17dd8f7b2687011cecc8b2208ceb6cf9b995']", "pattern_type": "stix", "pattern_version": "2.1", "valid_from": "2022-05-13T15:14:44.251822Z", "labels": ["malicious-activity"]}, {"type": "relationship", "spec_version": "2.1", "id": "relationship--04e5b055-18e0-4061-a570-0f8901311c4b", "created": "2022-05-13T14:14:44.254794Z", "modified": "2022-05-13T14:14:44.254794Z", "relationship_type": "indicates", "source_ref": "indicator--560d9e14-7012-4a3c-9df7-07d725f7f0ec", "target_ref": "malware--01c5fab9-39ed-44ee-bc19-9a15af690703"}, {"type": "relationship", "spec_version": "2.1", "id": "relationship--e30a3bbf-bbbb-46c2-bb2f-a963b9633e58", "created": "2022-05-13T14:14:44.254794Z", "modified": "2022-05-13T14:14:44.254794Z", "relationship_type": "indicates", "source_ref": "indicator--560d9e14-7012-4a3c-9df7-07d725f7f0ec", "target_ref": "attack-pattern--e4a2f690-fc88-4a2d-9ac1-8a9e7cc8f98d"}, {"type": "relationship", "spec_version": "2.1", "id": "relationship--b5b4be51-4df9-420e-b7a1-08e9efde7f7a", "created": "2022-05-13T14:14:44.255791Z", "modified": "2022-05-13T14:14:44.255791Z", "relationship_type": "indicates", "source_ref": "indicator--560d9e14-7012-4a3c-9df7-07d725f7f0ec", "target_ref": "attack-pattern--ae9d8c77-cd91-49d1-a4f4-206db7c85301"}, {"type": "relationship", "spec_version": "2.1", "id": "relationship--8e06b062-4634-4137-896e-1db9b1e47db0", "created": "2022-05-13T14:14:44.255936Z", "modified": "2022-05-13T14:14:44.255936Z", "relationship_type": "indicates", "source_ref": "indicator--560d9e14-7012-4a3c-9df7-07d725f7f0ec", "target_ref": "attack-pattern--2856f72f-c449-4c1d-b9c9-53430d69e5de"}, {"type": "relationship", "spec_version": "2.1", "id": "relationship--f02a40f5-e0a8-4439-bdb6-42804c994ae8", "created": "2022-05-13T14:14:44.255936Z", "modified": "2022-05-13T14:14:44.255936Z", "relationship_type": "indicates", "source_ref": "indicator--560d9e14-7012-4a3c-9df7-07d725f7f0ec", "target_ref": "attack-pattern--2a503a97-004a-4843-9286-79fd83fd7453"}, {"type": "relationship", "spec_version": "2.1", "id": "relationship--6a8b3d9d-e7b6-4456-b2bc-d2b2c8efc671", "created": "2022-05-13T14:14:44.255936Z", "modified": "2022-05-13T14:14:44.255936Z", "relationship_type": "indicates", "source_ref": "indicator--560d9e14-7012-4a3c-9df7-07d725f7f0ec", "target_ref": "attack-pattern--f94c2d00-621b-44de-92bc-6e24e05b0a58"}, {"type": "relationship", "spec_version": "2.1", "id": "relationship--0d91bd7c-71cb-42ec-923d-a16be324989c", "created": "2022-05-13T14:14:44.256788Z", "modified": "2022-05-13T14:14:44.256788Z", "relationship_type": "indicates", "source_ref": "indicator--560d9e14-7012-4a3c-9df7-07d725f7f0ec", "target_ref": "attack-pattern--aaabcb5d-0943-4ed3-8bac-f4baa6a5ba1b"}, {"type": "relationship", "spec_version": "2.1", "id": "relationship--b028b566-74bf-49b9-aaad-790729c844d4", "created": "2022-05-13T14:14:44.256788Z", "modified": "2022-05-13T14:14:44.256788Z", "relationship_type": "indicates", "source_ref": "indicator--560d9e14-7012-4a3c-9df7-07d725f7f0ec", "target_ref": "attack-pattern--dae8953a-a5fe-4fd2-9c11-2fee48286d5e"}, {"type": "relationship", "spec_version": "2.1", "id": "relationship--2ddf7afb-44ed-4641-a922-eef5856933eb", "created": "2022-05-13T14:14:44.256788Z", "modified": "2022-05-13T14:14:44.256788Z", "relationship_type": "indicates", "source_ref": "indicator--560d9e14-7012-4a3c-9df7-07d725f7f0ec", "target_ref": "attack-pattern--331cd5a8-a681-4a3c-9c91-51ea4a25b993"}, {"type": "relationship", "spec_version": "2.1", "id": "relationship--d0677779-fd3f-4502-aad0-3ab54c5367b4", "created": "2022-05-13T14:14:44.256788Z", "modified": "2022-05-13T14:14:44.256788Z", "relationship_type": "indicates", "source_ref": "indicator--560d9e14-7012-4a3c-9df7-07d725f7f0ec", "target_ref": "attack-pattern--59b447bc-6119-4f29-a706-45468526e10d"}, {"type": "relationship", "spec_version": "2.1", "id": "relationship--7c5f9cc6-5779-4f97-b96d-01d3eb34293e", "created": "2022-05-13T14:14:44.257785Z", "modified": "2022-05-13T14:14:44.257785Z", "relationship_type": "indicates", "source_ref": "indicator--560d9e14-7012-4a3c-9df7-07d725f7f0ec", "target_ref": "attack-pattern--83c7c29e-e473-43d5-a113-695ba547a5a8"}, {"type": "relationship", "spec_version": "2.1", "id": "relationship--d822ca3b-8c7c-43df-8b58-4da7ad65b64e", "created": "2022-05-13T14:14:44.257785Z", "modified": "2022-05-13T14:14:44.257785Z", "relationship_type": "indicates", "source_ref": "indicator--560d9e14-7012-4a3c-9df7-07d725f7f0ec", "target_ref": "attack-pattern--23b3f541-ca72-4228-b0fd-598a44cade84"}, {"type": "indicator", "spec_version": "2.1", "id": "indicator--2be7ed73-12d8-42a8-9cab-a030d2d228bc", "created_by_ref": "identity--b79dac8e-457e-4585-bbc7-05d3ac3b8198", "created": "2022-05-13T14:14:44.258311Z", "modified": "2022-05-13T14:14:44.258311Z", "name": "Malicious SHA1 - fc11fb670300addfd203da826c3d0c7b8b8efe24", "description": "Malicious SHA1 involved with Kiling The Bear - Hermetic Wiper Malware", "pattern": "[file:hashes.'SHA-1' = 'fc11fb670300addfd203da826c3d0c7b8b8efe24']", "pattern_type": "stix", "pattern_version": "2.1", "valid_from": "2022-05-13T15:14:44.258311Z", "labels": ["malicious-activity"]}, {"type": "relationship", "spec_version": "2.1", "id": "relationship--b24418ba-ba5b-4691-8d75-d7ba372b0009", "created": "2022-05-13T14:14:44.259298Z", "modified": "2022-05-13T14:14:44.259298Z", "relationship_type": "indicates", "source_ref": "indicator--2be7ed73-12d8-42a8-9cab-a030d2d228bc", "target_ref": "malware--01c5fab9-39ed-44ee-bc19-9a15af690703"}, {"type": "relationship", "spec_version": "2.1", "id": "relationship--9af41bd9-07bd-4a37-b466-87d4c7640b63", "created": "2022-05-13T14:14:44.260296Z", "modified": "2022-05-13T14:14:44.260296Z", "relationship_type": "indicates", "source_ref": "indicator--2be7ed73-12d8-42a8-9cab-a030d2d228bc", "target_ref": "attack-pattern--e4a2f690-fc88-4a2d-9ac1-8a9e7cc8f98d"}, {"type": "relationship", "spec_version": "2.1", "id": "relationship--8e83cb13-4039-4cef-8b6b-3a437362df0c", "created": "2022-05-13T14:14:44.260296Z", "modified": "2022-05-13T14:14:44.260296Z", "relationship_type": "indicates", "source_ref": "indicator--2be7ed73-12d8-42a8-9cab-a030d2d228bc", "target_ref": "attack-pattern--ae9d8c77-cd91-49d1-a4f4-206db7c85301"}, {"type": "relationship", "spec_version": "2.1", "id": "relationship--07887e51-67ca-468c-8529-3a75c5bf9618", "created": "2022-05-13T14:14:44.260296Z", "modified": "2022-05-13T14:14:44.260296Z", "relationship_type": "indicates", "source_ref": "indicator--2be7ed73-12d8-42a8-9cab-a030d2d228bc", "target_ref": "attack-pattern--2856f72f-c449-4c1d-b9c9-53430d69e5de"}, {"type": "relationship", "spec_version": "2.1", "id": "relationship--647e2595-f642-4bd2-88e5-2154f708f88d", "created": "2022-05-13T14:14:44.260296Z", "modified": "2022-05-13T14:14:44.260296Z", "relationship_type": "indicates", "source_ref": "indicator--2be7ed73-12d8-42a8-9cab-a030d2d228bc", "target_ref": "attack-pattern--2a503a97-004a-4843-9286-79fd83fd7453"}, {"type": "relationship", "spec_version": "2.1", "id": "relationship--37dcbf87-8ab6-46c7-8c9b-38f42d9b5e62", "created": "2022-05-13T14:14:44.260296Z", "modified": "2022-05-13T14:14:44.260296Z", "relationship_type": "indicates", "source_ref": "indicator--2be7ed73-12d8-42a8-9cab-a030d2d228bc", "target_ref": "attack-pattern--f94c2d00-621b-44de-92bc-6e24e05b0a58"}, {"type": "relationship", "spec_version": "2.1", "id": "relationship--cab142e0-24b5-4190-89f0-e5a3136453f6", "created": "2022-05-13T14:14:44.261294Z", "modified": "2022-05-13T14:14:44.261294Z", "relationship_type": "indicates", "source_ref": "indicator--2be7ed73-12d8-42a8-9cab-a030d2d228bc", "target_ref": "attack-pattern--aaabcb5d-0943-4ed3-8bac-f4baa6a5ba1b"}, {"type": "relationship", "spec_version": "2.1", "id": "relationship--1ce12a40-ef4f-4511-b8f7-69705e2dffb8", "created": "2022-05-13T14:14:44.261294Z", "modified": "2022-05-13T14:14:44.261294Z", "relationship_type": "indicates", "source_ref": "indicator--2be7ed73-12d8-42a8-9cab-a030d2d228bc", "target_ref": "attack-pattern--dae8953a-a5fe-4fd2-9c11-2fee48286d5e"}, {"type": "relationship", "spec_version": "2.1", "id": "relationship--5ed3c359-f495-49d0-ab15-33274a44c9f1", "created": "2022-05-13T14:14:44.261294Z", "modified": "2022-05-13T14:14:44.261294Z", "relationship_type": "indicates", "source_ref": "indicator--2be7ed73-12d8-42a8-9cab-a030d2d228bc", "target_ref": "attack-pattern--331cd5a8-a681-4a3c-9c91-51ea4a25b993"}, {"type": "relationship", "spec_version": "2.1", "id": "relationship--a88df1cc-c24a-4f00-bf65-b96b55acf10c", "created": "2022-05-13T14:14:44.261294Z", "modified": "2022-05-13T14:14:44.261294Z", "relationship_type": "indicates", "source_ref": "indicator--2be7ed73-12d8-42a8-9cab-a030d2d228bc", "target_ref": "attack-pattern--59b447bc-6119-4f29-a706-45468526e10d"}, {"type": "relationship", "spec_version": "2.1", "id": "relationship--c7b8a2a9-4b84-423f-adc2-2a26be600907", "created": "2022-05-13T14:14:44.262291Z", "modified": "2022-05-13T14:14:44.262291Z", "relationship_type": "indicates", "source_ref": "indicator--2be7ed73-12d8-42a8-9cab-a030d2d228bc", "target_ref": "attack-pattern--83c7c29e-e473-43d5-a113-695ba547a5a8"}, {"type": "relationship", "spec_version": "2.1", "id": "relationship--028fb947-1e84-46ac-8bc4-d2cd12179637", "created": "2022-05-13T14:14:44.262291Z", "modified": "2022-05-13T14:14:44.262291Z", "relationship_type": "indicates", "source_ref": "indicator--2be7ed73-12d8-42a8-9cab-a030d2d228bc", "target_ref": "attack-pattern--23b3f541-ca72-4228-b0fd-598a44cade84"}, {"type": "indicator", "spec_version": "2.1", "id": "indicator--b6e1696d-bc0b-4248-adb7-81da1333a93b", "created_by_ref": "identity--b79dac8e-457e-4585-bbc7-05d3ac3b8198", "created": "2022-05-13T14:14:44.262755Z", "modified": "2022-05-13T14:14:44.262755Z", "name": "Malicious SHA256 - 1e87e9b5ee7597bdce796490f3ee09211df48ba1d11f6e2f5b255f05cc0ba176", "description": "Malicious SHA256 involved with Kiling The Bear - Hermetic Wiper Malware", "pattern": "[file:hashes.'SHA-256' = '1e87e9b5ee7597bdce796490f3ee09211df48ba1d11f6e2f5b255f05cc0ba176']", "pattern_type": "stix", "pattern_version": "2.1", "valid_from": "2022-05-13T15:14:44.262755Z", "labels": ["malicious-activity"]}, {"type": "relationship", "spec_version": "2.1", "id": "relationship--2ae354d7-c6e3-4c52-aa1b-56ec83b74d57", "created": "2022-05-13T14:14:44.264436Z", "modified": "2022-05-13T14:14:44.264436Z", "relationship_type": "indicates", "source_ref": "indicator--b6e1696d-bc0b-4248-adb7-81da1333a93b", "target_ref": "malware--01c5fab9-39ed-44ee-bc19-9a15af690703"}, {"type": "relationship", "spec_version": "2.1", "id": "relationship--186364fe-7b35-4230-9173-2999d5f2a279", "created": "2022-05-13T14:14:44.264436Z", "modified": "2022-05-13T14:14:44.264436Z", "relationship_type": "indicates", "source_ref": "indicator--b6e1696d-bc0b-4248-adb7-81da1333a93b", "target_ref": "attack-pattern--e4a2f690-fc88-4a2d-9ac1-8a9e7cc8f98d"}, {"type": "relationship", "spec_version": "2.1", "id": "relationship--2fdc84f9-53ee-4f56-9000-947d7fcba9a8", "created": "2022-05-13T14:14:44.265283Z", "modified": "2022-05-13T14:14:44.265283Z", "relationship_type": "indicates", "source_ref": "indicator--b6e1696d-bc0b-4248-adb7-81da1333a93b", "target_ref": "attack-pattern--ae9d8c77-cd91-49d1-a4f4-206db7c85301"}, {"type": "relationship", "spec_version": "2.1", "id": "relationship--5a9736ee-48b4-49a6-a18f-ec5a9fb4c8d6", "created": "2022-05-13T14:14:44.265283Z", "modified": "2022-05-13T14:14:44.265283Z", "relationship_type": "indicates", "source_ref": "indicator--b6e1696d-bc0b-4248-adb7-81da1333a93b", "target_ref": "attack-pattern--2856f72f-c449-4c1d-b9c9-53430d69e5de"}, {"type": "relationship", "spec_version": "2.1", "id": "relationship--a6aa87df-87c5-4154-b0de-30aaecf17d68", "created": "2022-05-13T14:14:44.265915Z", "modified": "2022-05-13T14:14:44.265915Z", "relationship_type": "indicates", "source_ref": "indicator--b6e1696d-bc0b-4248-adb7-81da1333a93b", "target_ref": "attack-pattern--2a503a97-004a-4843-9286-79fd83fd7453"}, {"type": "relationship", "spec_version": "2.1", "id": "relationship--d9b18ee1-45b8-4cce-bc0f-461a7d9462d0", "created": "2022-05-13T14:14:44.266282Z", "modified": "2022-05-13T14:14:44.266282Z", "relationship_type": "indicates", "source_ref": "indicator--b6e1696d-bc0b-4248-adb7-81da1333a93b", "target_ref": "attack-pattern--f94c2d00-621b-44de-92bc-6e24e05b0a58"}, {"type": "relationship", "spec_version": "2.1", "id": "relationship--49023166-34ee-4d6b-ac23-337b20f29bd7", "created": "2022-05-13T14:14:44.266282Z", "modified": "2022-05-13T14:14:44.266282Z", "relationship_type": "indicates", "source_ref": "indicator--b6e1696d-bc0b-4248-adb7-81da1333a93b", "target_ref": "attack-pattern--aaabcb5d-0943-4ed3-8bac-f4baa6a5ba1b"}, {"type": "relationship", "spec_version": "2.1", "id": "relationship--2afa245b-9b30-4f65-b981-8d2ce38ee68f", "created": "2022-05-13T14:14:44.267278Z", "modified": "2022-05-13T14:14:44.267278Z", "relationship_type": "indicates", "source_ref": "indicator--b6e1696d-bc0b-4248-adb7-81da1333a93b", "target_ref": "attack-pattern--dae8953a-a5fe-4fd2-9c11-2fee48286d5e"}, {"type": "relationship", "spec_version": "2.1", "id": "relationship--d2fd6a6a-939a-42bf-a955-03f10787c252", "created": "2022-05-13T14:14:44.267278Z", "modified": "2022-05-13T14:14:44.267278Z", "relationship_type": "indicates", "source_ref": "indicator--b6e1696d-bc0b-4248-adb7-81da1333a93b", "target_ref": "attack-pattern--331cd5a8-a681-4a3c-9c91-51ea4a25b993"}, {"type": "relationship", "spec_version": "2.1", "id": "relationship--18cadf95-4e4c-4f24-8d4c-90b85ed2ba56", "created": "2022-05-13T14:14:44.267905Z", "modified": "2022-05-13T14:14:44.267905Z", "relationship_type": "indicates", "source_ref": "indicator--b6e1696d-bc0b-4248-adb7-81da1333a93b", "target_ref": "attack-pattern--59b447bc-6119-4f29-a706-45468526e10d"}, {"type": "relationship", "spec_version": "2.1", "id": "relationship--fc1e063f-4690-48c7-a4b0-500313a838c1", "created": "2022-05-13T14:14:44.267905Z", "modified": "2022-05-13T14:14:44.267905Z", "relationship_type": "indicates", "source_ref": "indicator--b6e1696d-bc0b-4248-adb7-81da1333a93b", "target_ref": "attack-pattern--83c7c29e-e473-43d5-a113-695ba547a5a8"}, {"type": "relationship", "spec_version": "2.1", "id": "relationship--49cd69a2-e758-48dc-a6f3-9784295ad70f", "created": "2022-05-13T14:14:44.268889Z", "modified": "2022-05-13T14:14:44.268889Z", "relationship_type": "indicates", "source_ref": "indicator--b6e1696d-bc0b-4248-adb7-81da1333a93b", "target_ref": "attack-pattern--23b3f541-ca72-4228-b0fd-598a44cade84"}, {"type": "indicator", "spec_version": "2.1", "id": "indicator--c86ab67e-8e8e-4981-b042-3205a7fde162", "created_by_ref": "identity--b79dac8e-457e-4585-bbc7-05d3ac3b8198", "created": "2022-05-13T14:14:44.269293Z", "modified": "2022-05-13T14:14:44.269293Z", "name": "Malicious SHA256 - a294620543334a721a2ae8eaaf9680a0786f4b9a216d75b55cfd28f39e9430ea", "description": "Malicious SHA256 involved with Kiling The Bear - Hermetic Wiper Malware", "pattern": "[file:hashes.'SHA-256' = 'a294620543334a721a2ae8eaaf9680a0786f4b9a216d75b55cfd28f39e9430ea']", "pattern_type": "stix", "pattern_version": "2.1", "valid_from": "2022-05-13T15:14:44.269293Z", "labels": ["malicious-activity"]}, {"type": "relationship", "spec_version": "2.1", "id": "relationship--d4079184-5a20-4d31-b5f5-8c85abc14c20", "created": "2022-05-13T14:14:44.271882Z", "modified": "2022-05-13T14:14:44.271882Z", "relationship_type": "indicates", "source_ref": "indicator--c86ab67e-8e8e-4981-b042-3205a7fde162", "target_ref": "malware--01c5fab9-39ed-44ee-bc19-9a15af690703"}, {"type": "relationship", "spec_version": "2.1", "id": "relationship--e057066d-022a-41f0-80c9-59e5e146f0db", "created": "2022-05-13T14:14:44.271882Z", "modified": "2022-05-13T14:14:44.271882Z", "relationship_type": "indicates", "source_ref": "indicator--c86ab67e-8e8e-4981-b042-3205a7fde162", "target_ref": "attack-pattern--e4a2f690-fc88-4a2d-9ac1-8a9e7cc8f98d"}, {"type": "relationship", "spec_version": "2.1", "id": "relationship--24b402f6-3af0-41b6-9df8-77c3150b7bae", "created": "2022-05-13T14:14:44.272879Z", "modified": "2022-05-13T14:14:44.272879Z", "relationship_type": "indicates", "source_ref": "indicator--c86ab67e-8e8e-4981-b042-3205a7fde162", "target_ref": "attack-pattern--ae9d8c77-cd91-49d1-a4f4-206db7c85301"}, {"type": "relationship", "spec_version": "2.1", "id": "relationship--459714fb-851e-4084-a7ff-761b3deec4b2", "created": "2022-05-13T14:14:44.272879Z", "modified": "2022-05-13T14:14:44.272879Z", "relationship_type": "indicates", "source_ref": "indicator--c86ab67e-8e8e-4981-b042-3205a7fde162", "target_ref": "attack-pattern--2856f72f-c449-4c1d-b9c9-53430d69e5de"}, {"type": "relationship", "spec_version": "2.1", "id": "relationship--5311651f-7199-4af9-a129-36fec3901279", "created": "2022-05-13T14:14:44.273877Z", "modified": "2022-05-13T14:14:44.273877Z", "relationship_type": "indicates", "source_ref": "indicator--c86ab67e-8e8e-4981-b042-3205a7fde162", "target_ref": "attack-pattern--2a503a97-004a-4843-9286-79fd83fd7453"}, {"type": "relationship", "spec_version": "2.1", "id": "relationship--280afbea-3681-4e51-9f55-d6badb121294", "created": "2022-05-13T14:14:44.273877Z", "modified": "2022-05-13T14:14:44.273877Z", "relationship_type": "indicates", "source_ref": "indicator--c86ab67e-8e8e-4981-b042-3205a7fde162", "target_ref": "attack-pattern--f94c2d00-621b-44de-92bc-6e24e05b0a58"}, {"type": "relationship", "spec_version": "2.1", "id": "relationship--25a158d3-dfa5-4b37-8d12-7798ca0d74da", "created": "2022-05-13T14:14:44.273877Z", "modified": "2022-05-13T14:14:44.273877Z", "relationship_type": "indicates", "source_ref": "indicator--c86ab67e-8e8e-4981-b042-3205a7fde162", "target_ref": "attack-pattern--aaabcb5d-0943-4ed3-8bac-f4baa6a5ba1b"}, {"type": "relationship", "spec_version": "2.1", "id": "relationship--91795c6c-99f8-4694-b48b-64c7701c9bb2", "created": "2022-05-13T14:14:44.274874Z", "modified": "2022-05-13T14:14:44.274874Z", "relationship_type": "indicates", "source_ref": "indicator--c86ab67e-8e8e-4981-b042-3205a7fde162", "target_ref": "attack-pattern--dae8953a-a5fe-4fd2-9c11-2fee48286d5e"}, {"type": "relationship", "spec_version": "2.1", "id": "relationship--f11110ce-6ff3-405d-962a-d0610cee914d", "created": "2022-05-13T14:14:44.274874Z", "modified": "2022-05-13T14:14:44.274874Z", "relationship_type": "indicates", "source_ref": "indicator--c86ab67e-8e8e-4981-b042-3205a7fde162", "target_ref": "attack-pattern--331cd5a8-a681-4a3c-9c91-51ea4a25b993"}, {"type": "relationship", "spec_version": "2.1", "id": "relationship--379d406b-cf9c-4380-a66a-5cacdca153fb", "created": "2022-05-13T14:14:44.275871Z", "modified": "2022-05-13T14:14:44.275871Z", "relationship_type": "indicates", "source_ref": "indicator--c86ab67e-8e8e-4981-b042-3205a7fde162", "target_ref": "attack-pattern--59b447bc-6119-4f29-a706-45468526e10d"}, {"type": "relationship", "spec_version": "2.1", "id": "relationship--b49e55f9-4d6b-4d1c-b0bf-623cf21c1df8", "created": "2022-05-13T14:14:44.276461Z", "modified": "2022-05-13T14:14:44.276461Z", "relationship_type": "indicates", "source_ref": "indicator--c86ab67e-8e8e-4981-b042-3205a7fde162", "target_ref": "attack-pattern--83c7c29e-e473-43d5-a113-695ba547a5a8"}, {"type": "relationship", "spec_version": "2.1", "id": "relationship--51c558c3-cc97-4426-a91a-6d8b7b7f692e", "created": "2022-05-13T14:14:44.276868Z", "modified": "2022-05-13T14:14:44.276868Z", "relationship_type": "indicates", "source_ref": "indicator--c86ab67e-8e8e-4981-b042-3205a7fde162", "target_ref": "attack-pattern--23b3f541-ca72-4228-b0fd-598a44cade84"}, {"type": "indicator", "spec_version": "2.1", "id": "indicator--d0d18a2b-fd6f-4ed9-9ad5-71cc443c0c84", "created_by_ref": "identity--b79dac8e-457e-4585-bbc7-05d3ac3b8198", "created": "2022-05-13T14:14:44.276868Z", "modified": "2022-05-13T14:14:44.276868Z", "name": "Malicious SHA256 - ea6a416b320f32261da8dafcf2faf088924f99a3a84f7b43b964637ea87aef72", "description": "Malicious SHA256 involved with Kiling The Bear - Hermetic Wiper Malware", "pattern": "[file:hashes.'SHA-256' = 'ea6a416b320f32261da8dafcf2faf088924f99a3a84f7b43b964637ea87aef72']", "pattern_type": "stix", "pattern_version": "2.1", "valid_from": "2022-05-13T15:14:44.276868Z", "labels": ["malicious-activity"]}, {"type": "relationship", "spec_version": "2.1", "id": "relationship--118400da-3d79-490e-ae77-b8dfb6458f0b", "created": "2022-05-13T14:14:44.27938Z", "modified": "2022-05-13T14:14:44.27938Z", "relationship_type": "indicates", "source_ref": "indicator--d0d18a2b-fd6f-4ed9-9ad5-71cc443c0c84", "target_ref": "malware--01c5fab9-39ed-44ee-bc19-9a15af690703"}, {"type": "relationship", "spec_version": "2.1", "id": "relationship--e83887d3-109f-4497-aa19-1295eedcb27c", "created": "2022-05-13T14:14:44.280375Z", "modified": "2022-05-13T14:14:44.280375Z", "relationship_type": "indicates", "source_ref": "indicator--d0d18a2b-fd6f-4ed9-9ad5-71cc443c0c84", "target_ref": "attack-pattern--e4a2f690-fc88-4a2d-9ac1-8a9e7cc8f98d"}, {"type": "relationship", "spec_version": "2.1", "id": "relationship--069fc858-f207-4254-baee-fcbd1ccef833", "created": "2022-05-13T14:14:44.280375Z", "modified": "2022-05-13T14:14:44.280375Z", "relationship_type": "indicates", "source_ref": "indicator--d0d18a2b-fd6f-4ed9-9ad5-71cc443c0c84", "target_ref": "attack-pattern--ae9d8c77-cd91-49d1-a4f4-206db7c85301"}, {"type": "relationship", "spec_version": "2.1", "id": "relationship--1d0049bf-08f8-43d6-bc4d-06277ce4c2c0", "created": "2022-05-13T14:14:44.281372Z", "modified": "2022-05-13T14:14:44.281372Z", "relationship_type": "indicates", "source_ref": "indicator--d0d18a2b-fd6f-4ed9-9ad5-71cc443c0c84", "target_ref": "attack-pattern--2856f72f-c449-4c1d-b9c9-53430d69e5de"}, {"type": "relationship", "spec_version": "2.1", "id": "relationship--72bc1d68-7b77-4c06-b6a4-7ebd4b7fa1de", "created": "2022-05-13T14:14:44.281372Z", "modified": "2022-05-13T14:14:44.281372Z", "relationship_type": "indicates", "source_ref": "indicator--d0d18a2b-fd6f-4ed9-9ad5-71cc443c0c84", "target_ref": "attack-pattern--2a503a97-004a-4843-9286-79fd83fd7453"}, {"type": "relationship", "spec_version": "2.1", "id": "relationship--957f408c-0ef3-4635-8dfb-0065349821f4", "created": "2022-05-13T14:14:44.281372Z", "modified": "2022-05-13T14:14:44.281372Z", "relationship_type": "indicates", "source_ref": "indicator--d0d18a2b-fd6f-4ed9-9ad5-71cc443c0c84", "target_ref": "attack-pattern--f94c2d00-621b-44de-92bc-6e24e05b0a58"}, {"type": "relationship", "spec_version": "2.1", "id": "relationship--e3acd9b9-57e7-45f7-b5e0-09545337e0e3", "created": "2022-05-13T14:14:44.282602Z", "modified": "2022-05-13T14:14:44.282602Z", "relationship_type": "indicates", "source_ref": "indicator--d0d18a2b-fd6f-4ed9-9ad5-71cc443c0c84", "target_ref": "attack-pattern--aaabcb5d-0943-4ed3-8bac-f4baa6a5ba1b"}, {"type": "relationship", "spec_version": "2.1", "id": "relationship--3d83dad1-bf2f-43ec-90f1-3535746b1828", "created": "2022-05-13T14:14:44.283413Z", "modified": "2022-05-13T14:14:44.283413Z", "relationship_type": "indicates", "source_ref": "indicator--d0d18a2b-fd6f-4ed9-9ad5-71cc443c0c84", "target_ref": "attack-pattern--dae8953a-a5fe-4fd2-9c11-2fee48286d5e"}, {"type": "relationship", "spec_version": "2.1", "id": "relationship--bdda51ff-e6ae-4b79-b501-1d53741bf476", "created": "2022-05-13T14:14:44.283413Z", "modified": "2022-05-13T14:14:44.283413Z", "relationship_type": "indicates", "source_ref": "indicator--d0d18a2b-fd6f-4ed9-9ad5-71cc443c0c84", "target_ref": "attack-pattern--331cd5a8-a681-4a3c-9c91-51ea4a25b993"}, {"type": "relationship", "spec_version": "2.1", "id": "relationship--6961c78c-5383-4f53-9338-cc5987664e72", "created": "2022-05-13T14:14:44.283413Z", "modified": "2022-05-13T14:14:44.283413Z", "relationship_type": "indicates", "source_ref": "indicator--d0d18a2b-fd6f-4ed9-9ad5-71cc443c0c84", "target_ref": "attack-pattern--59b447bc-6119-4f29-a706-45468526e10d"}, {"type": "relationship", "spec_version": "2.1", "id": "relationship--36af2917-2f7c-461c-b57d-31360674465f", "created": "2022-05-13T14:14:44.283413Z", "modified": "2022-05-13T14:14:44.283413Z", "relationship_type": "indicates", "source_ref": "indicator--d0d18a2b-fd6f-4ed9-9ad5-71cc443c0c84", "target_ref": "attack-pattern--83c7c29e-e473-43d5-a113-695ba547a5a8"}, {"type": "relationship", "spec_version": "2.1", "id": "relationship--4acc9c18-269e-47b0-b35a-d7f4f045a936", "created": "2022-05-13T14:14:44.284366Z", "modified": "2022-05-13T14:14:44.284366Z", "relationship_type": "indicates", "source_ref": "indicator--d0d18a2b-fd6f-4ed9-9ad5-71cc443c0c84", "target_ref": "attack-pattern--23b3f541-ca72-4228-b0fd-598a44cade84"}, {"type": "indicator", "spec_version": "2.1", "id": "indicator--c4ad3c69-afb1-490b-bd57-e4a193a0f42f", "created_by_ref": "identity--b79dac8e-457e-4585-bbc7-05d3ac3b8198", "created": "2022-05-13T14:14:44.284366Z", "modified": "2022-05-13T14:14:44.284366Z", "name": "Malicious SHA256 - f1e8844dbfc812d39f369e7670545a29efef6764d673038b1c3edd11561d6902", "description": "Malicious SHA256 involved with Kiling The Bear - Hermetic Wiper Malware", "pattern": "[file:hashes.'SHA-256' = 'f1e8844dbfc812d39f369e7670545a29efef6764d673038b1c3edd11561d6902']", "pattern_type": "stix", "pattern_version": "2.1", "valid_from": "2022-05-13T15:14:44.284366Z", "labels": ["malicious-activity"]}, {"type": "relationship", "spec_version": "2.1", "id": "relationship--8757f3c9-f2b2-4c64-82d2-cc516622c86c", "created": "2022-05-13T14:14:44.285364Z", "modified": "2022-05-13T14:14:44.285364Z", "relationship_type": "indicates", "source_ref": "indicator--c4ad3c69-afb1-490b-bd57-e4a193a0f42f", "target_ref": "malware--01c5fab9-39ed-44ee-bc19-9a15af690703"}, {"type": "relationship", "spec_version": "2.1", "id": "relationship--6578923a-e829-412b-b93f-b45148162aed", "created": "2022-05-13T14:14:44.285364Z", "modified": "2022-05-13T14:14:44.285364Z", "relationship_type": "indicates", "source_ref": "indicator--c4ad3c69-afb1-490b-bd57-e4a193a0f42f", "target_ref": "attack-pattern--e4a2f690-fc88-4a2d-9ac1-8a9e7cc8f98d"}, {"type": "relationship", "spec_version": "2.1", "id": "relationship--2b51e2f4-8c95-4098-ae43-18259e355a56", "created": "2022-05-13T14:14:44.285364Z", "modified": "2022-05-13T14:14:44.285364Z", "relationship_type": "indicates", "source_ref": "indicator--c4ad3c69-afb1-490b-bd57-e4a193a0f42f", "target_ref": "attack-pattern--ae9d8c77-cd91-49d1-a4f4-206db7c85301"}, {"type": "relationship", "spec_version": "2.1", "id": "relationship--518f2b70-5c99-46f6-90d5-0679f9bb6adb", "created": "2022-05-13T14:14:44.285364Z", "modified": "2022-05-13T14:14:44.285364Z", "relationship_type": "indicates", "source_ref": "indicator--c4ad3c69-afb1-490b-bd57-e4a193a0f42f", "target_ref": "attack-pattern--2856f72f-c449-4c1d-b9c9-53430d69e5de"}, {"type": "relationship", "spec_version": "2.1", "id": "relationship--1e6d9332-eaed-484b-ab72-1377487bb803", "created": "2022-05-13T14:14:44.285364Z", "modified": "2022-05-13T14:14:44.285364Z", "relationship_type": "indicates", "source_ref": "indicator--c4ad3c69-afb1-490b-bd57-e4a193a0f42f", "target_ref": "attack-pattern--2a503a97-004a-4843-9286-79fd83fd7453"}, {"type": "relationship", "spec_version": "2.1", "id": "relationship--16917396-bd9a-4055-a8fa-2be8a3d81616", "created": "2022-05-13T14:14:44.285364Z", "modified": "2022-05-13T14:14:44.285364Z", "relationship_type": "indicates", "source_ref": "indicator--c4ad3c69-afb1-490b-bd57-e4a193a0f42f", "target_ref": "attack-pattern--f94c2d00-621b-44de-92bc-6e24e05b0a58"}, {"type": "relationship", "spec_version": "2.1", "id": "relationship--8d622aeb-07e6-470d-b42f-575687922b26", "created": "2022-05-13T14:14:44.287895Z", "modified": "2022-05-13T14:14:44.287895Z", "relationship_type": "indicates", "source_ref": "indicator--c4ad3c69-afb1-490b-bd57-e4a193a0f42f", "target_ref": "attack-pattern--aaabcb5d-0943-4ed3-8bac-f4baa6a5ba1b"}, {"type": "relationship", "spec_version": "2.1", "id": "relationship--b5a07091-a080-43e3-af2f-e7d66b95eef8", "created": "2022-05-13T14:14:44.288256Z", "modified": "2022-05-13T14:14:44.288256Z", "relationship_type": "indicates", "source_ref": "indicator--c4ad3c69-afb1-490b-bd57-e4a193a0f42f", "target_ref": "attack-pattern--dae8953a-a5fe-4fd2-9c11-2fee48286d5e"}, {"type": "relationship", "spec_version": "2.1", "id": "relationship--ae43c60b-385f-4455-9097-87f024290caa", "created": "2022-05-13T14:14:44.288256Z", "modified": "2022-05-13T14:14:44.288256Z", "relationship_type": "indicates", "source_ref": "indicator--c4ad3c69-afb1-490b-bd57-e4a193a0f42f", "target_ref": "attack-pattern--331cd5a8-a681-4a3c-9c91-51ea4a25b993"}, {"type": "relationship", "spec_version": "2.1", "id": "relationship--f4b2bfe8-6043-4bd8-bbdb-c93e2f83d64e", "created": "2022-05-13T14:14:44.288256Z", "modified": "2022-05-13T14:14:44.288256Z", "relationship_type": "indicates", "source_ref": "indicator--c4ad3c69-afb1-490b-bd57-e4a193a0f42f", "target_ref": "attack-pattern--59b447bc-6119-4f29-a706-45468526e10d"}, {"type": "relationship", "spec_version": "2.1", "id": "relationship--3faa3017-1429-4189-ad93-c337fff2b5b4", "created": "2022-05-13T14:14:44.288256Z", "modified": "2022-05-13T14:14:44.288256Z", "relationship_type": "indicates", "source_ref": "indicator--c4ad3c69-afb1-490b-bd57-e4a193a0f42f", "target_ref": "attack-pattern--83c7c29e-e473-43d5-a113-695ba547a5a8"}, {"type": "relationship", "spec_version": "2.1", "id": "relationship--fca8d873-381c-4d05-b6a4-08c0f4f3f6f8", "created": "2022-05-13T14:14:44.289382Z", "modified": "2022-05-13T14:14:44.289382Z", "relationship_type": "indicates", "source_ref": "indicator--c4ad3c69-afb1-490b-bd57-e4a193a0f42f", "target_ref": "attack-pattern--23b3f541-ca72-4228-b0fd-598a44cade84"}]}