{"type": "bundle", "id": "bundle--1f65ccb6-bcc0-42dc-9c41-c378c9e96dcd", "objects": [{"type": "identity", "spec_version": "2.1", "id": "identity--5504b6f4-2d53-4e2b-961d-955fd2c150e4", "created": "2022-05-13T13:57:52.048193Z", "modified": "2022-05-13T13:57:52.048193Z", "name": "Bournemouth University CERT"}, {"type": "malware", "spec_version": "2.1", "id": "malware--65212654-351f-4ee2-b43d-c755057a7a34", "created": "2022-05-13T13:57:52.049014Z", "modified": "2022-05-13T13:57:52.049014Z", "name": "New JSS Loader Trojan", "description": "New JSSLoader Trojan Delivered Through XLL Files", "is_family": false}, {"type": "attack-pattern", "spec_version": "2.1", "id": "attack-pattern--ae4590fa-69a3-4e97-8e36-ef62e34da806", "created": "2022-05-13T13:57:52.049014Z", "modified": "2022-05-13T13:57:52.049014Z", "name": "T1566", "external_references": [{"source_name": "mitre-attack", "url": "https://attack.mitre.org/techniques/T1566/", "external_id": "T1566"}]}, {"type": "attack-pattern", "spec_version": "2.1", "id": "attack-pattern--b8a453c5-132c-44e5-8fea-8b6fe12c07ed", "created": "2022-05-13T13:57:52.050068Z", "modified": "2022-05-13T13:57:52.050068Z", "name": "T1001", "external_references": [{"source_name": "mitre-attack", "url": "https://attack.mitre.org/techniques/T1001/", "external_id": "T1001"}]}, {"type": "indicator", "spec_version": "2.1", "id": "indicator--995fa074-4c60-4c09-b8fc-bb8d4bd1c5cd", "created_by_ref": "identity--5504b6f4-2d53-4e2b-961d-955fd2c150e4", "created": "2022-05-13T13:57:52.050068Z", "modified": "2022-05-13T13:57:52.050068Z", "name": "Malicious MD5 - 6f743e8fda2031db9907a8d6bd0a41a8", "description": "Malicious MD5 involved with New JSS Loader Trojan", "pattern": "[file:hashes.MD5 = '6f743e8fda2031db9907a8d6bd0a41a8']", "pattern_type": "stix", "pattern_version": "2.1", "valid_from": "2022-05-13T14:57:52.050068Z", "labels": ["malicious-activity"]}, {"type": "relationship", "spec_version": "2.1", "id": "relationship--2d1d0335-1484-4a0c-a728-5e3d9bc9567b", "created": "2022-05-13T13:57:52.072292Z", "modified": "2022-05-13T13:57:52.072292Z", "relationship_type": "indicates", "source_ref": "indicator--995fa074-4c60-4c09-b8fc-bb8d4bd1c5cd", "target_ref": "malware--65212654-351f-4ee2-b43d-c755057a7a34"}, {"type": "relationship", "spec_version": "2.1", "id": "relationship--b4da1a89-ab2b-4f93-91fd-adeb4255351a", "created": "2022-05-13T13:57:52.07287Z", "modified": "2022-05-13T13:57:52.07287Z", "relationship_type": "indicates", "source_ref": "indicator--995fa074-4c60-4c09-b8fc-bb8d4bd1c5cd", "target_ref": "attack-pattern--ae4590fa-69a3-4e97-8e36-ef62e34da806"}, {"type": "relationship", "spec_version": "2.1", "id": "relationship--26cfd521-a892-4d1d-b8e2-0eeb5cebfebc", "created": "2022-05-13T13:57:52.07287Z", "modified": "2022-05-13T13:57:52.07287Z", "relationship_type": "indicates", "source_ref": "indicator--995fa074-4c60-4c09-b8fc-bb8d4bd1c5cd", "target_ref": "attack-pattern--b8a453c5-132c-44e5-8fea-8b6fe12c07ed"}, {"type": "indicator", "spec_version": "2.1", "id": "indicator--f2991626-411a-4067-929c-945d4a4290eb", "created_by_ref": "identity--5504b6f4-2d53-4e2b-961d-955fd2c150e4", "created": "2022-05-13T13:57:52.07287Z", "modified": "2022-05-13T13:57:52.07287Z", "name": "Malicious MD5 - 8728df136af4050c1ce4e3c56e26b755", "description": "Malicious MD5 involved with New JSS Loader Trojan", "pattern": "[file:hashes.MD5 = '8728df136af4050c1ce4e3c56e26b755']", "pattern_type": "stix", "pattern_version": "2.1", "valid_from": "2022-05-13T14:57:52.07287Z", "labels": ["malicious-activity"]}, {"type": "relationship", "spec_version": "2.1", "id": "relationship--0fe64cea-da5b-4201-b1fc-bc7cb3af16d0", "created": "2022-05-13T13:57:52.074865Z", "modified": "2022-05-13T13:57:52.074865Z", "relationship_type": "indicates", "source_ref": "indicator--f2991626-411a-4067-929c-945d4a4290eb", "target_ref": "malware--65212654-351f-4ee2-b43d-c755057a7a34"}, {"type": "relationship", "spec_version": "2.1", "id": "relationship--2edf10ab-b783-47ee-9482-6b479caaf138", "created": "2022-05-13T13:57:52.074865Z", "modified": "2022-05-13T13:57:52.074865Z", "relationship_type": "indicates", "source_ref": "indicator--f2991626-411a-4067-929c-945d4a4290eb", "target_ref": "attack-pattern--ae4590fa-69a3-4e97-8e36-ef62e34da806"}, {"type": "relationship", "spec_version": "2.1", "id": "relationship--7b8d450e-4356-42b8-b57f-604547c87e74", "created": "2022-05-13T13:57:52.074865Z", "modified": "2022-05-13T13:57:52.074865Z", "relationship_type": "indicates", "source_ref": "indicator--f2991626-411a-4067-929c-945d4a4290eb", "target_ref": "attack-pattern--b8a453c5-132c-44e5-8fea-8b6fe12c07ed"}, {"type": "indicator", "spec_version": "2.1", "id": "indicator--410ff41e-e583-4164-af6e-3a5d17e322cf", "created_by_ref": "identity--5504b6f4-2d53-4e2b-961d-955fd2c150e4", "created": "2022-05-13T13:57:52.07589Z", "modified": "2022-05-13T13:57:52.07589Z", "name": "Malicious MD5 - a5bad2da096e9ebbb90845dbadec91fe", "description": "Malicious MD5 involved with New JSS Loader Trojan", "pattern": "[file:hashes.MD5 = 'a5bad2da096e9ebbb90845dbadec91fe']", "pattern_type": "stix", "pattern_version": "2.1", "valid_from": "2022-05-13T14:57:52.07589Z", "labels": ["malicious-activity"]}, {"type": "relationship", "spec_version": "2.1", "id": "relationship--03c1fc51-8d1c-430b-84ee-bec08f2395b6", "created": "2022-05-13T13:57:52.076893Z", "modified": "2022-05-13T13:57:52.076893Z", "relationship_type": "indicates", "source_ref": "indicator--410ff41e-e583-4164-af6e-3a5d17e322cf", "target_ref": "malware--65212654-351f-4ee2-b43d-c755057a7a34"}, {"type": "relationship", "spec_version": "2.1", "id": "relationship--149928ca-85be-4a8f-9a27-710943af0fb7", "created": "2022-05-13T13:57:52.077893Z", "modified": "2022-05-13T13:57:52.077893Z", "relationship_type": "indicates", "source_ref": "indicator--410ff41e-e583-4164-af6e-3a5d17e322cf", "target_ref": "attack-pattern--ae4590fa-69a3-4e97-8e36-ef62e34da806"}, {"type": "relationship", "spec_version": "2.1", "id": "relationship--565a7bbb-4a19-4172-a952-fcf5f5acd5a5", "created": "2022-05-13T13:57:52.077893Z", "modified": "2022-05-13T13:57:52.077893Z", "relationship_type": "indicates", "source_ref": "indicator--410ff41e-e583-4164-af6e-3a5d17e322cf", "target_ref": "attack-pattern--b8a453c5-132c-44e5-8fea-8b6fe12c07ed"}, {"type": "indicator", "spec_version": "2.1", "id": "indicator--c1ec47e0-0f1d-496d-a5a9-6259f90b545a", "created_by_ref": "identity--5504b6f4-2d53-4e2b-961d-955fd2c150e4", "created": "2022-05-13T13:57:52.078854Z", "modified": "2022-05-13T13:57:52.078854Z", "name": "Malicious MD5 - b8d01552c681c32b288776c8c19b945e", "description": "Malicious MD5 involved with New JSS Loader Trojan", "pattern": "[file:hashes.MD5 = 'b8d01552c681c32b288776c8c19b945e']", "pattern_type": "stix", "pattern_version": "2.1", "valid_from": "2022-05-13T14:57:52.078854Z", "labels": ["malicious-activity"]}, {"type": "relationship", "spec_version": "2.1", "id": "relationship--7724faa4-902f-4e8d-a86a-71063c9347ca", "created": "2022-05-13T13:57:52.081846Z", "modified": "2022-05-13T13:57:52.081846Z", "relationship_type": "indicates", "source_ref": "indicator--c1ec47e0-0f1d-496d-a5a9-6259f90b545a", "target_ref": "malware--65212654-351f-4ee2-b43d-c755057a7a34"}, {"type": "relationship", "spec_version": "2.1", "id": "relationship--16211b17-3a20-47bd-9dfa-6a838dd3bf05", "created": "2022-05-13T13:57:52.081846Z", "modified": "2022-05-13T13:57:52.081846Z", "relationship_type": "indicates", "source_ref": "indicator--c1ec47e0-0f1d-496d-a5a9-6259f90b545a", "target_ref": "attack-pattern--ae4590fa-69a3-4e97-8e36-ef62e34da806"}, {"type": "relationship", "spec_version": "2.1", "id": "relationship--796fa71e-7d8f-4ce4-bd3b-61a67977a0e2", "created": "2022-05-13T13:57:52.082843Z", "modified": "2022-05-13T13:57:52.082843Z", "relationship_type": "indicates", "source_ref": "indicator--c1ec47e0-0f1d-496d-a5a9-6259f90b545a", "target_ref": "attack-pattern--b8a453c5-132c-44e5-8fea-8b6fe12c07ed"}, {"type": "indicator", "spec_version": "2.1", "id": "indicator--6dafc0f8-bc5d-43e5-abc0-06653c7aa63f", "created_by_ref": "identity--5504b6f4-2d53-4e2b-961d-955fd2c150e4", "created": "2022-05-13T13:57:52.082843Z", "modified": "2022-05-13T13:57:52.082843Z", "name": "Malicious MD5 - dd6d09e0e565ea18b85a18af8e95eb75", "description": "Malicious MD5 involved with New JSS Loader Trojan", "pattern": "[file:hashes.MD5 = 'dd6d09e0e565ea18b85a18af8e95eb75']", "pattern_type": "stix", "pattern_version": "2.1", "valid_from": "2022-05-13T14:57:52.082843Z", "labels": ["malicious-activity"]}, {"type": "relationship", "spec_version": "2.1", "id": "relationship--d893a1f6-2c36-4cb4-b37e-665f4243c56f", "created": "2022-05-13T13:57:52.084837Z", "modified": "2022-05-13T13:57:52.084837Z", "relationship_type": "indicates", "source_ref": "indicator--6dafc0f8-bc5d-43e5-abc0-06653c7aa63f", "target_ref": "malware--65212654-351f-4ee2-b43d-c755057a7a34"}, {"type": "relationship", "spec_version": "2.1", "id": "relationship--e1377da2-5d6a-41d3-b887-12384c2ba2fe", "created": "2022-05-13T13:57:52.084837Z", "modified": "2022-05-13T13:57:52.084837Z", "relationship_type": "indicates", "source_ref": "indicator--6dafc0f8-bc5d-43e5-abc0-06653c7aa63f", "target_ref": "attack-pattern--ae4590fa-69a3-4e97-8e36-ef62e34da806"}, {"type": "relationship", "spec_version": "2.1", "id": "relationship--a58915d4-55b0-424c-b1ff-1e188fa3246d", "created": "2022-05-13T13:57:52.085834Z", "modified": "2022-05-13T13:57:52.085834Z", "relationship_type": "indicates", "source_ref": "indicator--6dafc0f8-bc5d-43e5-abc0-06653c7aa63f", "target_ref": "attack-pattern--b8a453c5-132c-44e5-8fea-8b6fe12c07ed"}, {"type": "indicator", "spec_version": "2.1", "id": "indicator--97e9947f-bb97-42c9-9a70-a832c2b64130", "created_by_ref": "identity--5504b6f4-2d53-4e2b-961d-955fd2c150e4", "created": "2022-05-13T13:57:52.085834Z", "modified": "2022-05-13T13:57:52.085834Z", "name": "Malicious SHA1 - 2774e5cb173dffa9e0c1249aa1fe60289e7d2005", "description": "Malicious SHA1 involved with New JSS Loader Trojan", "pattern": "[file:hashes.'SHA-1' = '2774e5cb173dffa9e0c1249aa1fe60289e7d2005']", "pattern_type": "stix", "pattern_version": "2.1", "valid_from": "2022-05-13T14:57:52.085834Z", "labels": ["malicious-activity"]}, {"type": "relationship", "spec_version": "2.1", "id": "relationship--2b5dc241-f845-4f01-ae65-d86ca2836673", "created": "2022-05-13T13:57:52.088826Z", "modified": "2022-05-13T13:57:52.088826Z", "relationship_type": "indicates", "source_ref": "indicator--97e9947f-bb97-42c9-9a70-a832c2b64130", "target_ref": "malware--65212654-351f-4ee2-b43d-c755057a7a34"}, {"type": "relationship", "spec_version": "2.1", "id": "relationship--0023a519-362a-4cc3-a823-29ce837e5e00", "created": "2022-05-13T13:57:52.089823Z", "modified": "2022-05-13T13:57:52.089823Z", "relationship_type": "indicates", "source_ref": "indicator--97e9947f-bb97-42c9-9a70-a832c2b64130", "target_ref": "attack-pattern--ae4590fa-69a3-4e97-8e36-ef62e34da806"}, {"type": "relationship", "spec_version": "2.1", "id": "relationship--483aa302-2a77-4ced-8508-12a6e72c351c", "created": "2022-05-13T13:57:52.089823Z", "modified": "2022-05-13T13:57:52.089823Z", "relationship_type": "indicates", "source_ref": "indicator--97e9947f-bb97-42c9-9a70-a832c2b64130", "target_ref": "attack-pattern--b8a453c5-132c-44e5-8fea-8b6fe12c07ed"}, {"type": "indicator", "spec_version": "2.1", "id": "indicator--781ac571-e25e-4303-9f7e-b1ec470ed411", "created_by_ref": "identity--5504b6f4-2d53-4e2b-961d-955fd2c150e4", "created": "2022-05-13T13:57:52.089823Z", "modified": "2022-05-13T13:57:52.089823Z", "name": "Malicious SHA1 - 5b1b9593baa56dbe43e9bbbeda576727697e7101", "description": "Malicious SHA1 involved with New JSS Loader Trojan", "pattern": "[file:hashes.'SHA-1' = '5b1b9593baa56dbe43e9bbbeda576727697e7101']", "pattern_type": "stix", "pattern_version": "2.1", "valid_from": "2022-05-13T14:57:52.089823Z", "labels": ["malicious-activity"]}, {"type": "relationship", "spec_version": "2.1", "id": "relationship--c61a068d-6028-4a4d-9a9c-c763fcd62bb7", "created": "2022-05-13T13:57:52.091818Z", "modified": "2022-05-13T13:57:52.091818Z", "relationship_type": "indicates", "source_ref": "indicator--781ac571-e25e-4303-9f7e-b1ec470ed411", "target_ref": "malware--65212654-351f-4ee2-b43d-c755057a7a34"}, {"type": "relationship", "spec_version": "2.1", "id": "relationship--4962e994-fa71-42f2-b6a1-cd3c2d97f6ae", "created": "2022-05-13T13:57:52.091818Z", "modified": "2022-05-13T13:57:52.091818Z", "relationship_type": "indicates", "source_ref": "indicator--781ac571-e25e-4303-9f7e-b1ec470ed411", "target_ref": "attack-pattern--ae4590fa-69a3-4e97-8e36-ef62e34da806"}, {"type": "relationship", "spec_version": "2.1", "id": "relationship--3a575fbd-5743-44c7-947e-eeb806302d02", "created": "2022-05-13T13:57:52.091818Z", "modified": "2022-05-13T13:57:52.091818Z", "relationship_type": "indicates", "source_ref": "indicator--781ac571-e25e-4303-9f7e-b1ec470ed411", "target_ref": "attack-pattern--b8a453c5-132c-44e5-8fea-8b6fe12c07ed"}, {"type": "indicator", "spec_version": "2.1", "id": "indicator--a1bdf64c-8b8e-49d4-bbe6-10a00b129694", "created_by_ref": "identity--5504b6f4-2d53-4e2b-961d-955fd2c150e4", "created": "2022-05-13T13:57:52.091818Z", "modified": "2022-05-13T13:57:52.091818Z", "name": "Malicious SHA1 - 67821501a727bdff17d9b1b2e446164f83bbd268", "description": "Malicious SHA1 involved with New JSS Loader Trojan", "pattern": "[file:hashes.'SHA-1' = '67821501a727bdff17d9b1b2e446164f83bbd268']", "pattern_type": "stix", "pattern_version": "2.1", "valid_from": "2022-05-13T14:57:52.091818Z", "labels": ["malicious-activity"]}, {"type": "relationship", "spec_version": "2.1", "id": "relationship--0d8a8fa4-3c77-4932-8251-7b31f9798074", "created": "2022-05-13T13:57:52.093818Z", "modified": "2022-05-13T13:57:52.093818Z", "relationship_type": "indicates", "source_ref": "indicator--a1bdf64c-8b8e-49d4-bbe6-10a00b129694", "target_ref": "malware--65212654-351f-4ee2-b43d-c755057a7a34"}, {"type": "relationship", "spec_version": "2.1", "id": "relationship--7b066d7c-7d5b-4bbd-a37c-5b7d1f880d8d", "created": "2022-05-13T13:57:52.093818Z", "modified": "2022-05-13T13:57:52.093818Z", "relationship_type": "indicates", "source_ref": "indicator--a1bdf64c-8b8e-49d4-bbe6-10a00b129694", "target_ref": "attack-pattern--ae4590fa-69a3-4e97-8e36-ef62e34da806"}, {"type": "relationship", "spec_version": "2.1", "id": "relationship--903698d6-2f20-4d17-a334-206941b61479", "created": "2022-05-13T13:57:52.094815Z", "modified": "2022-05-13T13:57:52.094815Z", "relationship_type": "indicates", "source_ref": "indicator--a1bdf64c-8b8e-49d4-bbe6-10a00b129694", "target_ref": "attack-pattern--b8a453c5-132c-44e5-8fea-8b6fe12c07ed"}, {"type": "indicator", "spec_version": "2.1", "id": "indicator--45e2bd56-d086-4b74-b65a-63dc9e10f9fb", "created_by_ref": "identity--5504b6f4-2d53-4e2b-961d-955fd2c150e4", "created": "2022-05-13T13:57:52.094815Z", "modified": "2022-05-13T13:57:52.094815Z", "name": "Malicious SHA1 - 6b8f41b0bd35c0c4e6972a2c6b9d4abebf0861e9", "description": "Malicious SHA1 involved with New JSS Loader Trojan", "pattern": "[file:hashes.'SHA-1' = '6b8f41b0bd35c0c4e6972a2c6b9d4abebf0861e9']", "pattern_type": "stix", "pattern_version": "2.1", "valid_from": "2022-05-13T14:57:52.094815Z", "labels": ["malicious-activity"]}, {"type": "relationship", "spec_version": "2.1", "id": "relationship--4d4e6d8e-2db1-471b-97f9-31464ee15d32", "created": "2022-05-13T13:57:52.098001Z", "modified": "2022-05-13T13:57:52.098001Z", "relationship_type": "indicates", "source_ref": "indicator--45e2bd56-d086-4b74-b65a-63dc9e10f9fb", "target_ref": "malware--65212654-351f-4ee2-b43d-c755057a7a34"}, {"type": "relationship", "spec_version": "2.1", "id": "relationship--3caabe0e-adc3-4b2f-92a7-4045e3016286", "created": "2022-05-13T13:57:52.098001Z", "modified": "2022-05-13T13:57:52.098001Z", "relationship_type": "indicates", "source_ref": "indicator--45e2bd56-d086-4b74-b65a-63dc9e10f9fb", "target_ref": "attack-pattern--ae4590fa-69a3-4e97-8e36-ef62e34da806"}, {"type": "relationship", "spec_version": "2.1", "id": "relationship--dbb09390-309a-4b24-9a3e-885479e83014", "created": "2022-05-13T13:57:52.098805Z", "modified": "2022-05-13T13:57:52.098805Z", "relationship_type": "indicates", "source_ref": "indicator--45e2bd56-d086-4b74-b65a-63dc9e10f9fb", "target_ref": "attack-pattern--b8a453c5-132c-44e5-8fea-8b6fe12c07ed"}, {"type": "indicator", "spec_version": "2.1", "id": "indicator--a27595e6-f2b5-40c9-b726-eadd36af8ea6", "created_by_ref": "identity--5504b6f4-2d53-4e2b-961d-955fd2c150e4", "created": "2022-05-13T13:57:52.098805Z", "modified": "2022-05-13T13:57:52.098805Z", "name": "Malicious SHA1 - 88bef7e27bf3c0f76c784fa6fcdd6dd00f3ff32c", "description": "Malicious SHA1 involved with New JSS Loader Trojan", "pattern": "[file:hashes.'SHA-1' = '88bef7e27bf3c0f76c784fa6fcdd6dd00f3ff32c']", "pattern_type": "stix", "pattern_version": "2.1", "valid_from": "2022-05-13T14:57:52.098805Z", "labels": ["malicious-activity"]}, {"type": "relationship", "spec_version": "2.1", "id": "relationship--f8b6286d-d3bd-4578-ab56-5c6a9cab5169", "created": "2022-05-13T13:57:52.100569Z", "modified": "2022-05-13T13:57:52.100569Z", "relationship_type": "indicates", "source_ref": "indicator--a27595e6-f2b5-40c9-b726-eadd36af8ea6", "target_ref": "malware--65212654-351f-4ee2-b43d-c755057a7a34"}, {"type": "relationship", "spec_version": "2.1", "id": "relationship--04517da2-a581-40ed-a01f-7af3c91dba4b", "created": "2022-05-13T13:57:52.100799Z", "modified": "2022-05-13T13:57:52.100799Z", "relationship_type": "indicates", "source_ref": "indicator--a27595e6-f2b5-40c9-b726-eadd36af8ea6", "target_ref": "attack-pattern--ae4590fa-69a3-4e97-8e36-ef62e34da806"}, {"type": "relationship", "spec_version": "2.1", "id": "relationship--580b146f-e956-4bc5-82d4-0050e8bdf80e", "created": "2022-05-13T13:57:52.100799Z", "modified": "2022-05-13T13:57:52.100799Z", "relationship_type": "indicates", "source_ref": "indicator--a27595e6-f2b5-40c9-b726-eadd36af8ea6", "target_ref": "attack-pattern--b8a453c5-132c-44e5-8fea-8b6fe12c07ed"}, {"type": "indicator", "spec_version": "2.1", "id": "indicator--614b8439-9143-4a3a-847f-ae06834eb596", "created_by_ref": "identity--5504b6f4-2d53-4e2b-961d-955fd2c150e4", "created": "2022-05-13T13:57:52.100799Z", "modified": "2022-05-13T13:57:52.100799Z", "name": "Malicious SHA256 - 154186b5e0f5fae753a1f90c93a7150927bd03017e55f44abf21a5a08b7ec4ba", "description": "Malicious SHA256 involved with New JSS Loader Trojan", "pattern": "[file:hashes.'SHA-256' = '154186b5e0f5fae753a1f90c93a7150927bd03017e55f44abf21a5a08b7ec4ba']", "pattern_type": "stix", "pattern_version": "2.1", "valid_from": "2022-05-13T14:57:52.100799Z", "labels": ["malicious-activity"]}, {"type": "relationship", "spec_version": "2.1", "id": "relationship--618ab295-e967-4655-ab84-eda2fb94ebdd", "created": "2022-05-13T13:57:52.103342Z", "modified": "2022-05-13T13:57:52.103342Z", "relationship_type": "indicates", "source_ref": "indicator--614b8439-9143-4a3a-847f-ae06834eb596", "target_ref": "malware--65212654-351f-4ee2-b43d-c755057a7a34"}, {"type": "relationship", "spec_version": "2.1", "id": "relationship--9d3647c9-d573-493f-b4bd-5e0a6fea4731", "created": "2022-05-13T13:57:52.103342Z", "modified": "2022-05-13T13:57:52.103342Z", "relationship_type": "indicates", "source_ref": "indicator--614b8439-9143-4a3a-847f-ae06834eb596", "target_ref": "attack-pattern--ae4590fa-69a3-4e97-8e36-ef62e34da806"}, {"type": "relationship", "spec_version": "2.1", "id": "relationship--cf8fe026-1a60-4064-bfa5-f2984381fcee", "created": "2022-05-13T13:57:52.103342Z", "modified": "2022-05-13T13:57:52.103342Z", "relationship_type": "indicates", "source_ref": "indicator--614b8439-9143-4a3a-847f-ae06834eb596", "target_ref": "attack-pattern--b8a453c5-132c-44e5-8fea-8b6fe12c07ed"}, {"type": "indicator", "spec_version": "2.1", "id": "indicator--64221dd2-7a2e-44dd-9a93-ebacdd2931ee", "created_by_ref": "identity--5504b6f4-2d53-4e2b-961d-955fd2c150e4", "created": "2022-05-13T13:57:52.103342Z", "modified": "2022-05-13T13:57:52.103342Z", "name": "Malicious SHA256 - 1af5f9b2b22282891adb17fb9283b47b7ba7a9439fef22cfba0320155dff3ae9", "description": "Malicious SHA256 involved with New JSS Loader Trojan", "pattern": "[file:hashes.'SHA-256' = '1af5f9b2b22282891adb17fb9283b47b7ba7a9439fef22cfba0320155dff3ae9']", "pattern_type": "stix", "pattern_version": "2.1", "valid_from": "2022-05-13T14:57:52.103342Z", "labels": ["malicious-activity"]}, {"type": "relationship", "spec_version": "2.1", "id": "relationship--56fa8839-15b2-4f85-be14-10bf4bfb5fe3", "created": "2022-05-13T13:57:52.105303Z", "modified": "2022-05-13T13:57:52.105303Z", "relationship_type": "indicates", "source_ref": "indicator--64221dd2-7a2e-44dd-9a93-ebacdd2931ee", "target_ref": "malware--65212654-351f-4ee2-b43d-c755057a7a34"}, {"type": "relationship", "spec_version": "2.1", "id": "relationship--19659eea-0c3c-4b5b-aef4-78086f435209", "created": "2022-05-13T13:57:52.105303Z", "modified": "2022-05-13T13:57:52.105303Z", "relationship_type": "indicates", "source_ref": "indicator--64221dd2-7a2e-44dd-9a93-ebacdd2931ee", "target_ref": "attack-pattern--ae4590fa-69a3-4e97-8e36-ef62e34da806"}, {"type": "relationship", "spec_version": "2.1", "id": "relationship--aece341a-0f8d-47d1-b654-6ecf1f921054", "created": "2022-05-13T13:57:52.105303Z", "modified": "2022-05-13T13:57:52.105303Z", "relationship_type": "indicates", "source_ref": "indicator--64221dd2-7a2e-44dd-9a93-ebacdd2931ee", "target_ref": "attack-pattern--b8a453c5-132c-44e5-8fea-8b6fe12c07ed"}, {"type": "indicator", "spec_version": "2.1", "id": "indicator--01a522eb-27d7-46dc-b99f-b77f23688563", "created_by_ref": "identity--5504b6f4-2d53-4e2b-961d-955fd2c150e4", "created": "2022-05-13T13:57:52.1063Z", "modified": "2022-05-13T13:57:52.1063Z", "name": "Malicious SHA256 - 48053356188dd419c6212e8adb1d5156460339f07838f2c00357cfd1b4a05278", "description": "Malicious SHA256 involved with New JSS Loader Trojan", "pattern": "[file:hashes.'SHA-256' = '48053356188dd419c6212e8adb1d5156460339f07838f2c00357cfd1b4a05278']", "pattern_type": "stix", "pattern_version": "2.1", "valid_from": "2022-05-13T14:57:52.1063Z", "labels": ["malicious-activity"]}, {"type": "relationship", "spec_version": "2.1", "id": "relationship--da873367-fe63-4d56-bd4c-ef4d83884cae", "created": "2022-05-13T13:57:52.107298Z", "modified": "2022-05-13T13:57:52.107298Z", "relationship_type": "indicates", "source_ref": "indicator--01a522eb-27d7-46dc-b99f-b77f23688563", "target_ref": "malware--65212654-351f-4ee2-b43d-c755057a7a34"}, {"type": "relationship", "spec_version": "2.1", "id": "relationship--aa0ed922-a319-4669-ba67-694df12335a1", "created": "2022-05-13T13:57:52.107298Z", "modified": "2022-05-13T13:57:52.107298Z", "relationship_type": "indicates", "source_ref": "indicator--01a522eb-27d7-46dc-b99f-b77f23688563", "target_ref": "attack-pattern--ae4590fa-69a3-4e97-8e36-ef62e34da806"}, {"type": "relationship", "spec_version": "2.1", "id": "relationship--fa95ed1e-ca49-47ff-b8a0-bd5829eb778c", "created": "2022-05-13T13:57:52.108295Z", "modified": "2022-05-13T13:57:52.108295Z", "relationship_type": "indicates", "source_ref": "indicator--01a522eb-27d7-46dc-b99f-b77f23688563", "target_ref": "attack-pattern--b8a453c5-132c-44e5-8fea-8b6fe12c07ed"}, {"type": "indicator", "spec_version": "2.1", "id": "indicator--3f4ff030-71de-4d3c-98be-f52f61e3e937", "created_by_ref": "identity--5504b6f4-2d53-4e2b-961d-955fd2c150e4", "created": "2022-05-13T13:57:52.108295Z", "modified": "2022-05-13T13:57:52.108295Z", "name": "Malicious SHA256 - 576560ada2906c22ca777ac51ed6f2b99086b94bbe44d86b82abe7d77736ba6a", "description": "Malicious SHA256 involved with New JSS Loader Trojan", "pattern": "[file:hashes.'SHA-256' = '576560ada2906c22ca777ac51ed6f2b99086b94bbe44d86b82abe7d77736ba6a']", "pattern_type": "stix", "pattern_version": "2.1", "valid_from": "2022-05-13T14:57:52.108295Z", "labels": ["malicious-activity"]}, {"type": "relationship", "spec_version": "2.1", "id": "relationship--2aff54f9-e94d-4bf1-a6fe-2b74c1066392", "created": "2022-05-13T13:57:52.109294Z", "modified": "2022-05-13T13:57:52.109294Z", "relationship_type": "indicates", "source_ref": "indicator--3f4ff030-71de-4d3c-98be-f52f61e3e937", "target_ref": "malware--65212654-351f-4ee2-b43d-c755057a7a34"}, {"type": "relationship", "spec_version": "2.1", "id": "relationship--2c3085b8-46ec-42aa-9d4a-31b446f46364", "created": "2022-05-13T13:57:52.110291Z", "modified": "2022-05-13T13:57:52.110291Z", "relationship_type": "indicates", "source_ref": "indicator--3f4ff030-71de-4d3c-98be-f52f61e3e937", "target_ref": "attack-pattern--ae4590fa-69a3-4e97-8e36-ef62e34da806"}, {"type": "relationship", "spec_version": "2.1", "id": "relationship--5a8f2f75-c6ab-4895-b3c5-91c020dcc873", "created": "2022-05-13T13:57:52.110291Z", "modified": "2022-05-13T13:57:52.110291Z", "relationship_type": "indicates", "source_ref": "indicator--3f4ff030-71de-4d3c-98be-f52f61e3e937", "target_ref": "attack-pattern--b8a453c5-132c-44e5-8fea-8b6fe12c07ed"}, {"type": "indicator", "spec_version": "2.1", "id": "indicator--9894a6dd-e7bf-44ca-89d7-59e5af8ce617", "created_by_ref": "identity--5504b6f4-2d53-4e2b-961d-955fd2c150e4", "created": "2022-05-13T13:57:52.110291Z", "modified": "2022-05-13T13:57:52.110291Z", "name": "Malicious SHA256 - 8783eb00acb3196a270c9be1e06d4841bf1686c7f7fc6e009d6172daf0172fc6", "description": "Malicious SHA256 involved with New JSS Loader Trojan", "pattern": "[file:hashes.'SHA-256' = '8783eb00acb3196a270c9be1e06d4841bf1686c7f7fc6e009d6172daf0172fc6']", "pattern_type": "stix", "pattern_version": "2.1", "valid_from": "2022-05-13T14:57:52.110291Z", "labels": ["malicious-activity"]}, {"type": "relationship", "spec_version": "2.1", "id": "relationship--00206efb-5334-4ded-8a73-f881eeedb1ed", "created": "2022-05-13T13:57:52.113327Z", "modified": "2022-05-13T13:57:52.113327Z", "relationship_type": "indicates", "source_ref": "indicator--9894a6dd-e7bf-44ca-89d7-59e5af8ce617", "target_ref": "malware--65212654-351f-4ee2-b43d-c755057a7a34"}, {"type": "relationship", "spec_version": "2.1", "id": "relationship--e16bd1e9-d8bd-4fd6-8fad-2a47aeee95e1", "created": "2022-05-13T13:57:52.114331Z", "modified": "2022-05-13T13:57:52.114331Z", "relationship_type": "indicates", "source_ref": "indicator--9894a6dd-e7bf-44ca-89d7-59e5af8ce617", "target_ref": "attack-pattern--ae4590fa-69a3-4e97-8e36-ef62e34da806"}, {"type": "relationship", "spec_version": "2.1", "id": "relationship--176b5a29-f9de-4d6e-9463-406f14e184c4", "created": "2022-05-13T13:57:52.114331Z", "modified": "2022-05-13T13:57:52.114331Z", "relationship_type": "indicates", "source_ref": "indicator--9894a6dd-e7bf-44ca-89d7-59e5af8ce617", "target_ref": "attack-pattern--b8a453c5-132c-44e5-8fea-8b6fe12c07ed"}, {"type": "indicator", "spec_version": "2.1", "id": "indicator--45902a46-484f-4f94-a7ed-216d96e45251", "created_by_ref": "identity--5504b6f4-2d53-4e2b-961d-955fd2c150e4", "created": "2022-05-13T13:57:52.114331Z", "modified": "2022-05-13T13:57:52.114331Z", "name": "Malicious SHA256 - 910b6f3087b1d5342a2681376c367b53e30cf21dd9409fb1000ffb60893a7051", "description": "Malicious SHA256 involved with New JSS Loader Trojan", "pattern": "[file:hashes.'SHA-256' = '910b6f3087b1d5342a2681376c367b53e30cf21dd9409fb1000ffb60893a7051']", "pattern_type": "stix", "pattern_version": "2.1", "valid_from": "2022-05-13T14:57:52.114331Z", "labels": ["malicious-activity"]}, {"type": "relationship", "spec_version": "2.1", "id": "relationship--4e780d35-872b-4835-9441-fd4374aeaeb4", "created": "2022-05-13T13:57:52.116319Z", "modified": "2022-05-13T13:57:52.116319Z", "relationship_type": "indicates", "source_ref": "indicator--45902a46-484f-4f94-a7ed-216d96e45251", "target_ref": "malware--65212654-351f-4ee2-b43d-c755057a7a34"}, {"type": "relationship", "spec_version": "2.1", "id": "relationship--15b0d7bd-4367-4c9b-82c3-a0d9517a2e0c", "created": "2022-05-13T13:57:52.116319Z", "modified": "2022-05-13T13:57:52.116319Z", "relationship_type": "indicates", "source_ref": "indicator--45902a46-484f-4f94-a7ed-216d96e45251", "target_ref": "attack-pattern--ae4590fa-69a3-4e97-8e36-ef62e34da806"}, {"type": "relationship", "spec_version": "2.1", "id": "relationship--1bfef64e-f11f-4cf8-bd1d-bfc31e198158", "created": "2022-05-13T13:57:52.116319Z", "modified": "2022-05-13T13:57:52.116319Z", "relationship_type": "indicates", "source_ref": "indicator--45902a46-484f-4f94-a7ed-216d96e45251", "target_ref": "attack-pattern--b8a453c5-132c-44e5-8fea-8b6fe12c07ed"}, {"type": "indicator", "spec_version": "2.1", "id": "indicator--20e43935-bdf9-4dbd-b8d7-88f030c14d3c", "created_by_ref": "identity--5504b6f4-2d53-4e2b-961d-955fd2c150e4", "created": "2022-05-13T13:57:52.117315Z", "modified": "2022-05-13T13:57:52.117315Z", "name": "Malicious SHA256 - c6224a579fcef3b67c02dabe55cc486a476e10f7ab9181a91c839fa3de0876fd", "description": "Malicious SHA256 involved with New JSS Loader Trojan", "pattern": "[file:hashes.'SHA-256' = 'c6224a579fcef3b67c02dabe55cc486a476e10f7ab9181a91c839fa3de0876fd']", "pattern_type": "stix", "pattern_version": "2.1", "valid_from": "2022-05-13T14:57:52.117315Z", "labels": ["malicious-activity"]}, {"type": "relationship", "spec_version": "2.1", "id": "relationship--9e589527-a311-4ed2-a431-467fd01a358e", "created": "2022-05-13T13:57:52.118312Z", "modified": "2022-05-13T13:57:52.118312Z", "relationship_type": "indicates", "source_ref": "indicator--20e43935-bdf9-4dbd-b8d7-88f030c14d3c", "target_ref": "malware--65212654-351f-4ee2-b43d-c755057a7a34"}, {"type": "relationship", "spec_version": "2.1", "id": "relationship--b793da3f-6802-4af8-97dd-8376caf46581", "created": "2022-05-13T13:57:52.119346Z", "modified": "2022-05-13T13:57:52.119346Z", "relationship_type": "indicates", "source_ref": "indicator--20e43935-bdf9-4dbd-b8d7-88f030c14d3c", "target_ref": "attack-pattern--ae4590fa-69a3-4e97-8e36-ef62e34da806"}, {"type": "relationship", "spec_version": "2.1", "id": "relationship--9bc27664-d723-4bb0-bff4-7fc32e7fefc1", "created": "2022-05-13T13:57:52.119346Z", "modified": "2022-05-13T13:57:52.119346Z", "relationship_type": "indicates", "source_ref": "indicator--20e43935-bdf9-4dbd-b8d7-88f030c14d3c", "target_ref": "attack-pattern--b8a453c5-132c-44e5-8fea-8b6fe12c07ed"}, {"type": "indicator", "spec_version": "2.1", "id": "indicator--bd594128-263f-4da3-80a9-e8b3b86f01a9", "created_by_ref": "identity--5504b6f4-2d53-4e2b-961d-955fd2c150e4", "created": "2022-05-13T13:57:52.120307Z", "modified": "2022-05-13T13:57:52.120307Z", "name": "Malicious SHA256 - cd6ad1e880396edc3cdcceba996dd424e96f4961e4884aee52717069537553e8", "description": "Malicious SHA256 involved with New JSS Loader Trojan", "pattern": "[file:hashes.'SHA-256' = 'cd6ad1e880396edc3cdcceba996dd424e96f4961e4884aee52717069537553e8']", "pattern_type": "stix", "pattern_version": "2.1", "valid_from": "2022-05-13T14:57:52.120307Z", "labels": ["malicious-activity"]}, {"type": "relationship", "spec_version": "2.1", "id": "relationship--e5f13df3-0844-42b0-ba95-f469f41fb6ae", "created": "2022-05-13T13:57:52.122324Z", "modified": "2022-05-13T13:57:52.122324Z", "relationship_type": "indicates", "source_ref": "indicator--bd594128-263f-4da3-80a9-e8b3b86f01a9", "target_ref": "malware--65212654-351f-4ee2-b43d-c755057a7a34"}, {"type": "relationship", "spec_version": "2.1", "id": "relationship--0f09b03a-3ca9-42a5-b343-da5ec0653e93", "created": "2022-05-13T13:57:52.122324Z", "modified": "2022-05-13T13:57:52.122324Z", "relationship_type": "indicates", "source_ref": "indicator--bd594128-263f-4da3-80a9-e8b3b86f01a9", "target_ref": "attack-pattern--ae4590fa-69a3-4e97-8e36-ef62e34da806"}, {"type": "relationship", "spec_version": "2.1", "id": "relationship--4a49e6b6-baea-4cc1-a9f6-8681e5e48950", "created": "2022-05-13T13:57:52.123323Z", "modified": "2022-05-13T13:57:52.123323Z", "relationship_type": "indicates", "source_ref": "indicator--bd594128-263f-4da3-80a9-e8b3b86f01a9", "target_ref": "attack-pattern--b8a453c5-132c-44e5-8fea-8b6fe12c07ed"}, {"type": "indicator", "spec_version": "2.1", "id": "indicator--11f08c15-0fcb-493b-ad54-20ba9c6af2b6", "created_by_ref": "identity--5504b6f4-2d53-4e2b-961d-955fd2c150e4", "created": "2022-05-13T13:57:52.123654Z", "modified": "2022-05-13T13:57:52.123654Z", "name": "Malicious SHA256 - d42dfbeba20624a190cf903d28ac5ef5e6ff0f5c120e0f8e14909fec30871134", "description": "Malicious SHA256 involved with New JSS Loader Trojan", "pattern": "[file:hashes.'SHA-256' = 'd42dfbeba20624a190cf903d28ac5ef5e6ff0f5c120e0f8e14909fec30871134']", "pattern_type": "stix", "pattern_version": "2.1", "valid_from": "2022-05-13T14:57:52.123654Z", "labels": ["malicious-activity"]}, {"type": "relationship", "spec_version": "2.1", "id": "relationship--fa8f38fc-b156-4230-aed8-3f42162deb72", "created": "2022-05-13T13:57:52.125318Z", "modified": "2022-05-13T13:57:52.125318Z", "relationship_type": "indicates", "source_ref": "indicator--11f08c15-0fcb-493b-ad54-20ba9c6af2b6", "target_ref": "malware--65212654-351f-4ee2-b43d-c755057a7a34"}, {"type": "relationship", "spec_version": "2.1", "id": "relationship--457d9591-661c-400a-b211-b243f64dc273", "created": "2022-05-13T13:57:52.125601Z", "modified": "2022-05-13T13:57:52.125601Z", "relationship_type": "indicates", "source_ref": "indicator--11f08c15-0fcb-493b-ad54-20ba9c6af2b6", "target_ref": "attack-pattern--ae4590fa-69a3-4e97-8e36-ef62e34da806"}, {"type": "relationship", "spec_version": "2.1", "id": "relationship--13a969da-93de-46b4-9e12-a61ae88ca288", "created": "2022-05-13T13:57:52.125601Z", "modified": "2022-05-13T13:57:52.125601Z", "relationship_type": "indicates", "source_ref": "indicator--11f08c15-0fcb-493b-ad54-20ba9c6af2b6", "target_ref": "attack-pattern--b8a453c5-132c-44e5-8fea-8b6fe12c07ed"}, {"type": "indicator", "spec_version": "2.1", "id": "indicator--b495974e-0d1d-4c76-9336-33b24c7b51c1", "created_by_ref": "identity--5504b6f4-2d53-4e2b-961d-955fd2c150e4", "created": "2022-05-13T13:57:52.126316Z", "modified": "2022-05-13T13:57:52.126316Z", "name": "Malicious SHA256 - ee8f394d9e192c453d47a0c57261a03921dcbb97248a67427cb6fc6d8833c8a0", "description": "Malicious SHA256 involved with New JSS Loader Trojan", "pattern": "[file:hashes.'SHA-256' = 'ee8f394d9e192c453d47a0c57261a03921dcbb97248a67427cb6fc6d8833c8a0']", "pattern_type": "stix", "pattern_version": "2.1", "valid_from": "2022-05-13T14:57:52.126316Z", "labels": ["malicious-activity"]}, {"type": "relationship", "spec_version": "2.1", "id": "relationship--199a1a00-7ef9-490b-b36a-768f27ba3d9d", "created": "2022-05-13T13:57:52.129311Z", "modified": "2022-05-13T13:57:52.129311Z", "relationship_type": "indicates", "source_ref": "indicator--b495974e-0d1d-4c76-9336-33b24c7b51c1", "target_ref": "malware--65212654-351f-4ee2-b43d-c755057a7a34"}, {"type": "relationship", "spec_version": "2.1", "id": "relationship--61ca08fe-8cc4-4f10-8f81-9dd8fda33485", "created": "2022-05-13T13:57:52.129311Z", "modified": "2022-05-13T13:57:52.129311Z", "relationship_type": "indicates", "source_ref": "indicator--b495974e-0d1d-4c76-9336-33b24c7b51c1", "target_ref": "attack-pattern--ae4590fa-69a3-4e97-8e36-ef62e34da806"}, {"type": "relationship", "spec_version": "2.1", "id": "relationship--274bdc08-47f0-4a9e-ad83-021d3882eacb", "created": "2022-05-13T13:57:52.129311Z", "modified": "2022-05-13T13:57:52.129311Z", "relationship_type": "indicates", "source_ref": "indicator--b495974e-0d1d-4c76-9336-33b24c7b51c1", "target_ref": "attack-pattern--b8a453c5-132c-44e5-8fea-8b6fe12c07ed"}, {"type": "indicator", "spec_version": "2.1", "id": "indicator--95773c78-84e6-466e-99e8-f0ffc60decf1", "created_by_ref": "identity--5504b6f4-2d53-4e2b-961d-955fd2c150e4", "created": "2022-05-13T13:57:52.13078Z", "modified": "2022-05-13T13:57:52.13078Z", "name": "Malicious domain - divorceradio.com", "description": "Malicious domain involved with New JSS Loader Trojan", "pattern": "[domain-name:value = 'divorceradio.com']", "pattern_type": "stix", "pattern_version": "2.1", "valid_from": "2022-05-13T14:57:52.13078Z", "labels": ["malicious-activity"]}, {"type": "relationship", "spec_version": "2.1", "id": "relationship--fcaab767-4802-48e3-8021-33075f7f2b1a", "created": "2022-05-13T13:57:52.134314Z", "modified": "2022-05-13T13:57:52.134314Z", "relationship_type": "indicates", "source_ref": "indicator--95773c78-84e6-466e-99e8-f0ffc60decf1", "target_ref": "malware--65212654-351f-4ee2-b43d-c755057a7a34"}, {"type": "relationship", "spec_version": "2.1", "id": "relationship--3d5bccda-2ecf-472b-b604-a886e931fb4d", "created": "2022-05-13T13:57:52.135438Z", "modified": "2022-05-13T13:57:52.135438Z", "relationship_type": "indicates", "source_ref": "indicator--95773c78-84e6-466e-99e8-f0ffc60decf1", "target_ref": "attack-pattern--ae4590fa-69a3-4e97-8e36-ef62e34da806"}, {"type": "relationship", "spec_version": "2.1", "id": "relationship--06d808dc-d5b9-4035-a0ae-cbc9fd4f4ae6", "created": "2022-05-13T13:57:52.135438Z", "modified": "2022-05-13T13:57:52.135438Z", "relationship_type": "indicates", "source_ref": "indicator--95773c78-84e6-466e-99e8-f0ffc60decf1", "target_ref": "attack-pattern--b8a453c5-132c-44e5-8fea-8b6fe12c07ed"}, {"type": "indicator", "spec_version": "2.1", "id": "indicator--20dad8fd-533f-48d2-b628-eaaaece4fad3", "created_by_ref": "identity--5504b6f4-2d53-4e2b-961d-955fd2c150e4", "created": "2022-05-13T13:57:52.13631Z", "modified": "2022-05-13T13:57:52.13631Z", "name": "Malicious domain - physiciansofficenews.com", "description": "Malicious domain involved with New JSS Loader Trojan", "pattern": "[domain-name:value = 'physiciansofficenews.com']", "pattern_type": "stix", "pattern_version": "2.1", "valid_from": "2022-05-13T14:57:52.13631Z", "labels": ["malicious-activity"]}, {"type": "relationship", "spec_version": "2.1", "id": "relationship--b0f0129b-4e4a-41a4-b0af-52f6d9e86d36", "created": "2022-05-13T13:57:52.138303Z", "modified": "2022-05-13T13:57:52.138303Z", "relationship_type": "indicates", "source_ref": "indicator--20dad8fd-533f-48d2-b628-eaaaece4fad3", "target_ref": "malware--65212654-351f-4ee2-b43d-c755057a7a34"}, {"type": "relationship", "spec_version": "2.1", "id": "relationship--ae82f85e-6c78-4c51-bdb2-cc4dabb5a429", "created": "2022-05-13T13:57:52.138303Z", "modified": "2022-05-13T13:57:52.138303Z", "relationship_type": "indicates", "source_ref": "indicator--20dad8fd-533f-48d2-b628-eaaaece4fad3", "target_ref": "attack-pattern--ae4590fa-69a3-4e97-8e36-ef62e34da806"}, {"type": "relationship", "spec_version": "2.1", "id": "relationship--fd397032-941f-4cd2-9c5d-c7ce9eeddae7", "created": "2022-05-13T13:57:52.138303Z", "modified": "2022-05-13T13:57:52.138303Z", "relationship_type": "indicates", "source_ref": "indicator--20dad8fd-533f-48d2-b628-eaaaece4fad3", "target_ref": "attack-pattern--b8a453c5-132c-44e5-8fea-8b6fe12c07ed"}, {"type": "indicator", "spec_version": "2.1", "id": "indicator--84935d83-0e23-4840-9517-1f0a17e62983", "created_by_ref": "identity--5504b6f4-2d53-4e2b-961d-955fd2c150e4", "created": "2022-05-13T13:57:52.138303Z", "modified": "2022-05-13T13:57:52.138303Z", "name": "Malicious domain - thechinastyle.com", "description": "Malicious domain involved with New JSS Loader Trojan", "pattern": "[domain-name:value = 'thechinastyle.com']", "pattern_type": "stix", "pattern_version": "2.1", "valid_from": "2022-05-13T14:57:52.138303Z", "labels": ["malicious-activity"]}, {"type": "relationship", "spec_version": "2.1", "id": "relationship--e66d800e-01ab-4114-b417-cf52f2379690", "created": "2022-05-13T13:57:52.140298Z", "modified": "2022-05-13T13:57:52.140298Z", "relationship_type": "indicates", "source_ref": "indicator--84935d83-0e23-4840-9517-1f0a17e62983", "target_ref": "malware--65212654-351f-4ee2-b43d-c755057a7a34"}, {"type": "relationship", "spec_version": "2.1", "id": "relationship--9ec709b5-08f7-4fda-b9ec-aee981b14158", "created": "2022-05-13T13:57:52.140298Z", "modified": "2022-05-13T13:57:52.140298Z", "relationship_type": "indicates", "source_ref": "indicator--84935d83-0e23-4840-9517-1f0a17e62983", "target_ref": "attack-pattern--ae4590fa-69a3-4e97-8e36-ef62e34da806"}, {"type": "relationship", "spec_version": "2.1", "id": "relationship--822bd137-a0a0-4880-86c1-2937cd8dc919", "created": "2022-05-13T13:57:52.141296Z", "modified": "2022-05-13T13:57:52.141296Z", "relationship_type": "indicates", "source_ref": "indicator--84935d83-0e23-4840-9517-1f0a17e62983", "target_ref": "attack-pattern--b8a453c5-132c-44e5-8fea-8b6fe12c07ed"}]}