{"type": "bundle", "id": "bundle--1c6704b7-31f2-4b85-a0ad-6d0e44b91bee", "objects": [{"type": "identity", "spec_version": "2.1", "id": "identity--d928e23c-f801-4daf-b068-e40f9faa4d86", "created": "2022-05-13T14:17:31.436056Z", "modified": "2022-05-13T14:17:31.436056Z", "name": "Bournemouth University CERT"}, {"type": "malware", "spec_version": "2.1", "id": "malware--70da8394-3f27-4026-8b09-e5d532bff7bf", "created": "2022-05-13T14:17:31.436056Z", "modified": "2022-05-13T14:17:31.436056Z", "name": "LockBit Ransomware", "description": "Lockbit ransomware IoCs", "is_family": false}, {"type": "attack-pattern", "spec_version": "2.1", "id": "attack-pattern--f1364f4d-3504-4ac7-a96d-feb0c5aa1dc8", "created": "2022-05-13T14:17:31.437054Z", "modified": "2022-05-13T14:17:31.437054Z", "name": "T1027", "external_references": [{"source_name": "mitre-attack", "url": "https://attack.mitre.org/techniques/T1027/", "external_id": "T1027"}]}, {"type": "attack-pattern", "spec_version": "2.1", "id": "attack-pattern--96101400-ea41-4870-aefa-2d05deca7e60", "created": "2022-05-13T14:17:31.437054Z", "modified": "2022-05-13T14:17:31.437054Z", "name": "T1574", "external_references": [{"source_name": "mitre-attack", "url": "https://attack.mitre.org/techniques/T1574/", "external_id": "T1574"}]}, {"type": "attack-pattern", "spec_version": "2.1", "id": "attack-pattern--2eb9321d-6f7e-4751-af13-e45f7940c943", "created": "2022-05-13T14:17:31.438051Z", "modified": "2022-05-13T14:17:31.438051Z", "name": "T1562.002", "external_references": [{"source_name": "mitre-attack", "url": "https://attack.mitre.org/techniques/T1562.002/", "external_id": "T1562.002"}]}, {"type": "attack-pattern", "spec_version": "2.1", "id": "attack-pattern--008cac2f-04a7-4192-837c-eacc1c22f4c4", "created": "2022-05-13T14:17:31.438051Z", "modified": "2022-05-13T14:17:31.438051Z", "name": "T1562.002", "external_references": [{"source_name": "mitre-attack", "url": "https://attack.mitre.org/techniques/T1562.002/", "external_id": "T1562.002"}]}, {"type": "attack-pattern", "spec_version": "2.1", "id": "attack-pattern--e81b2b62-8a31-46ab-a356-8d3e6ed9acef", "created": "2022-05-13T14:17:31.438051Z", "modified": "2022-05-13T14:17:31.438051Z", "name": "T1562.001", "external_references": [{"source_name": "mitre-attack", "url": "https://attack.mitre.org/techniques/T1562.001/", "external_id": "T1562.001"}]}, {"type": "attack-pattern", "spec_version": "2.1", "id": "attack-pattern--32a0ff46-59da-4df3-a507-ebf85ae38e7f", "created": "2022-05-13T14:17:31.438051Z", "modified": "2022-05-13T14:17:31.438051Z", "name": "T1027.002", "external_references": [{"source_name": "mitre-attack", "url": "https://attack.mitre.org/techniques/T1027.002/", "external_id": "T1027.002"}]}, {"type": "attack-pattern", "spec_version": "2.1", "id": "attack-pattern--a3843d99-989d-4ed5-8d85-45909b50457d", "created": "2022-05-13T14:17:31.439048Z", "modified": "2022-05-13T14:17:31.439048Z", "name": "T1059.001", "external_references": [{"source_name": "mitre-attack", "url": "https://attack.mitre.org/techniques/T1059.001/", "external_id": "T1059.001"}]}, {"type": "indicator", "spec_version": "2.1", "id": "indicator--64fb0d57-5d7a-4c86-960a-f995a03a07af", "created_by_ref": "identity--d928e23c-f801-4daf-b068-e40f9faa4d86", "created": "2022-05-13T14:17:31.440046Z", "modified": "2022-05-13T14:17:31.440046Z", "name": "Malicious IP - 45.32.108.54", "description": "Malicious IP involved with LockBit Ransomware", "pattern": "[ipv4-addr:value = '45.32.108.54']", "pattern_type": "stix", "pattern_version": "2.1", "valid_from": "2022-05-13T15:17:31.440046Z", "labels": ["malicious-activity"]}, {"type": "relationship", "spec_version": "2.1", "id": "relationship--62d3bfc6-9d13-4b64-8d80-654515f8e00b", "created": "2022-05-13T14:17:31.459816Z", "modified": "2022-05-13T14:17:31.459816Z", "relationship_type": "indicates", "source_ref": "indicator--64fb0d57-5d7a-4c86-960a-f995a03a07af", "target_ref": "malware--70da8394-3f27-4026-8b09-e5d532bff7bf"}, {"type": "relationship", "spec_version": "2.1", "id": "relationship--6c3d425a-0df5-4977-a89a-085fcd1b8f94", "created": "2022-05-13T14:17:31.460013Z", "modified": "2022-05-13T14:17:31.460013Z", "relationship_type": "indicates", "source_ref": "indicator--64fb0d57-5d7a-4c86-960a-f995a03a07af", "target_ref": "attack-pattern--f1364f4d-3504-4ac7-a96d-feb0c5aa1dc8"}, {"type": "relationship", "spec_version": "2.1", "id": "relationship--17ddf009-884b-4666-b26e-9223cea17c5b", "created": "2022-05-13T14:17:31.461014Z", "modified": "2022-05-13T14:17:31.461014Z", "relationship_type": "indicates", "source_ref": "indicator--64fb0d57-5d7a-4c86-960a-f995a03a07af", "target_ref": "attack-pattern--96101400-ea41-4870-aefa-2d05deca7e60"}, {"type": "relationship", "spec_version": "2.1", "id": "relationship--f916a50e-693b-406c-a1f0-883091f0ef99", "created": "2022-05-13T14:17:31.461014Z", "modified": "2022-05-13T14:17:31.461014Z", "relationship_type": "indicates", "source_ref": "indicator--64fb0d57-5d7a-4c86-960a-f995a03a07af", "target_ref": "attack-pattern--2eb9321d-6f7e-4751-af13-e45f7940c943"}, {"type": "relationship", "spec_version": "2.1", "id": "relationship--cefea5b3-92a7-454f-8850-551bddce8111", "created": "2022-05-13T14:17:31.461014Z", "modified": "2022-05-13T14:17:31.461014Z", "relationship_type": "indicates", "source_ref": "indicator--64fb0d57-5d7a-4c86-960a-f995a03a07af", "target_ref": "attack-pattern--008cac2f-04a7-4192-837c-eacc1c22f4c4"}, {"type": "relationship", "spec_version": "2.1", "id": "relationship--0947e2a8-1108-448a-8adf-61b267b61b71", "created": "2022-05-13T14:17:31.461014Z", "modified": "2022-05-13T14:17:31.461014Z", "relationship_type": "indicates", "source_ref": "indicator--64fb0d57-5d7a-4c86-960a-f995a03a07af", "target_ref": "attack-pattern--e81b2b62-8a31-46ab-a356-8d3e6ed9acef"}, {"type": "relationship", "spec_version": "2.1", "id": "relationship--25d828fe-2454-4d98-a37e-5bc9bfe64724", "created": "2022-05-13T14:17:31.462008Z", "modified": "2022-05-13T14:17:31.462008Z", "relationship_type": "indicates", "source_ref": "indicator--64fb0d57-5d7a-4c86-960a-f995a03a07af", "target_ref": "attack-pattern--32a0ff46-59da-4df3-a507-ebf85ae38e7f"}, {"type": "relationship", "spec_version": "2.1", "id": "relationship--6555e0f0-d0d2-413b-befe-770adcf796d3", "created": "2022-05-13T14:17:31.462008Z", "modified": "2022-05-13T14:17:31.462008Z", "relationship_type": "indicates", "source_ref": "indicator--64fb0d57-5d7a-4c86-960a-f995a03a07af", "target_ref": "attack-pattern--a3843d99-989d-4ed5-8d85-45909b50457d"}, {"type": "indicator", "spec_version": "2.1", "id": "indicator--f953729b-f2da-44e6-844d-3fef6339cbc3", "created_by_ref": "identity--d928e23c-f801-4daf-b068-e40f9faa4d86", "created": "2022-05-13T14:17:31.462008Z", "modified": "2022-05-13T14:17:31.462008Z", "name": "Malicious SHA1 - 091b490500b5f827cc8cde41c9a7f68174d11302", "description": "Malicious SHA1 involved with LockBit Ransomware", "pattern": "[file:hashes.'SHA-1' = '091b490500b5f827cc8cde41c9a7f68174d11302']", "pattern_type": "stix", "pattern_version": "2.1", "valid_from": "2022-05-13T15:17:31.462008Z", "labels": ["malicious-activity"]}, {"type": "relationship", "spec_version": "2.1", "id": "relationship--980e6a55-326d-42cd-a3fd-541c9c90325a", "created": "2022-05-13T14:17:31.470011Z", "modified": "2022-05-13T14:17:31.470011Z", "relationship_type": "indicates", "source_ref": "indicator--f953729b-f2da-44e6-844d-3fef6339cbc3", "target_ref": "malware--70da8394-3f27-4026-8b09-e5d532bff7bf"}, {"type": "relationship", "spec_version": "2.1", "id": "relationship--b3d87dd0-7cae-406a-9a55-fb1d997788c2", "created": "2022-05-13T14:17:31.470011Z", "modified": "2022-05-13T14:17:31.470011Z", "relationship_type": "indicates", "source_ref": "indicator--f953729b-f2da-44e6-844d-3fef6339cbc3", "target_ref": "attack-pattern--f1364f4d-3504-4ac7-a96d-feb0c5aa1dc8"}, {"type": "relationship", "spec_version": "2.1", "id": "relationship--9d1e3363-76f8-4d58-a2ee-3164c3a025e5", "created": "2022-05-13T14:17:31.471109Z", "modified": "2022-05-13T14:17:31.471109Z", "relationship_type": "indicates", "source_ref": "indicator--f953729b-f2da-44e6-844d-3fef6339cbc3", "target_ref": "attack-pattern--96101400-ea41-4870-aefa-2d05deca7e60"}, {"type": "relationship", "spec_version": "2.1", "id": "relationship--bc471637-09fd-4323-8d36-1b107bc8e0b1", "created": "2022-05-13T14:17:31.471109Z", "modified": "2022-05-13T14:17:31.471109Z", "relationship_type": "indicates", "source_ref": "indicator--f953729b-f2da-44e6-844d-3fef6339cbc3", "target_ref": "attack-pattern--2eb9321d-6f7e-4751-af13-e45f7940c943"}, {"type": "relationship", "spec_version": "2.1", "id": "relationship--33ce8504-82db-4ffb-92ec-b93d46247adb", "created": "2022-05-13T14:17:31.472004Z", "modified": "2022-05-13T14:17:31.472004Z", "relationship_type": "indicates", "source_ref": "indicator--f953729b-f2da-44e6-844d-3fef6339cbc3", "target_ref": "attack-pattern--008cac2f-04a7-4192-837c-eacc1c22f4c4"}, {"type": "relationship", "spec_version": "2.1", "id": "relationship--003da185-e714-4e80-b949-d7abe282ab6b", "created": "2022-05-13T14:17:31.472004Z", "modified": "2022-05-13T14:17:31.472004Z", "relationship_type": "indicates", "source_ref": "indicator--f953729b-f2da-44e6-844d-3fef6339cbc3", "target_ref": "attack-pattern--e81b2b62-8a31-46ab-a356-8d3e6ed9acef"}, {"type": "relationship", "spec_version": "2.1", "id": "relationship--70c943dd-374f-478d-a032-610e42fdcd0a", "created": "2022-05-13T14:17:31.47303Z", "modified": "2022-05-13T14:17:31.47303Z", "relationship_type": "indicates", "source_ref": "indicator--f953729b-f2da-44e6-844d-3fef6339cbc3", "target_ref": "attack-pattern--32a0ff46-59da-4df3-a507-ebf85ae38e7f"}, {"type": "relationship", "spec_version": "2.1", "id": "relationship--60c5780b-b889-4ffe-a63a-ce2e1c730d31", "created": "2022-05-13T14:17:31.47303Z", "modified": "2022-05-13T14:17:31.47303Z", "relationship_type": "indicates", "source_ref": "indicator--f953729b-f2da-44e6-844d-3fef6339cbc3", "target_ref": "attack-pattern--a3843d99-989d-4ed5-8d85-45909b50457d"}, {"type": "indicator", "spec_version": "2.1", "id": "indicator--cf5f8fc1-ce49-4529-8ba9-8d30d09ecb2d", "created_by_ref": "identity--d928e23c-f801-4daf-b068-e40f9faa4d86", "created": "2022-05-13T14:17:31.47303Z", "modified": "2022-05-13T14:17:31.47303Z", "name": "Malicious SHA1 - 0c842d6e627152637f33ba86861d74f358a85e1f", "description": "Malicious SHA1 involved with LockBit Ransomware", "pattern": "[file:hashes.'SHA-1' = '0c842d6e627152637f33ba86861d74f358a85e1f']", "pattern_type": "stix", "pattern_version": "2.1", "valid_from": "2022-05-13T15:17:31.47303Z", "labels": ["malicious-activity"]}, {"type": "relationship", "spec_version": "2.1", "id": "relationship--21f54b56-9606-4b3d-b341-6f224b740ed6", "created": "2022-05-13T14:17:31.475994Z", "modified": "2022-05-13T14:17:31.475994Z", "relationship_type": "indicates", "source_ref": "indicator--cf5f8fc1-ce49-4529-8ba9-8d30d09ecb2d", "target_ref": "malware--70da8394-3f27-4026-8b09-e5d532bff7bf"}, {"type": "relationship", "spec_version": "2.1", "id": "relationship--47b11c9d-d691-4222-8b30-c2e6cac717c2", "created": "2022-05-13T14:17:31.476992Z", "modified": "2022-05-13T14:17:31.476992Z", "relationship_type": "indicates", "source_ref": "indicator--cf5f8fc1-ce49-4529-8ba9-8d30d09ecb2d", "target_ref": "attack-pattern--f1364f4d-3504-4ac7-a96d-feb0c5aa1dc8"}, {"type": "relationship", "spec_version": "2.1", "id": "relationship--3254f7ee-80ea-406a-98df-0f96cd9acec8", "created": "2022-05-13T14:17:31.477989Z", "modified": "2022-05-13T14:17:31.477989Z", "relationship_type": "indicates", "source_ref": "indicator--cf5f8fc1-ce49-4529-8ba9-8d30d09ecb2d", "target_ref": "attack-pattern--96101400-ea41-4870-aefa-2d05deca7e60"}, {"type": "relationship", "spec_version": "2.1", "id": "relationship--e6113aa0-eb81-4779-abd6-775e55c04136", "created": "2022-05-13T14:17:31.477989Z", "modified": "2022-05-13T14:17:31.477989Z", "relationship_type": "indicates", "source_ref": "indicator--cf5f8fc1-ce49-4529-8ba9-8d30d09ecb2d", "target_ref": "attack-pattern--2eb9321d-6f7e-4751-af13-e45f7940c943"}, {"type": "relationship", "spec_version": "2.1", "id": "relationship--43979efa-d13b-48e8-ae85-649f44ad8393", "created": "2022-05-13T14:17:31.477989Z", "modified": "2022-05-13T14:17:31.477989Z", "relationship_type": "indicates", "source_ref": "indicator--cf5f8fc1-ce49-4529-8ba9-8d30d09ecb2d", "target_ref": "attack-pattern--008cac2f-04a7-4192-837c-eacc1c22f4c4"}, {"type": "relationship", "spec_version": "2.1", "id": "relationship--a0f3425b-3e28-43a9-a97e-59fa22ab59e3", "created": "2022-05-13T14:17:31.478986Z", "modified": "2022-05-13T14:17:31.478986Z", "relationship_type": "indicates", "source_ref": "indicator--cf5f8fc1-ce49-4529-8ba9-8d30d09ecb2d", "target_ref": "attack-pattern--e81b2b62-8a31-46ab-a356-8d3e6ed9acef"}, {"type": "relationship", "spec_version": "2.1", "id": "relationship--afd6c92b-4e0e-44db-b815-10c0eec972b1", "created": "2022-05-13T14:17:31.479503Z", "modified": "2022-05-13T14:17:31.479503Z", "relationship_type": "indicates", "source_ref": "indicator--cf5f8fc1-ce49-4529-8ba9-8d30d09ecb2d", "target_ref": "attack-pattern--32a0ff46-59da-4df3-a507-ebf85ae38e7f"}, {"type": "relationship", "spec_version": "2.1", "id": "relationship--e81f55cb-d544-4540-a760-71455aa52755", "created": "2022-05-13T14:17:31.479503Z", "modified": "2022-05-13T14:17:31.479503Z", "relationship_type": "indicates", "source_ref": "indicator--cf5f8fc1-ce49-4529-8ba9-8d30d09ecb2d", "target_ref": "attack-pattern--a3843d99-989d-4ed5-8d85-45909b50457d"}, {"type": "indicator", "spec_version": "2.1", "id": "indicator--fc40dcdf-16f7-4ed9-92bc-d1de709d8a92", "created_by_ref": "identity--d928e23c-f801-4daf-b068-e40f9faa4d86", "created": "2022-05-13T14:17:31.480501Z", "modified": "2022-05-13T14:17:31.480501Z", "name": "Malicious SHA1 - 1458421f0a4fe3acc72a1246b80336dc4138dd4b", "description": "Malicious SHA1 involved with LockBit Ransomware", "pattern": "[file:hashes.'SHA-1' = '1458421f0a4fe3acc72a1246b80336dc4138dd4b']", "pattern_type": "stix", "pattern_version": "2.1", "valid_from": "2022-05-13T15:17:31.480501Z", "labels": ["malicious-activity"]}, {"type": "relationship", "spec_version": "2.1", "id": "relationship--20afe90b-ee8b-4802-9be4-916219f2e0ab", "created": "2022-05-13T14:17:31.483492Z", "modified": "2022-05-13T14:17:31.483492Z", "relationship_type": "indicates", "source_ref": "indicator--fc40dcdf-16f7-4ed9-92bc-d1de709d8a92", "target_ref": "malware--70da8394-3f27-4026-8b09-e5d532bff7bf"}, {"type": "relationship", "spec_version": "2.1", "id": "relationship--3959c2f6-9c57-4ea6-83fb-986a832dfc9a", "created": "2022-05-13T14:17:31.483492Z", "modified": "2022-05-13T14:17:31.483492Z", "relationship_type": "indicates", "source_ref": "indicator--fc40dcdf-16f7-4ed9-92bc-d1de709d8a92", "target_ref": "attack-pattern--f1364f4d-3504-4ac7-a96d-feb0c5aa1dc8"}, {"type": "relationship", "spec_version": "2.1", "id": "relationship--ad05342b-facf-467e-8ab1-45fc8782b7b3", "created": "2022-05-13T14:17:31.483492Z", "modified": "2022-05-13T14:17:31.483492Z", "relationship_type": "indicates", "source_ref": "indicator--fc40dcdf-16f7-4ed9-92bc-d1de709d8a92", "target_ref": "attack-pattern--96101400-ea41-4870-aefa-2d05deca7e60"}, {"type": "relationship", "spec_version": "2.1", "id": "relationship--715da92b-6bdf-4641-92a5-40486c2a33f2", "created": "2022-05-13T14:17:31.48449Z", "modified": "2022-05-13T14:17:31.48449Z", "relationship_type": "indicates", "source_ref": "indicator--fc40dcdf-16f7-4ed9-92bc-d1de709d8a92", "target_ref": "attack-pattern--2eb9321d-6f7e-4751-af13-e45f7940c943"}, {"type": "relationship", "spec_version": "2.1", "id": "relationship--ea59a73b-9015-4862-82f2-4beb76fab065", "created": "2022-05-13T14:17:31.48449Z", "modified": "2022-05-13T14:17:31.48449Z", "relationship_type": "indicates", "source_ref": "indicator--fc40dcdf-16f7-4ed9-92bc-d1de709d8a92", "target_ref": "attack-pattern--008cac2f-04a7-4192-837c-eacc1c22f4c4"}, {"type": "relationship", "spec_version": "2.1", "id": "relationship--12605df6-87e5-4137-b5b5-fe83fc0fed47", "created": "2022-05-13T14:17:31.485487Z", "modified": "2022-05-13T14:17:31.485487Z", "relationship_type": "indicates", "source_ref": "indicator--fc40dcdf-16f7-4ed9-92bc-d1de709d8a92", "target_ref": "attack-pattern--e81b2b62-8a31-46ab-a356-8d3e6ed9acef"}, {"type": "relationship", "spec_version": "2.1", "id": "relationship--59c51ddf-c744-4d45-8854-1ea94e0844bf", "created": "2022-05-13T14:17:31.485487Z", "modified": "2022-05-13T14:17:31.485487Z", "relationship_type": "indicates", "source_ref": "indicator--fc40dcdf-16f7-4ed9-92bc-d1de709d8a92", "target_ref": "attack-pattern--32a0ff46-59da-4df3-a507-ebf85ae38e7f"}, {"type": "relationship", "spec_version": "2.1", "id": "relationship--feaadb96-b733-4089-bae4-d85267be4f9e", "created": "2022-05-13T14:17:31.485487Z", "modified": "2022-05-13T14:17:31.485487Z", "relationship_type": "indicates", "source_ref": "indicator--fc40dcdf-16f7-4ed9-92bc-d1de709d8a92", "target_ref": "attack-pattern--a3843d99-989d-4ed5-8d85-45909b50457d"}, {"type": "indicator", "spec_version": "2.1", "id": "indicator--1934e3fd-7263-4991-9c07-94aafb4255b9", "created_by_ref": "identity--d928e23c-f801-4daf-b068-e40f9faa4d86", "created": "2022-05-13T14:17:31.486782Z", "modified": "2022-05-13T14:17:31.486782Z", "name": "Malicious SHA1 - 25fbfa37d5a01a97c4ad3f0ee0396f953ca51223", "description": "Malicious SHA1 involved with LockBit Ransomware", "pattern": "[file:hashes.'SHA-1' = '25fbfa37d5a01a97c4ad3f0ee0396f953ca51223']", "pattern_type": "stix", "pattern_version": "2.1", "valid_from": "2022-05-13T15:17:31.486782Z", "labels": ["malicious-activity"]}, {"type": "relationship", "spec_version": "2.1", "id": "relationship--71e712ca-2dad-4ce3-8d5f-3a34a8e92001", "created": "2022-05-13T14:17:31.489009Z", "modified": "2022-05-13T14:17:31.489009Z", "relationship_type": "indicates", "source_ref": "indicator--1934e3fd-7263-4991-9c07-94aafb4255b9", "target_ref": "malware--70da8394-3f27-4026-8b09-e5d532bff7bf"}, {"type": "relationship", "spec_version": "2.1", "id": "relationship--820c0911-019f-4df5-9bae-778763430259", "created": "2022-05-13T14:17:31.489009Z", "modified": "2022-05-13T14:17:31.489009Z", "relationship_type": "indicates", "source_ref": "indicator--1934e3fd-7263-4991-9c07-94aafb4255b9", "target_ref": "attack-pattern--f1364f4d-3504-4ac7-a96d-feb0c5aa1dc8"}, {"type": "relationship", "spec_version": "2.1", "id": "relationship--b3ce5433-8892-4a69-882a-16330f52c0e2", "created": "2022-05-13T14:17:31.490367Z", "modified": "2022-05-13T14:17:31.490367Z", "relationship_type": "indicates", "source_ref": "indicator--1934e3fd-7263-4991-9c07-94aafb4255b9", "target_ref": "attack-pattern--96101400-ea41-4870-aefa-2d05deca7e60"}, {"type": "relationship", "spec_version": "2.1", "id": "relationship--9f4517bc-560c-410d-86c8-836232130bc9", "created": "2022-05-13T14:17:31.490367Z", "modified": "2022-05-13T14:17:31.490367Z", "relationship_type": "indicates", "source_ref": "indicator--1934e3fd-7263-4991-9c07-94aafb4255b9", "target_ref": "attack-pattern--2eb9321d-6f7e-4751-af13-e45f7940c943"}, {"type": "relationship", "spec_version": "2.1", "id": "relationship--be5d8d30-fd72-4bd7-b1ff-3420cd456e85", "created": "2022-05-13T14:17:31.490988Z", "modified": "2022-05-13T14:17:31.490988Z", "relationship_type": "indicates", "source_ref": "indicator--1934e3fd-7263-4991-9c07-94aafb4255b9", "target_ref": "attack-pattern--008cac2f-04a7-4192-837c-eacc1c22f4c4"}, {"type": "relationship", "spec_version": "2.1", "id": "relationship--c35e861d-6d25-4e7c-b863-8cae8d2ec6f3", "created": "2022-05-13T14:17:31.490988Z", "modified": "2022-05-13T14:17:31.490988Z", "relationship_type": "indicates", "source_ref": "indicator--1934e3fd-7263-4991-9c07-94aafb4255b9", "target_ref": "attack-pattern--e81b2b62-8a31-46ab-a356-8d3e6ed9acef"}, {"type": "relationship", "spec_version": "2.1", "id": "relationship--c1bca589-7727-42f8-9959-dbd39c266c46", "created": "2022-05-13T14:17:31.491986Z", "modified": "2022-05-13T14:17:31.491986Z", "relationship_type": "indicates", "source_ref": "indicator--1934e3fd-7263-4991-9c07-94aafb4255b9", "target_ref": "attack-pattern--32a0ff46-59da-4df3-a507-ebf85ae38e7f"}, {"type": "relationship", "spec_version": "2.1", "id": "relationship--db9d6f53-be1b-43c3-84e1-8ba0a4a4518f", "created": "2022-05-13T14:17:31.491986Z", "modified": "2022-05-13T14:17:31.491986Z", "relationship_type": "indicates", "source_ref": "indicator--1934e3fd-7263-4991-9c07-94aafb4255b9", "target_ref": "attack-pattern--a3843d99-989d-4ed5-8d85-45909b50457d"}, {"type": "indicator", "spec_version": "2.1", "id": "indicator--e3c26a62-e66f-4c4e-b505-26e9b79dc26e", "created_by_ref": "identity--d928e23c-f801-4daf-b068-e40f9faa4d86", "created": "2022-05-13T14:17:31.492984Z", "modified": "2022-05-13T14:17:31.492984Z", "name": "Malicious SHA1 - 729eb505c36c08860c4408db7be85d707bdcbf1b", "description": "Malicious SHA1 involved with LockBit Ransomware", "pattern": "[file:hashes.'SHA-1' = '729eb505c36c08860c4408db7be85d707bdcbf1b']", "pattern_type": "stix", "pattern_version": "2.1", "valid_from": "2022-05-13T15:17:31.492984Z", "labels": ["malicious-activity"]}, {"type": "relationship", "spec_version": "2.1", "id": "relationship--ffa26c88-e5a6-4e0c-9b9d-ac0f0ac5e592", "created": "2022-05-13T14:17:31.495976Z", "modified": "2022-05-13T14:17:31.495976Z", "relationship_type": "indicates", "source_ref": "indicator--e3c26a62-e66f-4c4e-b505-26e9b79dc26e", "target_ref": "malware--70da8394-3f27-4026-8b09-e5d532bff7bf"}, {"type": "relationship", "spec_version": "2.1", "id": "relationship--832924f2-10b9-4903-b5f2-60dc79cf3b1b", "created": "2022-05-13T14:17:31.495976Z", "modified": "2022-05-13T14:17:31.495976Z", "relationship_type": "indicates", "source_ref": "indicator--e3c26a62-e66f-4c4e-b505-26e9b79dc26e", "target_ref": "attack-pattern--f1364f4d-3504-4ac7-a96d-feb0c5aa1dc8"}, {"type": "relationship", "spec_version": "2.1", "id": "relationship--83986549-8f0e-4efe-a29a-11545ca500be", "created": "2022-05-13T14:17:31.496646Z", "modified": "2022-05-13T14:17:31.496646Z", "relationship_type": "indicates", "source_ref": "indicator--e3c26a62-e66f-4c4e-b505-26e9b79dc26e", "target_ref": "attack-pattern--96101400-ea41-4870-aefa-2d05deca7e60"}, {"type": "relationship", "spec_version": "2.1", "id": "relationship--f93ee46f-ad52-402e-8435-b28d5d397020", "created": "2022-05-13T14:17:31.496646Z", "modified": "2022-05-13T14:17:31.496646Z", "relationship_type": "indicates", "source_ref": "indicator--e3c26a62-e66f-4c4e-b505-26e9b79dc26e", "target_ref": "attack-pattern--2eb9321d-6f7e-4751-af13-e45f7940c943"}, {"type": "relationship", "spec_version": "2.1", "id": "relationship--24771239-7c1f-4126-ac7d-3f1de645c0ce", "created": "2022-05-13T14:17:31.496974Z", "modified": "2022-05-13T14:17:31.496974Z", "relationship_type": "indicates", "source_ref": "indicator--e3c26a62-e66f-4c4e-b505-26e9b79dc26e", "target_ref": "attack-pattern--008cac2f-04a7-4192-837c-eacc1c22f4c4"}, {"type": "relationship", "spec_version": "2.1", "id": "relationship--c4b9775c-cf25-4ea5-af44-acf1cb0e42ee", "created": "2022-05-13T14:17:31.496974Z", "modified": "2022-05-13T14:17:31.496974Z", "relationship_type": "indicates", "source_ref": "indicator--e3c26a62-e66f-4c4e-b505-26e9b79dc26e", "target_ref": "attack-pattern--e81b2b62-8a31-46ab-a356-8d3e6ed9acef"}, {"type": "relationship", "spec_version": "2.1", "id": "relationship--81c38ea6-fcea-49ba-9547-8c11d16c3198", "created": "2022-05-13T14:17:31.496974Z", "modified": "2022-05-13T14:17:31.496974Z", "relationship_type": "indicates", "source_ref": "indicator--e3c26a62-e66f-4c4e-b505-26e9b79dc26e", "target_ref": "attack-pattern--32a0ff46-59da-4df3-a507-ebf85ae38e7f"}, {"type": "relationship", "spec_version": "2.1", "id": "relationship--cf1b2cda-f2ab-4a11-92cf-3099ceeb5cee", "created": "2022-05-13T14:17:31.498007Z", "modified": "2022-05-13T14:17:31.498007Z", "relationship_type": "indicates", "source_ref": "indicator--e3c26a62-e66f-4c4e-b505-26e9b79dc26e", "target_ref": "attack-pattern--a3843d99-989d-4ed5-8d85-45909b50457d"}, {"type": "indicator", "spec_version": "2.1", "id": "indicator--9f9af519-2cf1-441f-b23d-478fbc6d3131", "created_by_ref": "identity--d928e23c-f801-4daf-b068-e40f9faa4d86", "created": "2022-05-13T14:17:31.498007Z", "modified": "2022-05-13T14:17:31.498007Z", "name": "Malicious SHA1 - e35a702db47cb11337f523933acd3bce2f60346d", "description": "Malicious SHA1 involved with LockBit Ransomware", "pattern": "[file:hashes.'SHA-1' = 'e35a702db47cb11337f523933acd3bce2f60346d']", "pattern_type": "stix", "pattern_version": "2.1", "valid_from": "2022-05-13T15:17:31.498007Z", "labels": ["malicious-activity"]}, {"type": "relationship", "spec_version": "2.1", "id": "relationship--477f5d31-6d80-4bec-b7ee-5a352fd761d9", "created": "2022-05-13T14:17:31.500229Z", "modified": "2022-05-13T14:17:31.500229Z", "relationship_type": "indicates", "source_ref": "indicator--9f9af519-2cf1-441f-b23d-478fbc6d3131", "target_ref": "malware--70da8394-3f27-4026-8b09-e5d532bff7bf"}, {"type": "relationship", "spec_version": "2.1", "id": "relationship--8454be12-fb99-496e-8271-d679d14c3ade", "created": "2022-05-13T14:17:31.500229Z", "modified": "2022-05-13T14:17:31.500229Z", "relationship_type": "indicates", "source_ref": "indicator--9f9af519-2cf1-441f-b23d-478fbc6d3131", "target_ref": "attack-pattern--f1364f4d-3504-4ac7-a96d-feb0c5aa1dc8"}, {"type": "relationship", "spec_version": "2.1", "id": "relationship--6886ca5b-4904-4fe0-b585-e08a35c7bdf6", "created": "2022-05-13T14:17:31.500962Z", "modified": "2022-05-13T14:17:31.500962Z", "relationship_type": "indicates", "source_ref": "indicator--9f9af519-2cf1-441f-b23d-478fbc6d3131", "target_ref": "attack-pattern--96101400-ea41-4870-aefa-2d05deca7e60"}, {"type": "relationship", "spec_version": "2.1", "id": "relationship--fd0571a1-d54e-48e0-a632-92e55f922956", "created": "2022-05-13T14:17:31.500962Z", "modified": "2022-05-13T14:17:31.500962Z", "relationship_type": "indicates", "source_ref": "indicator--9f9af519-2cf1-441f-b23d-478fbc6d3131", "target_ref": "attack-pattern--2eb9321d-6f7e-4751-af13-e45f7940c943"}, {"type": "relationship", "spec_version": "2.1", "id": "relationship--544705b7-2423-4657-a7ac-a544bcc2203b", "created": "2022-05-13T14:17:31.500962Z", "modified": "2022-05-13T14:17:31.500962Z", "relationship_type": "indicates", "source_ref": "indicator--9f9af519-2cf1-441f-b23d-478fbc6d3131", "target_ref": "attack-pattern--008cac2f-04a7-4192-837c-eacc1c22f4c4"}, {"type": "relationship", "spec_version": "2.1", "id": "relationship--0ab709a5-4d90-469a-a532-47f0d29eb2c7", "created": "2022-05-13T14:17:31.500962Z", "modified": "2022-05-13T14:17:31.500962Z", "relationship_type": "indicates", "source_ref": "indicator--9f9af519-2cf1-441f-b23d-478fbc6d3131", "target_ref": "attack-pattern--e81b2b62-8a31-46ab-a356-8d3e6ed9acef"}, {"type": "relationship", "spec_version": "2.1", "id": "relationship--a1e2a336-df66-4060-91b7-f030689e7b3a", "created": "2022-05-13T14:17:31.500962Z", "modified": "2022-05-13T14:17:31.500962Z", "relationship_type": "indicates", "source_ref": "indicator--9f9af519-2cf1-441f-b23d-478fbc6d3131", "target_ref": "attack-pattern--32a0ff46-59da-4df3-a507-ebf85ae38e7f"}, {"type": "relationship", "spec_version": "2.1", "id": "relationship--23f2d518-d26d-4bde-94af-1c68171c25bc", "created": "2022-05-13T14:17:31.501985Z", "modified": "2022-05-13T14:17:31.501985Z", "relationship_type": "indicates", "source_ref": "indicator--9f9af519-2cf1-441f-b23d-478fbc6d3131", "target_ref": "attack-pattern--a3843d99-989d-4ed5-8d85-45909b50457d"}, {"type": "indicator", "spec_version": "2.1", "id": "indicator--f1ce3c7c-5059-4622-935a-320400312a3f", "created_by_ref": "identity--d928e23c-f801-4daf-b068-e40f9faa4d86", "created": "2022-05-13T14:17:31.501985Z", "modified": "2022-05-13T14:17:31.501985Z", "name": "Malicious IP - 149.28.137.7", "description": "Malicious IP involved with LockBit Ransomware", "pattern": "[ipv4-addr:value = '149.28.137.7']", "pattern_type": "stix", "pattern_version": "2.1", "valid_from": "2022-05-13T15:17:31.501985Z", "labels": ["malicious-activity"]}, {"type": "relationship", "spec_version": "2.1", "id": "relationship--105af8f5-fb90-4683-bc71-2ed814ac30d3", "created": "2022-05-13T14:17:31.50342Z", "modified": "2022-05-13T14:17:31.50342Z", "relationship_type": "indicates", "source_ref": "indicator--f1ce3c7c-5059-4622-935a-320400312a3f", "target_ref": "malware--70da8394-3f27-4026-8b09-e5d532bff7bf"}, {"type": "relationship", "spec_version": "2.1", "id": "relationship--acdc44b5-7e07-4f54-840d-462fc1204e94", "created": "2022-05-13T14:17:31.503954Z", "modified": "2022-05-13T14:17:31.503954Z", "relationship_type": "indicates", "source_ref": "indicator--f1ce3c7c-5059-4622-935a-320400312a3f", "target_ref": "attack-pattern--f1364f4d-3504-4ac7-a96d-feb0c5aa1dc8"}, {"type": "relationship", "spec_version": "2.1", "id": "relationship--8c56337f-5754-4fb8-bd28-775f77f07667", "created": "2022-05-13T14:17:31.503954Z", "modified": "2022-05-13T14:17:31.503954Z", "relationship_type": "indicates", "source_ref": "indicator--f1ce3c7c-5059-4622-935a-320400312a3f", "target_ref": "attack-pattern--96101400-ea41-4870-aefa-2d05deca7e60"}, {"type": "relationship", "spec_version": "2.1", "id": "relationship--5ce93eec-4335-4e79-a5f0-15defef323f7", "created": "2022-05-13T14:17:31.503954Z", "modified": "2022-05-13T14:17:31.503954Z", "relationship_type": "indicates", "source_ref": "indicator--f1ce3c7c-5059-4622-935a-320400312a3f", "target_ref": "attack-pattern--2eb9321d-6f7e-4751-af13-e45f7940c943"}, {"type": "relationship", "spec_version": "2.1", "id": "relationship--8479d48e-e538-4377-ae82-78886c5adce8", "created": "2022-05-13T14:17:31.503954Z", "modified": "2022-05-13T14:17:31.503954Z", "relationship_type": "indicates", "source_ref": "indicator--f1ce3c7c-5059-4622-935a-320400312a3f", "target_ref": "attack-pattern--008cac2f-04a7-4192-837c-eacc1c22f4c4"}, {"type": "relationship", "spec_version": "2.1", "id": "relationship--28008830-a008-4c6d-9084-912f35edd3f0", "created": "2022-05-13T14:17:31.504951Z", "modified": "2022-05-13T14:17:31.504951Z", "relationship_type": "indicates", "source_ref": "indicator--f1ce3c7c-5059-4622-935a-320400312a3f", "target_ref": "attack-pattern--e81b2b62-8a31-46ab-a356-8d3e6ed9acef"}, {"type": "relationship", "spec_version": "2.1", "id": "relationship--2acf0631-052d-45d6-bd95-f6efabb1401a", "created": "2022-05-13T14:17:31.504951Z", "modified": "2022-05-13T14:17:31.504951Z", "relationship_type": "indicates", "source_ref": "indicator--f1ce3c7c-5059-4622-935a-320400312a3f", "target_ref": "attack-pattern--32a0ff46-59da-4df3-a507-ebf85ae38e7f"}, {"type": "relationship", "spec_version": "2.1", "id": "relationship--99ce5cee-7ed7-4cf9-90e9-d2878c8c5fbd", "created": "2022-05-13T14:17:31.504951Z", "modified": "2022-05-13T14:17:31.504951Z", "relationship_type": "indicates", "source_ref": "indicator--f1ce3c7c-5059-4622-935a-320400312a3f", "target_ref": "attack-pattern--a3843d99-989d-4ed5-8d85-45909b50457d"}, {"type": "indicator", "spec_version": "2.1", "id": "indicator--fdeb1b1d-e81c-4c12-b437-ab30bd9773c5", "created_by_ref": "identity--d928e23c-f801-4daf-b068-e40f9faa4d86", "created": "2022-05-13T14:17:31.505949Z", "modified": "2022-05-13T14:17:31.505949Z", "name": "Malicious URL - http://45.32.108.54:443/VMwareXferlogs.exe", "description": "Malicious URL involved with LockBit Ransomware", "pattern": "[url:value = 'http://45.32.108.54:443/VMwareXferlogs.exe']", "pattern_type": "stix", "pattern_version": "2.1", "valid_from": "2022-05-13T15:17:31.505949Z", "labels": ["malicious-activity"]}, {"type": "relationship", "spec_version": "2.1", "id": "relationship--25f19ff5-2552-402d-977f-906d4c38ae77", "created": "2022-05-13T14:17:31.510181Z", "modified": "2022-05-13T14:17:31.510181Z", "relationship_type": "indicates", "source_ref": "indicator--fdeb1b1d-e81c-4c12-b437-ab30bd9773c5", "target_ref": "malware--70da8394-3f27-4026-8b09-e5d532bff7bf"}, {"type": "relationship", "spec_version": "2.1", "id": "relationship--647aa15f-a712-4347-9581-cb9290e490a2", "created": "2022-05-13T14:17:31.511226Z", "modified": "2022-05-13T14:17:31.511226Z", "relationship_type": "indicates", "source_ref": "indicator--fdeb1b1d-e81c-4c12-b437-ab30bd9773c5", "target_ref": "attack-pattern--f1364f4d-3504-4ac7-a96d-feb0c5aa1dc8"}, {"type": "relationship", "spec_version": "2.1", "id": "relationship--d5fa4d03-c943-496f-8085-c78c41215375", "created": "2022-05-13T14:17:31.512161Z", "modified": "2022-05-13T14:17:31.512161Z", "relationship_type": "indicates", "source_ref": "indicator--fdeb1b1d-e81c-4c12-b437-ab30bd9773c5", "target_ref": "attack-pattern--96101400-ea41-4870-aefa-2d05deca7e60"}, {"type": "relationship", "spec_version": "2.1", "id": "relationship--a543e837-f865-446e-b3d3-2c0bf1f2e757", "created": "2022-05-13T14:17:31.512161Z", "modified": "2022-05-13T14:17:31.512161Z", "relationship_type": "indicates", "source_ref": "indicator--fdeb1b1d-e81c-4c12-b437-ab30bd9773c5", "target_ref": "attack-pattern--2eb9321d-6f7e-4751-af13-e45f7940c943"}, {"type": "relationship", "spec_version": "2.1", "id": "relationship--e20a182e-8517-47eb-856b-bcfe80b295e9", "created": "2022-05-13T14:17:31.513159Z", "modified": "2022-05-13T14:17:31.513159Z", "relationship_type": "indicates", "source_ref": "indicator--fdeb1b1d-e81c-4c12-b437-ab30bd9773c5", "target_ref": "attack-pattern--008cac2f-04a7-4192-837c-eacc1c22f4c4"}, {"type": "relationship", "spec_version": "2.1", "id": "relationship--dd2c3822-0894-40fb-8fb2-11d51e753b5d", "created": "2022-05-13T14:17:31.513159Z", "modified": "2022-05-13T14:17:31.513159Z", "relationship_type": "indicates", "source_ref": "indicator--fdeb1b1d-e81c-4c12-b437-ab30bd9773c5", "target_ref": "attack-pattern--e81b2b62-8a31-46ab-a356-8d3e6ed9acef"}, {"type": "relationship", "spec_version": "2.1", "id": "relationship--74810697-dca9-4690-9464-5d2826628533", "created": "2022-05-13T14:17:31.514155Z", "modified": "2022-05-13T14:17:31.514155Z", "relationship_type": "indicates", "source_ref": "indicator--fdeb1b1d-e81c-4c12-b437-ab30bd9773c5", "target_ref": "attack-pattern--32a0ff46-59da-4df3-a507-ebf85ae38e7f"}, {"type": "relationship", "spec_version": "2.1", "id": "relationship--c7cdce52-c2fa-4139-8212-e6f3f800a4cf", "created": "2022-05-13T14:17:31.514155Z", "modified": "2022-05-13T14:17:31.514155Z", "relationship_type": "indicates", "source_ref": "indicator--fdeb1b1d-e81c-4c12-b437-ab30bd9773c5", "target_ref": "attack-pattern--a3843d99-989d-4ed5-8d85-45909b50457d"}, {"type": "indicator", "spec_version": "2.1", "id": "indicator--d8bfec51-5c8e-4149-a13f-217395dd4f9f", "created_by_ref": "identity--d928e23c-f801-4daf-b068-e40f9faa4d86", "created": "2022-05-13T14:17:31.515152Z", "modified": "2022-05-13T14:17:31.515152Z", "name": "Malicious URL - http://45.32.108.54:443/c0000015.log", "description": "Malicious URL involved with LockBit Ransomware", "pattern": "[url:value = 'http://45.32.108.54:443/c0000015.log']", "pattern_type": "stix", "pattern_version": "2.1", "valid_from": "2022-05-13T15:17:31.515152Z", "labels": ["malicious-activity"]}, {"type": "relationship", "spec_version": "2.1", "id": "relationship--c01dfb57-956a-460f-b5f4-dd347f7b8ae3", "created": "2022-05-13T14:17:31.516149Z", "modified": "2022-05-13T14:17:31.516149Z", "relationship_type": "indicates", "source_ref": "indicator--d8bfec51-5c8e-4149-a13f-217395dd4f9f", "target_ref": "malware--70da8394-3f27-4026-8b09-e5d532bff7bf"}, {"type": "relationship", "spec_version": "2.1", "id": "relationship--d01da631-3a2c-4a42-8a41-9ef9e6eb4d1e", "created": "2022-05-13T14:17:31.516768Z", "modified": "2022-05-13T14:17:31.516768Z", "relationship_type": "indicates", "source_ref": "indicator--d8bfec51-5c8e-4149-a13f-217395dd4f9f", "target_ref": "attack-pattern--f1364f4d-3504-4ac7-a96d-feb0c5aa1dc8"}, {"type": "relationship", "spec_version": "2.1", "id": "relationship--54ea3bed-a74c-4bdf-9c89-e861b0e2f305", "created": "2022-05-13T14:17:31.517146Z", "modified": "2022-05-13T14:17:31.517146Z", "relationship_type": "indicates", "source_ref": "indicator--d8bfec51-5c8e-4149-a13f-217395dd4f9f", "target_ref": "attack-pattern--96101400-ea41-4870-aefa-2d05deca7e60"}, {"type": "relationship", "spec_version": "2.1", "id": "relationship--74295b70-f4bf-4cea-bd00-af305bdce12d", "created": "2022-05-13T14:17:31.517267Z", "modified": "2022-05-13T14:17:31.517267Z", "relationship_type": "indicates", "source_ref": "indicator--d8bfec51-5c8e-4149-a13f-217395dd4f9f", "target_ref": "attack-pattern--2eb9321d-6f7e-4751-af13-e45f7940c943"}, {"type": "relationship", "spec_version": "2.1", "id": "relationship--20997ee0-d147-4f11-936d-1059cbfedf2e", "created": "2022-05-13T14:17:31.517267Z", "modified": "2022-05-13T14:17:31.517267Z", "relationship_type": "indicates", "source_ref": "indicator--d8bfec51-5c8e-4149-a13f-217395dd4f9f", "target_ref": "attack-pattern--008cac2f-04a7-4192-837c-eacc1c22f4c4"}, {"type": "relationship", "spec_version": "2.1", "id": "relationship--f18f8017-dd50-4e10-914e-75e2562093d8", "created": "2022-05-13T14:17:31.517267Z", "modified": "2022-05-13T14:17:31.517267Z", "relationship_type": "indicates", "source_ref": "indicator--d8bfec51-5c8e-4149-a13f-217395dd4f9f", "target_ref": "attack-pattern--e81b2b62-8a31-46ab-a356-8d3e6ed9acef"}, {"type": "relationship", "spec_version": "2.1", "id": "relationship--41ad60e1-3eb5-491d-b49a-a4c4d6e233c4", "created": "2022-05-13T14:17:31.518144Z", "modified": "2022-05-13T14:17:31.518144Z", "relationship_type": "indicates", "source_ref": "indicator--d8bfec51-5c8e-4149-a13f-217395dd4f9f", "target_ref": "attack-pattern--32a0ff46-59da-4df3-a507-ebf85ae38e7f"}, {"type": "relationship", "spec_version": "2.1", "id": "relationship--95a8eb46-b0a9-4d73-8fde-ec80b20d70cc", "created": "2022-05-13T14:17:31.518176Z", "modified": "2022-05-13T14:17:31.518176Z", "relationship_type": "indicates", "source_ref": "indicator--d8bfec51-5c8e-4149-a13f-217395dd4f9f", "target_ref": "attack-pattern--a3843d99-989d-4ed5-8d85-45909b50457d"}, {"type": "indicator", "spec_version": "2.1", "id": "indicator--7663f6ac-d59d-4e0f-8e0f-ec91367cc57e", "created_by_ref": "identity--d928e23c-f801-4daf-b068-e40f9faa4d86", "created": "2022-05-13T14:17:31.518696Z", "modified": "2022-05-13T14:17:31.518696Z", "name": "Malicious URL - http://45.32.108.54:443/glib-2.0.dll", "description": "Malicious URL involved with LockBit Ransomware", "pattern": "[url:value = 'http://45.32.108.54:443/glib-2.0.dll']", "pattern_type": "stix", "pattern_version": "2.1", "valid_from": "2022-05-13T15:17:31.518696Z", "labels": ["malicious-activity"]}, {"type": "relationship", "spec_version": "2.1", "id": "relationship--2fd93d71-9032-4956-8d57-a865bd5a51f1", "created": "2022-05-13T14:17:31.519681Z", "modified": "2022-05-13T14:17:31.519681Z", "relationship_type": "indicates", "source_ref": "indicator--7663f6ac-d59d-4e0f-8e0f-ec91367cc57e", "target_ref": "malware--70da8394-3f27-4026-8b09-e5d532bff7bf"}, {"type": "relationship", "spec_version": "2.1", "id": "relationship--cb8791be-85c0-4873-99c2-5733a851766c", "created": "2022-05-13T14:17:31.519681Z", "modified": "2022-05-13T14:17:31.519681Z", "relationship_type": "indicates", "source_ref": "indicator--7663f6ac-d59d-4e0f-8e0f-ec91367cc57e", "target_ref": "attack-pattern--f1364f4d-3504-4ac7-a96d-feb0c5aa1dc8"}, {"type": "relationship", "spec_version": "2.1", "id": "relationship--5f124fe2-cf8f-4949-8115-3006943c598d", "created": "2022-05-13T14:17:31.520678Z", "modified": "2022-05-13T14:17:31.520678Z", "relationship_type": "indicates", "source_ref": "indicator--7663f6ac-d59d-4e0f-8e0f-ec91367cc57e", "target_ref": "attack-pattern--96101400-ea41-4870-aefa-2d05deca7e60"}, {"type": "relationship", "spec_version": "2.1", "id": "relationship--4e448f60-f487-4b88-845f-c26293dce9db", "created": "2022-05-13T14:17:31.520678Z", "modified": "2022-05-13T14:17:31.520678Z", "relationship_type": "indicates", "source_ref": "indicator--7663f6ac-d59d-4e0f-8e0f-ec91367cc57e", "target_ref": "attack-pattern--2eb9321d-6f7e-4751-af13-e45f7940c943"}, {"type": "relationship", "spec_version": "2.1", "id": "relationship--ccdaab0e-6fdb-4e34-82c0-a360920baff3", "created": "2022-05-13T14:17:31.520678Z", "modified": "2022-05-13T14:17:31.520678Z", "relationship_type": "indicates", "source_ref": "indicator--7663f6ac-d59d-4e0f-8e0f-ec91367cc57e", "target_ref": "attack-pattern--008cac2f-04a7-4192-837c-eacc1c22f4c4"}, {"type": "relationship", "spec_version": "2.1", "id": "relationship--20e82857-a299-49cf-bb3a-f8c09f68ff6c", "created": "2022-05-13T14:17:31.521676Z", "modified": "2022-05-13T14:17:31.521676Z", "relationship_type": "indicates", "source_ref": "indicator--7663f6ac-d59d-4e0f-8e0f-ec91367cc57e", "target_ref": "attack-pattern--e81b2b62-8a31-46ab-a356-8d3e6ed9acef"}, {"type": "relationship", "spec_version": "2.1", "id": "relationship--73e61d72-5665-4882-be79-a38a2694189b", "created": "2022-05-13T14:17:31.521676Z", "modified": "2022-05-13T14:17:31.521676Z", "relationship_type": "indicates", "source_ref": "indicator--7663f6ac-d59d-4e0f-8e0f-ec91367cc57e", "target_ref": "attack-pattern--32a0ff46-59da-4df3-a507-ebf85ae38e7f"}, {"type": "relationship", "spec_version": "2.1", "id": "relationship--8b0f8cb3-09a4-4a2c-a644-571346ee9c73", "created": "2022-05-13T14:17:31.521676Z", "modified": "2022-05-13T14:17:31.521676Z", "relationship_type": "indicates", "source_ref": "indicator--7663f6ac-d59d-4e0f-8e0f-ec91367cc57e", "target_ref": "attack-pattern--a3843d99-989d-4ed5-8d85-45909b50457d"}]}