{"type": "bundle", "id": "bundle--ea0ab3d6-f6bc-487a-bbd8-f0b3aee52efe", "objects": [{"type": "identity", "spec_version": "2.1", "id": "identity--86acc879-ea56-4690-ad5e-c0c6817ef05d", "created": "2022-05-13T14:18:36.137981Z", "modified": "2022-05-13T14:18:36.137981Z", "name": "Bournemouth University CERT"}, {"type": "malware", "spec_version": "2.1", "id": "malware--136e8e98-04d8-427f-8d54-f85362aa9a9e", "created": "2022-05-13T14:18:36.139Z", "modified": "2022-05-13T14:18:36.139Z", "name": "Quantum Ransomware", "description": "QuantumLocker ransomware IoCs", "is_family": false}, {"type": "attack-pattern", "spec_version": "2.1", "id": "attack-pattern--6b42348c-d58f-4c54-9cd3-a10e2acdb5ea", "created": "2022-05-13T14:18:36.139Z", "modified": "2022-05-13T14:18:36.139Z", "name": "T1140", "external_references": [{"source_name": "mitre-attack", "url": "https://attack.mitre.org/techniques/T1140/", "external_id": "T1140"}]}, {"type": "attack-pattern", "spec_version": "2.1", "id": "attack-pattern--0bfe5a0d-43c5-4472-9fc0-0076e18be490", "created": "2022-05-13T14:18:36.140511Z", "modified": "2022-05-13T14:18:36.140511Z", "name": "T1471", "external_references": [{"source_name": "mitre-attack", "url": "https://attack.mitre.org/techniques/T1471/", "external_id": "T1471"}]}, {"type": "attack-pattern", "spec_version": "2.1", "id": "attack-pattern--b0fa3b37-386e-4a62-91a6-3f9112ecaf6e", "created": "2022-05-13T14:18:36.141Z", "modified": "2022-05-13T14:18:36.141Z", "name": "T1119", "external_references": [{"source_name": "mitre-attack", "url": "https://attack.mitre.org/techniques/T1119/", "external_id": "T1119"}]}, {"type": "attack-pattern", "spec_version": "2.1", "id": "attack-pattern--f13c126c-c915-4d02-ab2d-6558aaba50d5", "created": "2022-05-13T14:18:36.141Z", "modified": "2022-05-13T14:18:36.141Z", "name": "T1036", "external_references": [{"source_name": "mitre-attack", "url": "https://attack.mitre.org/techniques/T1036/", "external_id": "T1036"}]}, {"type": "indicator", "spec_version": "2.1", "id": "indicator--499bd6ae-0a50-4242-8abb-1f39c7e99de2", "created_by_ref": "identity--86acc879-ea56-4690-ad5e-c0c6817ef05d", "created": "2022-05-13T14:18:36.141423Z", "modified": "2022-05-13T14:18:36.141423Z", "name": "Malicious IP - 188.166.154.118", "description": "Malicious IP involved with Quantum Ransomware", "pattern": "[ipv4-addr:value = '188.166.154.118']", "pattern_type": "stix", "pattern_version": "2.1", "valid_from": "2022-05-13T15:18:36.141423Z", "labels": ["malicious-activity"]}, {"type": "relationship", "spec_version": "2.1", "id": "relationship--fdb7475b-4968-4982-9e40-ab73ba997da2", "created": "2022-05-13T14:18:36.195213Z", "modified": "2022-05-13T14:18:36.195213Z", "relationship_type": "indicates", "source_ref": "indicator--499bd6ae-0a50-4242-8abb-1f39c7e99de2", "target_ref": "malware--136e8e98-04d8-427f-8d54-f85362aa9a9e"}, {"type": "relationship", "spec_version": "2.1", "id": "relationship--7a316508-afb0-4069-930d-57ffaad04617", "created": "2022-05-13T14:18:36.196211Z", "modified": "2022-05-13T14:18:36.196211Z", "relationship_type": "indicates", "source_ref": "indicator--499bd6ae-0a50-4242-8abb-1f39c7e99de2", "target_ref": "attack-pattern--6b42348c-d58f-4c54-9cd3-a10e2acdb5ea"}, {"type": "relationship", "spec_version": "2.1", "id": "relationship--e621eed7-6719-4d12-b574-ddb4df75d145", "created": "2022-05-13T14:18:36.197208Z", "modified": "2022-05-13T14:18:36.197208Z", "relationship_type": "indicates", "source_ref": "indicator--499bd6ae-0a50-4242-8abb-1f39c7e99de2", "target_ref": "attack-pattern--0bfe5a0d-43c5-4472-9fc0-0076e18be490"}, {"type": "relationship", "spec_version": "2.1", "id": "relationship--6767c296-a12f-43f1-add0-de386d9f8404", "created": "2022-05-13T14:18:36.197208Z", "modified": "2022-05-13T14:18:36.197208Z", "relationship_type": "indicates", "source_ref": "indicator--499bd6ae-0a50-4242-8abb-1f39c7e99de2", "target_ref": "attack-pattern--b0fa3b37-386e-4a62-91a6-3f9112ecaf6e"}, {"type": "relationship", "spec_version": "2.1", "id": "relationship--a5fee5b9-e6ee-4c7f-9b25-83c0f575740b", "created": "2022-05-13T14:18:36.198206Z", "modified": "2022-05-13T14:18:36.198206Z", "relationship_type": "indicates", "source_ref": "indicator--499bd6ae-0a50-4242-8abb-1f39c7e99de2", "target_ref": "attack-pattern--f13c126c-c915-4d02-ab2d-6558aaba50d5"}, {"type": "indicator", "spec_version": "2.1", "id": "indicator--e6d23f4f-5c44-487a-9335-89bbc8838e95", "created_by_ref": "identity--86acc879-ea56-4690-ad5e-c0c6817ef05d", "created": "2022-05-13T14:18:36.201086Z", "modified": "2022-05-13T14:18:36.201086Z", "name": "Malicious domain - oceriesfornot.top", "description": "Malicious domain involved with Quantum Ransomware", "pattern": "[domain-name:value = 'oceriesfornot.top']", "pattern_type": "stix", "pattern_version": "2.1", "valid_from": "2022-05-13T15:18:36.201086Z", "labels": ["malicious-activity"]}, {"type": "relationship", "spec_version": "2.1", "id": "relationship--0316cb80-3ca0-42b0-8db0-924af29f0a7a", "created": "2022-05-13T14:18:36.207067Z", "modified": "2022-05-13T14:18:36.207067Z", "relationship_type": "indicates", "source_ref": "indicator--e6d23f4f-5c44-487a-9335-89bbc8838e95", "target_ref": "malware--136e8e98-04d8-427f-8d54-f85362aa9a9e"}, {"type": "relationship", "spec_version": "2.1", "id": "relationship--55088786-468e-47f4-b247-c41b789de9d9", "created": "2022-05-13T14:18:36.207067Z", "modified": "2022-05-13T14:18:36.207067Z", "relationship_type": "indicates", "source_ref": "indicator--e6d23f4f-5c44-487a-9335-89bbc8838e95", "target_ref": "attack-pattern--6b42348c-d58f-4c54-9cd3-a10e2acdb5ea"}, {"type": "relationship", "spec_version": "2.1", "id": "relationship--ebeb5401-7046-40e9-ac0d-131b518e8230", "created": "2022-05-13T14:18:36.208065Z", "modified": "2022-05-13T14:18:36.208065Z", "relationship_type": "indicates", "source_ref": "indicator--e6d23f4f-5c44-487a-9335-89bbc8838e95", "target_ref": "attack-pattern--0bfe5a0d-43c5-4472-9fc0-0076e18be490"}, {"type": "relationship", "spec_version": "2.1", "id": "relationship--cb1bd53c-dc67-4199-8ea9-b22f181f03d4", "created": "2022-05-13T14:18:36.208065Z", "modified": "2022-05-13T14:18:36.208065Z", "relationship_type": "indicates", "source_ref": "indicator--e6d23f4f-5c44-487a-9335-89bbc8838e95", "target_ref": "attack-pattern--b0fa3b37-386e-4a62-91a6-3f9112ecaf6e"}, {"type": "relationship", "spec_version": "2.1", "id": "relationship--a1e0fd58-4189-4d2c-a568-8e21d7d81d34", "created": "2022-05-13T14:18:36.209062Z", "modified": "2022-05-13T14:18:36.209062Z", "relationship_type": "indicates", "source_ref": "indicator--e6d23f4f-5c44-487a-9335-89bbc8838e95", "target_ref": "attack-pattern--f13c126c-c915-4d02-ab2d-6558aaba50d5"}, {"type": "indicator", "spec_version": "2.1", "id": "indicator--1de87615-a2a0-4006-bd4e-866eed71e9dc", "created_by_ref": "identity--86acc879-ea56-4690-ad5e-c0c6817ef05d", "created": "2022-05-13T14:18:36.209062Z", "modified": "2022-05-13T14:18:36.209062Z", "name": "Malicious MD5 - 0706764b3963df092079d3bdef787a1f", "description": "Malicious MD5 involved with Quantum Ransomware", "pattern": "[file:hashes.MD5 = '0706764b3963df092079d3bdef787a1f']", "pattern_type": "stix", "pattern_version": "2.1", "valid_from": "2022-05-13T15:18:36.209062Z", "labels": ["malicious-activity"]}, {"type": "relationship", "spec_version": "2.1", "id": "relationship--75a743de-ba2f-4555-a11e-c7e26a33458d", "created": "2022-05-13T14:18:36.219562Z", "modified": "2022-05-13T14:18:36.219562Z", "relationship_type": "indicates", "source_ref": "indicator--1de87615-a2a0-4006-bd4e-866eed71e9dc", "target_ref": "malware--136e8e98-04d8-427f-8d54-f85362aa9a9e"}, {"type": "relationship", "spec_version": "2.1", "id": "relationship--8ad98754-d86a-48b7-9470-676bb3c9c8ea", "created": "2022-05-13T14:18:36.219562Z", "modified": "2022-05-13T14:18:36.219562Z", "relationship_type": "indicates", "source_ref": "indicator--1de87615-a2a0-4006-bd4e-866eed71e9dc", "target_ref": "attack-pattern--6b42348c-d58f-4c54-9cd3-a10e2acdb5ea"}, {"type": "relationship", "spec_version": "2.1", "id": "relationship--8f402798-52a2-4eae-bba5-56c299b22ac5", "created": "2022-05-13T14:18:36.219562Z", "modified": "2022-05-13T14:18:36.219562Z", "relationship_type": "indicates", "source_ref": "indicator--1de87615-a2a0-4006-bd4e-866eed71e9dc", "target_ref": "attack-pattern--0bfe5a0d-43c5-4472-9fc0-0076e18be490"}, {"type": "relationship", "spec_version": "2.1", "id": "relationship--7841fb26-7aef-4196-9a98-787241460a57", "created": "2022-05-13T14:18:36.219562Z", "modified": "2022-05-13T14:18:36.219562Z", "relationship_type": "indicates", "source_ref": "indicator--1de87615-a2a0-4006-bd4e-866eed71e9dc", "target_ref": "attack-pattern--b0fa3b37-386e-4a62-91a6-3f9112ecaf6e"}, {"type": "relationship", "spec_version": "2.1", "id": "relationship--d5642b85-363a-443a-b93c-5a6f2c77ef34", "created": "2022-05-13T14:18:36.220671Z", "modified": "2022-05-13T14:18:36.220671Z", "relationship_type": "indicates", "source_ref": "indicator--1de87615-a2a0-4006-bd4e-866eed71e9dc", "target_ref": "attack-pattern--f13c126c-c915-4d02-ab2d-6558aaba50d5"}, {"type": "indicator", "spec_version": "2.1", "id": "indicator--f29a2c76-aba7-4163-9636-e0136f35fd1a", "created_by_ref": "identity--86acc879-ea56-4690-ad5e-c0c6817ef05d", "created": "2022-05-13T14:18:36.220671Z", "modified": "2022-05-13T14:18:36.220671Z", "name": "Malicious MD5 - 1ac3f71feece118a03c9e23af063f6d1", "description": "Malicious MD5 involved with Quantum Ransomware", "pattern": "[file:hashes.MD5 = '1ac3f71feece118a03c9e23af063f6d1']", "pattern_type": "stix", "pattern_version": "2.1", "valid_from": "2022-05-13T15:18:36.220671Z", "labels": ["malicious-activity"]}, {"type": "relationship", "spec_version": "2.1", "id": "relationship--c2267f50-ecf0-4e45-b935-bd8dd8b58b92", "created": "2022-05-13T14:18:36.22355Z", "modified": "2022-05-13T14:18:36.22355Z", "relationship_type": "indicates", "source_ref": "indicator--f29a2c76-aba7-4163-9636-e0136f35fd1a", "target_ref": "malware--136e8e98-04d8-427f-8d54-f85362aa9a9e"}, {"type": "relationship", "spec_version": "2.1", "id": "relationship--21f8e97b-7b00-464c-b5a7-4fbba3298290", "created": "2022-05-13T14:18:36.224357Z", "modified": "2022-05-13T14:18:36.224357Z", "relationship_type": "indicates", "source_ref": "indicator--f29a2c76-aba7-4163-9636-e0136f35fd1a", "target_ref": "attack-pattern--6b42348c-d58f-4c54-9cd3-a10e2acdb5ea"}, {"type": "relationship", "spec_version": "2.1", "id": "relationship--ce712e9c-b7e2-4b3f-9a01-590595a59c5c", "created": "2022-05-13T14:18:36.224547Z", "modified": "2022-05-13T14:18:36.224547Z", "relationship_type": "indicates", "source_ref": "indicator--f29a2c76-aba7-4163-9636-e0136f35fd1a", "target_ref": "attack-pattern--0bfe5a0d-43c5-4472-9fc0-0076e18be490"}, {"type": "relationship", "spec_version": "2.1", "id": "relationship--9a82cf35-0784-42e9-a72a-d2870cab7636", "created": "2022-05-13T14:18:36.224547Z", "modified": "2022-05-13T14:18:36.224547Z", "relationship_type": "indicates", "source_ref": "indicator--f29a2c76-aba7-4163-9636-e0136f35fd1a", "target_ref": "attack-pattern--b0fa3b37-386e-4a62-91a6-3f9112ecaf6e"}, {"type": "relationship", "spec_version": "2.1", "id": "relationship--997e5056-5b2d-4f64-b351-b7fe0bd96330", "created": "2022-05-13T14:18:36.225545Z", "modified": "2022-05-13T14:18:36.225545Z", "relationship_type": "indicates", "source_ref": "indicator--f29a2c76-aba7-4163-9636-e0136f35fd1a", "target_ref": "attack-pattern--f13c126c-c915-4d02-ab2d-6558aaba50d5"}, {"type": "indicator", "spec_version": "2.1", "id": "indicator--5f64322a-a00b-4770-9d0f-34de338c0f2e", "created_by_ref": "identity--86acc879-ea56-4690-ad5e-c0c6817ef05d", "created": "2022-05-13T14:18:36.225545Z", "modified": "2022-05-13T14:18:36.225545Z", "name": "Malicious MD5 - e051009b12b37c7ee16e810c135f1fef", "description": "Malicious MD5 involved with Quantum Ransomware", "pattern": "[file:hashes.MD5 = 'e051009b12b37c7ee16e810c135f1fef']", "pattern_type": "stix", "pattern_version": "2.1", "valid_from": "2022-05-13T15:18:36.225545Z", "labels": ["malicious-activity"]}, {"type": "relationship", "spec_version": "2.1", "id": "relationship--3d9d4ff0-5a3d-4654-8e8e-418c37c8320b", "created": "2022-05-13T14:18:36.227539Z", "modified": "2022-05-13T14:18:36.227539Z", "relationship_type": "indicates", "source_ref": "indicator--5f64322a-a00b-4770-9d0f-34de338c0f2e", "target_ref": "malware--136e8e98-04d8-427f-8d54-f85362aa9a9e"}, {"type": "relationship", "spec_version": "2.1", "id": "relationship--5e14818c-cf25-4e60-a0e6-c9bb61d5d1ef", "created": "2022-05-13T14:18:36.228564Z", "modified": "2022-05-13T14:18:36.228564Z", "relationship_type": "indicates", "source_ref": "indicator--5f64322a-a00b-4770-9d0f-34de338c0f2e", "target_ref": "attack-pattern--6b42348c-d58f-4c54-9cd3-a10e2acdb5ea"}, {"type": "relationship", "spec_version": "2.1", "id": "relationship--7e29543f-260c-46f2-b080-42b11757183d", "created": "2022-05-13T14:18:36.229078Z", "modified": "2022-05-13T14:18:36.229078Z", "relationship_type": "indicates", "source_ref": "indicator--5f64322a-a00b-4770-9d0f-34de338c0f2e", "target_ref": "attack-pattern--0bfe5a0d-43c5-4472-9fc0-0076e18be490"}, {"type": "relationship", "spec_version": "2.1", "id": "relationship--43d710a7-e93c-4a7e-b034-ab18ff552283", "created": "2022-05-13T14:18:36.229078Z", "modified": "2022-05-13T14:18:36.229078Z", "relationship_type": "indicates", "source_ref": "indicator--5f64322a-a00b-4770-9d0f-34de338c0f2e", "target_ref": "attack-pattern--b0fa3b37-386e-4a62-91a6-3f9112ecaf6e"}, {"type": "relationship", "spec_version": "2.1", "id": "relationship--83c1468d-da55-43db-952c-182201f30b92", "created": "2022-05-13T14:18:36.230068Z", "modified": "2022-05-13T14:18:36.230068Z", "relationship_type": "indicates", "source_ref": "indicator--5f64322a-a00b-4770-9d0f-34de338c0f2e", "target_ref": "attack-pattern--f13c126c-c915-4d02-ab2d-6558aaba50d5"}, {"type": "indicator", "spec_version": "2.1", "id": "indicator--98c73f62-bc8a-4543-b55e-d96fe59ddaef", "created_by_ref": "identity--86acc879-ea56-4690-ad5e-c0c6817ef05d", "created": "2022-05-13T14:18:36.230666Z", "modified": "2022-05-13T14:18:36.230666Z", "name": "Malicious SHA1 - 415b27cd03d3d701a202924c26d25410ea0974d7", "description": "Malicious SHA1 involved with Quantum Ransomware", "pattern": "[file:hashes.'SHA-1' = '415b27cd03d3d701a202924c26d25410ea0974d7']", "pattern_type": "stix", "pattern_version": "2.1", "valid_from": "2022-05-13T15:18:36.230666Z", "labels": ["malicious-activity"]}, {"type": "relationship", "spec_version": "2.1", "id": "relationship--86a63edd-afa5-4ff7-89c9-56aa16c96928", "created": "2022-05-13T14:18:36.236054Z", "modified": "2022-05-13T14:18:36.236054Z", "relationship_type": "indicates", "source_ref": "indicator--98c73f62-bc8a-4543-b55e-d96fe59ddaef", "target_ref": "malware--136e8e98-04d8-427f-8d54-f85362aa9a9e"}, {"type": "relationship", "spec_version": "2.1", "id": "relationship--b2df4daa-a888-4b9a-8219-16c60c595291", "created": "2022-05-13T14:18:36.236054Z", "modified": "2022-05-13T14:18:36.236054Z", "relationship_type": "indicates", "source_ref": "indicator--98c73f62-bc8a-4543-b55e-d96fe59ddaef", "target_ref": "attack-pattern--6b42348c-d58f-4c54-9cd3-a10e2acdb5ea"}, {"type": "relationship", "spec_version": "2.1", "id": "relationship--a96ccf16-75ca-4b1d-91fa-393c1a615cc6", "created": "2022-05-13T14:18:36.236802Z", "modified": "2022-05-13T14:18:36.236802Z", "relationship_type": "indicates", "source_ref": "indicator--98c73f62-bc8a-4543-b55e-d96fe59ddaef", "target_ref": "attack-pattern--0bfe5a0d-43c5-4472-9fc0-0076e18be490"}, {"type": "relationship", "spec_version": "2.1", "id": "relationship--1c4de6e3-fc8d-4305-bdaf-58b971aa87e6", "created": "2022-05-13T14:18:36.23705Z", "modified": "2022-05-13T14:18:36.23705Z", "relationship_type": "indicates", "source_ref": "indicator--98c73f62-bc8a-4543-b55e-d96fe59ddaef", "target_ref": "attack-pattern--b0fa3b37-386e-4a62-91a6-3f9112ecaf6e"}, {"type": "relationship", "spec_version": "2.1", "id": "relationship--bd443aef-eeed-4c29-b6e9-fa6c04616de3", "created": "2022-05-13T14:18:36.23705Z", "modified": "2022-05-13T14:18:36.23705Z", "relationship_type": "indicates", "source_ref": "indicator--98c73f62-bc8a-4543-b55e-d96fe59ddaef", "target_ref": "attack-pattern--f13c126c-c915-4d02-ab2d-6558aaba50d5"}, {"type": "indicator", "spec_version": "2.1", "id": "indicator--3d22bc68-1bdc-4bdf-9bd5-2a697e65ba5e", "created_by_ref": "identity--86acc879-ea56-4690-ad5e-c0c6817ef05d", "created": "2022-05-13T14:18:36.238049Z", "modified": "2022-05-13T14:18:36.238049Z", "name": "Malicious SHA1 - 73c2460d59f3d0637523ca6d35425aae14358ba1", "description": "Malicious SHA1 involved with Quantum Ransomware", "pattern": "[file:hashes.'SHA-1' = '73c2460d59f3d0637523ca6d35425aae14358ba1']", "pattern_type": "stix", "pattern_version": "2.1", "valid_from": "2022-05-13T15:18:36.238049Z", "labels": ["malicious-activity"]}, {"type": "relationship", "spec_version": "2.1", "id": "relationship--45962e03-534c-42a1-95f2-c963a4153f81", "created": "2022-05-13T14:18:36.24007Z", "modified": "2022-05-13T14:18:36.24007Z", "relationship_type": "indicates", "source_ref": "indicator--3d22bc68-1bdc-4bdf-9bd5-2a697e65ba5e", "target_ref": "malware--136e8e98-04d8-427f-8d54-f85362aa9a9e"}, {"type": "relationship", "spec_version": "2.1", "id": "relationship--da8a3b23-3252-4dd4-9fdb-ebca148e64a9", "created": "2022-05-13T14:18:36.240472Z", "modified": "2022-05-13T14:18:36.240472Z", "relationship_type": "indicates", "source_ref": "indicator--3d22bc68-1bdc-4bdf-9bd5-2a697e65ba5e", "target_ref": "attack-pattern--6b42348c-d58f-4c54-9cd3-a10e2acdb5ea"}, {"type": "relationship", "spec_version": "2.1", "id": "relationship--1c2e4e67-134e-4d31-9aab-f618f1473343", "created": "2022-05-13T14:18:36.241068Z", "modified": "2022-05-13T14:18:36.241068Z", "relationship_type": "indicates", "source_ref": "indicator--3d22bc68-1bdc-4bdf-9bd5-2a697e65ba5e", "target_ref": "attack-pattern--0bfe5a0d-43c5-4472-9fc0-0076e18be490"}, {"type": "relationship", "spec_version": "2.1", "id": "relationship--e5827b1a-98ab-441c-9d9b-a8bc484d2f10", "created": "2022-05-13T14:18:36.242065Z", "modified": "2022-05-13T14:18:36.242065Z", "relationship_type": "indicates", "source_ref": "indicator--3d22bc68-1bdc-4bdf-9bd5-2a697e65ba5e", "target_ref": "attack-pattern--b0fa3b37-386e-4a62-91a6-3f9112ecaf6e"}, {"type": "relationship", "spec_version": "2.1", "id": "relationship--e6f677de-c4c5-400c-928d-831af6666afb", "created": "2022-05-13T14:18:36.242065Z", "modified": "2022-05-13T14:18:36.242065Z", "relationship_type": "indicates", "source_ref": "indicator--3d22bc68-1bdc-4bdf-9bd5-2a697e65ba5e", "target_ref": "attack-pattern--f13c126c-c915-4d02-ab2d-6558aaba50d5"}, {"type": "indicator", "spec_version": "2.1", "id": "indicator--9877a274-8d32-447f-b3e4-d396439aa891", "created_by_ref": "identity--86acc879-ea56-4690-ad5e-c0c6817ef05d", "created": "2022-05-13T14:18:36.243062Z", "modified": "2022-05-13T14:18:36.243062Z", "name": "Malicious SHA1 - bbc3979075e0574e54a5ead497fcba95fcc78fc0", "description": "Malicious SHA1 involved with Quantum Ransomware", "pattern": "[file:hashes.'SHA-1' = 'bbc3979075e0574e54a5ead497fcba95fcc78fc0']", "pattern_type": "stix", "pattern_version": "2.1", "valid_from": "2022-05-13T15:18:36.243062Z", "labels": ["malicious-activity"]}, {"type": "relationship", "spec_version": "2.1", "id": "relationship--05ab19cc-e895-4532-998f-ecd3cbff70bf", "created": "2022-05-13T14:18:36.246055Z", "modified": "2022-05-13T14:18:36.246055Z", "relationship_type": "indicates", "source_ref": "indicator--9877a274-8d32-447f-b3e4-d396439aa891", "target_ref": "malware--136e8e98-04d8-427f-8d54-f85362aa9a9e"}, {"type": "relationship", "spec_version": "2.1", "id": "relationship--db8933d5-f3e2-4676-9654-787679170ccf", "created": "2022-05-13T14:18:36.247051Z", "modified": "2022-05-13T14:18:36.247051Z", "relationship_type": "indicates", "source_ref": "indicator--9877a274-8d32-447f-b3e4-d396439aa891", "target_ref": "attack-pattern--6b42348c-d58f-4c54-9cd3-a10e2acdb5ea"}, {"type": "relationship", "spec_version": "2.1", "id": "relationship--05045a5e-e93c-4dee-8f48-a80d3dd596ae", "created": "2022-05-13T14:18:36.247051Z", "modified": "2022-05-13T14:18:36.247051Z", "relationship_type": "indicates", "source_ref": "indicator--9877a274-8d32-447f-b3e4-d396439aa891", "target_ref": "attack-pattern--0bfe5a0d-43c5-4472-9fc0-0076e18be490"}, {"type": "relationship", "spec_version": "2.1", "id": "relationship--5cd3412e-c7dd-4269-9bd8-b8f6fbeb41e4", "created": "2022-05-13T14:18:36.248051Z", "modified": "2022-05-13T14:18:36.248051Z", "relationship_type": "indicates", "source_ref": "indicator--9877a274-8d32-447f-b3e4-d396439aa891", "target_ref": "attack-pattern--b0fa3b37-386e-4a62-91a6-3f9112ecaf6e"}, {"type": "relationship", "spec_version": "2.1", "id": "relationship--1ba468aa-57e7-4a6e-a22e-fc3e5d34ceef", "created": "2022-05-13T14:18:36.248051Z", "modified": "2022-05-13T14:18:36.248051Z", "relationship_type": "indicates", "source_ref": "indicator--9877a274-8d32-447f-b3e4-d396439aa891", "target_ref": "attack-pattern--f13c126c-c915-4d02-ab2d-6558aaba50d5"}, {"type": "indicator", "spec_version": "2.1", "id": "indicator--bc5bc1ec-ccdc-4e2c-97ad-3147e148c414", "created_by_ref": "identity--86acc879-ea56-4690-ad5e-c0c6817ef05d", "created": "2022-05-13T14:18:36.249046Z", "modified": "2022-05-13T14:18:36.249046Z", "name": "Malicious SHA256 - 0789a9c0a0d4f3422cb4e9b8e64f1ba92f7b88e2edfd14b7b9a7f5eee5135a4f", "description": "Malicious SHA256 involved with Quantum Ransomware", "pattern": "[file:hashes.'SHA-256' = '0789a9c0a0d4f3422cb4e9b8e64f1ba92f7b88e2edfd14b7b9a7f5eee5135a4f']", "pattern_type": "stix", "pattern_version": "2.1", "valid_from": "2022-05-13T15:18:36.249046Z", "labels": ["malicious-activity"]}, {"type": "relationship", "spec_version": "2.1", "id": "relationship--17424df7-2532-45cd-b389-b397d752d13a", "created": "2022-05-13T14:18:36.253038Z", "modified": "2022-05-13T14:18:36.253038Z", "relationship_type": "indicates", "source_ref": "indicator--bc5bc1ec-ccdc-4e2c-97ad-3147e148c414", "target_ref": "malware--136e8e98-04d8-427f-8d54-f85362aa9a9e"}, {"type": "relationship", "spec_version": "2.1", "id": "relationship--918fcc6c-60b0-4094-81b5-e5763ce58787", "created": "2022-05-13T14:18:36.253038Z", "modified": "2022-05-13T14:18:36.253038Z", "relationship_type": "indicates", "source_ref": "indicator--bc5bc1ec-ccdc-4e2c-97ad-3147e148c414", "target_ref": "attack-pattern--6b42348c-d58f-4c54-9cd3-a10e2acdb5ea"}, {"type": "relationship", "spec_version": "2.1", "id": "relationship--04364dbe-7caa-4bb5-ba1c-f7f0b6aefa14", "created": "2022-05-13T14:18:36.254034Z", "modified": "2022-05-13T14:18:36.254034Z", "relationship_type": "indicates", "source_ref": "indicator--bc5bc1ec-ccdc-4e2c-97ad-3147e148c414", "target_ref": "attack-pattern--0bfe5a0d-43c5-4472-9fc0-0076e18be490"}, {"type": "relationship", "spec_version": "2.1", "id": "relationship--95785aef-5338-48cf-90f4-90612fa21d5f", "created": "2022-05-13T14:18:36.255031Z", "modified": "2022-05-13T14:18:36.255031Z", "relationship_type": "indicates", "source_ref": "indicator--bc5bc1ec-ccdc-4e2c-97ad-3147e148c414", "target_ref": "attack-pattern--b0fa3b37-386e-4a62-91a6-3f9112ecaf6e"}, {"type": "relationship", "spec_version": "2.1", "id": "relationship--fd0ff7a2-d6e5-4ca7-9757-11a9a8fb3f4c", "created": "2022-05-13T14:18:36.255031Z", "modified": "2022-05-13T14:18:36.255031Z", "relationship_type": "indicates", "source_ref": "indicator--bc5bc1ec-ccdc-4e2c-97ad-3147e148c414", "target_ref": "attack-pattern--f13c126c-c915-4d02-ab2d-6558aaba50d5"}, {"type": "indicator", "spec_version": "2.1", "id": "indicator--3629b966-e8d5-4647-be56-6dcfddec08f8", "created_by_ref": "identity--86acc879-ea56-4690-ad5e-c0c6817ef05d", "created": "2022-05-13T14:18:36.256029Z", "modified": "2022-05-13T14:18:36.256029Z", "name": "Malicious SHA256 - 0f3bb820adf6d3bba54988ef40d8188ae48b34b757277e86728bdb8441d01ea2", "description": "Malicious SHA256 involved with Quantum Ransomware", "pattern": "[file:hashes.'SHA-256' = '0f3bb820adf6d3bba54988ef40d8188ae48b34b757277e86728bdb8441d01ea2']", "pattern_type": "stix", "pattern_version": "2.1", "valid_from": "2022-05-13T15:18:36.256029Z", "labels": ["malicious-activity"]}, {"type": "relationship", "spec_version": "2.1", "id": "relationship--ed43bb2e-7ef6-4412-a966-566de5b5b73c", "created": "2022-05-13T14:18:36.258023Z", "modified": "2022-05-13T14:18:36.258023Z", "relationship_type": "indicates", "source_ref": "indicator--3629b966-e8d5-4647-be56-6dcfddec08f8", "target_ref": "malware--136e8e98-04d8-427f-8d54-f85362aa9a9e"}, {"type": "relationship", "spec_version": "2.1", "id": "relationship--ef376995-7560-452e-b35f-923a6ecaec8c", "created": "2022-05-13T14:18:36.260018Z", "modified": "2022-05-13T14:18:36.260018Z", "relationship_type": "indicates", "source_ref": "indicator--3629b966-e8d5-4647-be56-6dcfddec08f8", "target_ref": "attack-pattern--6b42348c-d58f-4c54-9cd3-a10e2acdb5ea"}, {"type": "relationship", "spec_version": "2.1", "id": "relationship--775591b8-bbc0-4d96-b341-11e5dac71b4c", "created": "2022-05-13T14:18:36.260018Z", "modified": "2022-05-13T14:18:36.260018Z", "relationship_type": "indicates", "source_ref": "indicator--3629b966-e8d5-4647-be56-6dcfddec08f8", "target_ref": "attack-pattern--0bfe5a0d-43c5-4472-9fc0-0076e18be490"}, {"type": "relationship", "spec_version": "2.1", "id": "relationship--f233e1f8-703f-4760-83b7-80a01a2fa322", "created": "2022-05-13T14:18:36.260018Z", "modified": "2022-05-13T14:18:36.260018Z", "relationship_type": "indicates", "source_ref": "indicator--3629b966-e8d5-4647-be56-6dcfddec08f8", "target_ref": "attack-pattern--b0fa3b37-386e-4a62-91a6-3f9112ecaf6e"}, {"type": "relationship", "spec_version": "2.1", "id": "relationship--0afdb064-1f78-40d9-be28-14e231a8b6bc", "created": "2022-05-13T14:18:36.261016Z", "modified": "2022-05-13T14:18:36.261016Z", "relationship_type": "indicates", "source_ref": "indicator--3629b966-e8d5-4647-be56-6dcfddec08f8", "target_ref": "attack-pattern--f13c126c-c915-4d02-ab2d-6558aaba50d5"}, {"type": "indicator", "spec_version": "2.1", "id": "indicator--136141f2-65d9-4302-b22f-15bb56a0c0e6", "created_by_ref": "identity--86acc879-ea56-4690-ad5e-c0c6817ef05d", "created": "2022-05-13T14:18:36.261016Z", "modified": "2022-05-13T14:18:36.261016Z", "name": "Malicious SHA256 - 116e8c1d09627c0330987c36201100da2b93bf27560478be4043c1a834ad8913", "description": "Malicious SHA256 involved with Quantum Ransomware", "pattern": "[file:hashes.'SHA-256' = '116e8c1d09627c0330987c36201100da2b93bf27560478be4043c1a834ad8913']", "pattern_type": "stix", "pattern_version": "2.1", "valid_from": "2022-05-13T15:18:36.261016Z", "labels": ["malicious-activity"]}, {"type": "relationship", "spec_version": "2.1", "id": "relationship--fbe11376-e6a4-4e9a-93b8-813579ac6b2d", "created": "2022-05-13T14:18:36.263103Z", "modified": "2022-05-13T14:18:36.263103Z", "relationship_type": "indicates", "source_ref": "indicator--136141f2-65d9-4302-b22f-15bb56a0c0e6", "target_ref": "malware--136e8e98-04d8-427f-8d54-f85362aa9a9e"}, {"type": "relationship", "spec_version": "2.1", "id": "relationship--705aeca9-59fe-4a06-a1c1-74fcd1cf4647", "created": "2022-05-13T14:18:36.263103Z", "modified": "2022-05-13T14:18:36.263103Z", "relationship_type": "indicates", "source_ref": "indicator--136141f2-65d9-4302-b22f-15bb56a0c0e6", "target_ref": "attack-pattern--6b42348c-d58f-4c54-9cd3-a10e2acdb5ea"}, {"type": "relationship", "spec_version": "2.1", "id": "relationship--de0506e4-b3e2-4b74-b8f2-7c21d56c0696", "created": "2022-05-13T14:18:36.263103Z", "modified": "2022-05-13T14:18:36.263103Z", "relationship_type": "indicates", "source_ref": "indicator--136141f2-65d9-4302-b22f-15bb56a0c0e6", "target_ref": "attack-pattern--0bfe5a0d-43c5-4472-9fc0-0076e18be490"}, {"type": "relationship", "spec_version": "2.1", "id": "relationship--0c8a5fcd-668c-4716-ae5b-8a039192b7ba", "created": "2022-05-13T14:18:36.264006Z", "modified": "2022-05-13T14:18:36.264006Z", "relationship_type": "indicates", "source_ref": "indicator--136141f2-65d9-4302-b22f-15bb56a0c0e6", "target_ref": "attack-pattern--b0fa3b37-386e-4a62-91a6-3f9112ecaf6e"}, {"type": "relationship", "spec_version": "2.1", "id": "relationship--e5e86b44-4452-4bba-bf37-370dc8e3356f", "created": "2022-05-13T14:18:36.264006Z", "modified": "2022-05-13T14:18:36.264006Z", "relationship_type": "indicates", "source_ref": "indicator--136141f2-65d9-4302-b22f-15bb56a0c0e6", "target_ref": "attack-pattern--f13c126c-c915-4d02-ab2d-6558aaba50d5"}, {"type": "indicator", "spec_version": "2.1", "id": "indicator--052be053-2b01-44b5-8347-0b9d03704578", "created_by_ref": "identity--86acc879-ea56-4690-ad5e-c0c6817ef05d", "created": "2022-05-13T14:18:36.264006Z", "modified": "2022-05-13T14:18:36.264006Z", "name": "Malicious SHA256 - 1d64879bf7b1c7aea1d3c2c0171b31a329d026dc4e2f1c876d7ec7cae17bbc58", "description": "Malicious SHA256 involved with Quantum Ransomware", "pattern": "[file:hashes.'SHA-256' = '1d64879bf7b1c7aea1d3c2c0171b31a329d026dc4e2f1c876d7ec7cae17bbc58']", "pattern_type": "stix", "pattern_version": "2.1", "valid_from": "2022-05-13T15:18:36.264006Z", "labels": ["malicious-activity"]}, {"type": "relationship", "spec_version": "2.1", "id": "relationship--6f616044-d7ac-4109-86bb-2ea83a5b22ef", "created": "2022-05-13T14:18:36.266998Z", "modified": "2022-05-13T14:18:36.266998Z", "relationship_type": "indicates", "source_ref": "indicator--052be053-2b01-44b5-8347-0b9d03704578", "target_ref": "malware--136e8e98-04d8-427f-8d54-f85362aa9a9e"}, {"type": "relationship", "spec_version": "2.1", "id": "relationship--cdc9b7a7-7a25-445f-9d19-236f4254d146", "created": "2022-05-13T14:18:36.266998Z", "modified": "2022-05-13T14:18:36.266998Z", "relationship_type": "indicates", "source_ref": "indicator--052be053-2b01-44b5-8347-0b9d03704578", "target_ref": "attack-pattern--6b42348c-d58f-4c54-9cd3-a10e2acdb5ea"}, {"type": "relationship", "spec_version": "2.1", "id": "relationship--dd64e0db-05b7-4896-b617-9036003cba57", "created": "2022-05-13T14:18:36.267996Z", "modified": "2022-05-13T14:18:36.267996Z", "relationship_type": "indicates", "source_ref": "indicator--052be053-2b01-44b5-8347-0b9d03704578", "target_ref": "attack-pattern--0bfe5a0d-43c5-4472-9fc0-0076e18be490"}, {"type": "relationship", "spec_version": "2.1", "id": "relationship--b473cd72-7afb-4893-85bb-a8959c74f825", "created": "2022-05-13T14:18:36.267996Z", "modified": "2022-05-13T14:18:36.267996Z", "relationship_type": "indicates", "source_ref": "indicator--052be053-2b01-44b5-8347-0b9d03704578", "target_ref": "attack-pattern--b0fa3b37-386e-4a62-91a6-3f9112ecaf6e"}, {"type": "relationship", "spec_version": "2.1", "id": "relationship--013edcad-8455-462b-b711-44ed3b81e7fa", "created": "2022-05-13T14:18:36.267996Z", "modified": "2022-05-13T14:18:36.267996Z", "relationship_type": "indicates", "source_ref": "indicator--052be053-2b01-44b5-8347-0b9d03704578", "target_ref": "attack-pattern--f13c126c-c915-4d02-ab2d-6558aaba50d5"}, {"type": "indicator", "spec_version": "2.1", "id": "indicator--62864a4d-ab3c-48a2-9aed-b9f843c619de", "created_by_ref": "identity--86acc879-ea56-4690-ad5e-c0c6817ef05d", "created": "2022-05-13T14:18:36.268996Z", "modified": "2022-05-13T14:18:36.268996Z", "name": "Malicious SHA256 - 239d1c7cfd5b244b10c56abbf966f226e6a0cb91800e9c683ba427641e642f10", "description": "Malicious SHA256 involved with Quantum Ransomware", "pattern": "[file:hashes.'SHA-256' = '239d1c7cfd5b244b10c56abbf966f226e6a0cb91800e9c683ba427641e642f10']", "pattern_type": "stix", "pattern_version": "2.1", "valid_from": "2022-05-13T15:18:36.268996Z", "labels": ["malicious-activity"]}, {"type": "relationship", "spec_version": "2.1", "id": "relationship--84cdd458-2144-4317-9cd8-b40e3f06332b", "created": "2022-05-13T14:18:36.270988Z", "modified": "2022-05-13T14:18:36.270988Z", "relationship_type": "indicates", "source_ref": "indicator--62864a4d-ab3c-48a2-9aed-b9f843c619de", "target_ref": "malware--136e8e98-04d8-427f-8d54-f85362aa9a9e"}, {"type": "relationship", "spec_version": "2.1", "id": "relationship--ba959090-8d99-4938-8608-28591cc5be89", "created": "2022-05-13T14:18:36.270988Z", "modified": "2022-05-13T14:18:36.270988Z", "relationship_type": "indicates", "source_ref": "indicator--62864a4d-ab3c-48a2-9aed-b9f843c619de", "target_ref": "attack-pattern--6b42348c-d58f-4c54-9cd3-a10e2acdb5ea"}, {"type": "relationship", "spec_version": "2.1", "id": "relationship--5454c8c1-5eb3-4f06-a695-a6563c93c196", "created": "2022-05-13T14:18:36.270988Z", "modified": "2022-05-13T14:18:36.270988Z", "relationship_type": "indicates", "source_ref": "indicator--62864a4d-ab3c-48a2-9aed-b9f843c619de", "target_ref": "attack-pattern--0bfe5a0d-43c5-4472-9fc0-0076e18be490"}, {"type": "relationship", "spec_version": "2.1", "id": "relationship--8fa62586-a22d-463c-a2f4-3d09a70334eb", "created": "2022-05-13T14:18:36.271985Z", "modified": "2022-05-13T14:18:36.271985Z", "relationship_type": "indicates", "source_ref": "indicator--62864a4d-ab3c-48a2-9aed-b9f843c619de", "target_ref": "attack-pattern--b0fa3b37-386e-4a62-91a6-3f9112ecaf6e"}, {"type": "relationship", "spec_version": "2.1", "id": "relationship--96b0e1e8-9e5f-4225-addd-84185b3fc4c9", "created": "2022-05-13T14:18:36.271985Z", "modified": "2022-05-13T14:18:36.271985Z", "relationship_type": "indicates", "source_ref": "indicator--62864a4d-ab3c-48a2-9aed-b9f843c619de", "target_ref": "attack-pattern--f13c126c-c915-4d02-ab2d-6558aaba50d5"}, {"type": "indicator", "spec_version": "2.1", "id": "indicator--53216a23-be93-4361-915e-4a85e98ee1f8", "created_by_ref": "identity--86acc879-ea56-4690-ad5e-c0c6817ef05d", "created": "2022-05-13T14:18:36.271985Z", "modified": "2022-05-13T14:18:36.271985Z", "name": "Malicious SHA256 - 2c84b5162ef66c154c66fed1d14f348e5e0054dff486a63f0473165fdbee9b2e", "description": "Malicious SHA256 involved with Quantum Ransomware", "pattern": "[file:hashes.'SHA-256' = '2c84b5162ef66c154c66fed1d14f348e5e0054dff486a63f0473165fdbee9b2e']", "pattern_type": "stix", "pattern_version": "2.1", "valid_from": "2022-05-13T15:18:36.271985Z", "labels": ["malicious-activity"]}, {"type": "relationship", "spec_version": "2.1", "id": "relationship--775d4d5a-bd67-4364-a1a0-78e118d1c284", "created": "2022-05-13T14:18:36.273984Z", "modified": "2022-05-13T14:18:36.273984Z", "relationship_type": "indicates", "source_ref": "indicator--53216a23-be93-4361-915e-4a85e98ee1f8", "target_ref": "malware--136e8e98-04d8-427f-8d54-f85362aa9a9e"}, {"type": "relationship", "spec_version": "2.1", "id": "relationship--b471a309-dc21-4450-9859-b02b7f778ace", "created": "2022-05-13T14:18:36.273984Z", "modified": "2022-05-13T14:18:36.273984Z", "relationship_type": "indicates", "source_ref": "indicator--53216a23-be93-4361-915e-4a85e98ee1f8", "target_ref": "attack-pattern--6b42348c-d58f-4c54-9cd3-a10e2acdb5ea"}, {"type": "relationship", "spec_version": "2.1", "id": "relationship--c4e2d39f-b413-45af-8a35-1635789eadae", "created": "2022-05-13T14:18:36.274978Z", "modified": "2022-05-13T14:18:36.274978Z", "relationship_type": "indicates", "source_ref": "indicator--53216a23-be93-4361-915e-4a85e98ee1f8", "target_ref": "attack-pattern--0bfe5a0d-43c5-4472-9fc0-0076e18be490"}, {"type": "relationship", "spec_version": "2.1", "id": "relationship--652d91ec-13a3-4afb-b2d6-73298b50db42", "created": "2022-05-13T14:18:36.275028Z", "modified": "2022-05-13T14:18:36.275028Z", "relationship_type": "indicates", "source_ref": "indicator--53216a23-be93-4361-915e-4a85e98ee1f8", "target_ref": "attack-pattern--b0fa3b37-386e-4a62-91a6-3f9112ecaf6e"}, {"type": "relationship", "spec_version": "2.1", "id": "relationship--9853b4e4-754c-4ec4-947b-51345101ef59", "created": "2022-05-13T14:18:36.275028Z", "modified": "2022-05-13T14:18:36.275028Z", "relationship_type": "indicates", "source_ref": "indicator--53216a23-be93-4361-915e-4a85e98ee1f8", "target_ref": "attack-pattern--f13c126c-c915-4d02-ab2d-6558aaba50d5"}, {"type": "indicator", "spec_version": "2.1", "id": "indicator--6e0dd81d-f987-4f09-9865-239b2733d89f", "created_by_ref": "identity--86acc879-ea56-4690-ad5e-c0c6817ef05d", "created": "2022-05-13T14:18:36.275028Z", "modified": "2022-05-13T14:18:36.275028Z", "name": "Malicious SHA256 - 511c1021fad76670d6d407139e5fef62b34ca9656fb735bd7d406728568fa280", "description": "Malicious SHA256 involved with Quantum Ransomware", "pattern": "[file:hashes.'SHA-256' = '511c1021fad76670d6d407139e5fef62b34ca9656fb735bd7d406728568fa280']", "pattern_type": "stix", "pattern_version": "2.1", "valid_from": "2022-05-13T15:18:36.275028Z", "labels": ["malicious-activity"]}, {"type": "relationship", "spec_version": "2.1", "id": "relationship--d24c85f4-2fb3-4f9e-a779-954532a6f374", "created": "2022-05-13T14:18:36.276972Z", "modified": "2022-05-13T14:18:36.276972Z", "relationship_type": "indicates", "source_ref": "indicator--6e0dd81d-f987-4f09-9865-239b2733d89f", "target_ref": "malware--136e8e98-04d8-427f-8d54-f85362aa9a9e"}, {"type": "relationship", "spec_version": "2.1", "id": "relationship--9e2cbc13-b270-4148-bedc-fbe2321b2db7", "created": "2022-05-13T14:18:36.277969Z", "modified": "2022-05-13T14:18:36.277969Z", "relationship_type": "indicates", "source_ref": "indicator--6e0dd81d-f987-4f09-9865-239b2733d89f", "target_ref": "attack-pattern--6b42348c-d58f-4c54-9cd3-a10e2acdb5ea"}, {"type": "relationship", "spec_version": "2.1", "id": "relationship--5be922d0-46fb-4fc4-ae06-356c71c019cf", "created": "2022-05-13T14:18:36.277969Z", "modified": "2022-05-13T14:18:36.277969Z", "relationship_type": "indicates", "source_ref": "indicator--6e0dd81d-f987-4f09-9865-239b2733d89f", "target_ref": "attack-pattern--0bfe5a0d-43c5-4472-9fc0-0076e18be490"}, {"type": "relationship", "spec_version": "2.1", "id": "relationship--7dc09d4b-246c-4694-af09-dc2a47ba30a0", "created": "2022-05-13T14:18:36.277969Z", "modified": "2022-05-13T14:18:36.277969Z", "relationship_type": "indicates", "source_ref": "indicator--6e0dd81d-f987-4f09-9865-239b2733d89f", "target_ref": "attack-pattern--b0fa3b37-386e-4a62-91a6-3f9112ecaf6e"}, {"type": "relationship", "spec_version": "2.1", "id": "relationship--cf3837ff-fc09-4a3d-b338-bbe21184adbd", "created": "2022-05-13T14:18:36.277969Z", "modified": "2022-05-13T14:18:36.277969Z", "relationship_type": "indicates", "source_ref": "indicator--6e0dd81d-f987-4f09-9865-239b2733d89f", "target_ref": "attack-pattern--f13c126c-c915-4d02-ab2d-6558aaba50d5"}, {"type": "indicator", "spec_version": "2.1", "id": "indicator--32b35368-8c61-4c57-aaff-d15175ffdd1c", "created_by_ref": "identity--86acc879-ea56-4690-ad5e-c0c6817ef05d", "created": "2022-05-13T14:18:36.278985Z", "modified": "2022-05-13T14:18:36.278985Z", "name": "Malicious SHA256 - 5bc00ad792d4ddac7d8568f98a717caff9d5ef389ed355a15b892cc10ab2887b", "description": "Malicious SHA256 involved with Quantum Ransomware", "pattern": "[file:hashes.'SHA-256' = '5bc00ad792d4ddac7d8568f98a717caff9d5ef389ed355a15b892cc10ab2887b']", "pattern_type": "stix", "pattern_version": "2.1", "valid_from": "2022-05-13T15:18:36.278985Z", "labels": ["malicious-activity"]}, {"type": "relationship", "spec_version": "2.1", "id": "relationship--875bf0da-14df-487e-9c6e-9fd7c68231e1", "created": "2022-05-13T14:18:36.280029Z", "modified": "2022-05-13T14:18:36.280029Z", "relationship_type": "indicates", "source_ref": "indicator--32b35368-8c61-4c57-aaff-d15175ffdd1c", "target_ref": "malware--136e8e98-04d8-427f-8d54-f85362aa9a9e"}, {"type": "relationship", "spec_version": "2.1", "id": "relationship--1b077c30-283a-4c12-9f5d-e958902b1a29", "created": "2022-05-13T14:18:36.280983Z", "modified": "2022-05-13T14:18:36.280983Z", "relationship_type": "indicates", "source_ref": "indicator--32b35368-8c61-4c57-aaff-d15175ffdd1c", "target_ref": "attack-pattern--6b42348c-d58f-4c54-9cd3-a10e2acdb5ea"}, {"type": "relationship", "spec_version": "2.1", "id": "relationship--6b32cd0a-79e4-48ff-a8e5-d70c5fca3fdc", "created": "2022-05-13T14:18:36.280983Z", "modified": "2022-05-13T14:18:36.280983Z", "relationship_type": "indicates", "source_ref": "indicator--32b35368-8c61-4c57-aaff-d15175ffdd1c", "target_ref": "attack-pattern--0bfe5a0d-43c5-4472-9fc0-0076e18be490"}, {"type": "relationship", "spec_version": "2.1", "id": "relationship--5feaac5e-2786-41a1-a7c8-f747d30cf80f", "created": "2022-05-13T14:18:36.280983Z", "modified": "2022-05-13T14:18:36.280983Z", "relationship_type": "indicates", "source_ref": "indicator--32b35368-8c61-4c57-aaff-d15175ffdd1c", "target_ref": "attack-pattern--b0fa3b37-386e-4a62-91a6-3f9112ecaf6e"}, {"type": "relationship", "spec_version": "2.1", "id": "relationship--a940616c-f31d-4279-9f0f-39bb3f47f503", "created": "2022-05-13T14:18:36.28198Z", "modified": "2022-05-13T14:18:36.28198Z", "relationship_type": "indicates", "source_ref": "indicator--32b35368-8c61-4c57-aaff-d15175ffdd1c", "target_ref": "attack-pattern--f13c126c-c915-4d02-ab2d-6558aaba50d5"}, {"type": "indicator", "spec_version": "2.1", "id": "indicator--02b89ce5-3771-4e02-a986-2539dd725294", "created_by_ref": "identity--86acc879-ea56-4690-ad5e-c0c6817ef05d", "created": "2022-05-13T14:18:36.28198Z", "modified": "2022-05-13T14:18:36.28198Z", "name": "Malicious SHA256 - 7522b6de340a68881d11aa05e2c6770152e2d49ca5b830821ffce533fad948fd", "description": "Malicious SHA256 involved with Quantum Ransomware", "pattern": "[file:hashes.'SHA-256' = '7522b6de340a68881d11aa05e2c6770152e2d49ca5b830821ffce533fad948fd']", "pattern_type": "stix", "pattern_version": "2.1", "valid_from": "2022-05-13T15:18:36.28198Z", "labels": ["malicious-activity"]}, {"type": "relationship", "spec_version": "2.1", "id": "relationship--00727c61-6e9c-4cc4-801c-6128e8ee9869", "created": "2022-05-13T14:18:36.283976Z", "modified": "2022-05-13T14:18:36.283976Z", "relationship_type": "indicates", "source_ref": "indicator--02b89ce5-3771-4e02-a986-2539dd725294", "target_ref": "malware--136e8e98-04d8-427f-8d54-f85362aa9a9e"}, {"type": "relationship", "spec_version": "2.1", "id": "relationship--3451e1a0-dbc5-465e-8f65-e52f5ad5ed6e", "created": "2022-05-13T14:18:36.284973Z", "modified": "2022-05-13T14:18:36.284973Z", "relationship_type": "indicates", "source_ref": "indicator--02b89ce5-3771-4e02-a986-2539dd725294", "target_ref": "attack-pattern--6b42348c-d58f-4c54-9cd3-a10e2acdb5ea"}, {"type": "relationship", "spec_version": "2.1", "id": "relationship--e58a19b6-752d-479f-8b14-aff110749fa5", "created": "2022-05-13T14:18:36.284973Z", "modified": "2022-05-13T14:18:36.284973Z", "relationship_type": "indicates", "source_ref": "indicator--02b89ce5-3771-4e02-a986-2539dd725294", "target_ref": "attack-pattern--0bfe5a0d-43c5-4472-9fc0-0076e18be490"}, {"type": "relationship", "spec_version": "2.1", "id": "relationship--1b0cc2b4-2a0c-417e-9567-169ad4b8e1c0", "created": "2022-05-13T14:18:36.284973Z", "modified": "2022-05-13T14:18:36.284973Z", "relationship_type": "indicates", "source_ref": "indicator--02b89ce5-3771-4e02-a986-2539dd725294", "target_ref": "attack-pattern--b0fa3b37-386e-4a62-91a6-3f9112ecaf6e"}, {"type": "relationship", "spec_version": "2.1", "id": "relationship--7967867e-64ac-42a1-8b5e-f913f11fdc18", "created": "2022-05-13T14:18:36.285969Z", "modified": "2022-05-13T14:18:36.285969Z", "relationship_type": "indicates", "source_ref": "indicator--02b89ce5-3771-4e02-a986-2539dd725294", "target_ref": "attack-pattern--f13c126c-c915-4d02-ab2d-6558aaba50d5"}, {"type": "indicator", "spec_version": "2.1", "id": "indicator--074cd550-132d-4bda-bab8-f3709dfe1d91", "created_by_ref": "identity--86acc879-ea56-4690-ad5e-c0c6817ef05d", "created": "2022-05-13T14:18:36.285969Z", "modified": "2022-05-13T14:18:36.285969Z", "name": "Malicious SHA256 - 79e25568a8aeec71d18adc07cdb87602bc2c6048e04daff1eb67e45f94887efc", "description": "Malicious SHA256 involved with Quantum Ransomware", "pattern": "[file:hashes.'SHA-256' = '79e25568a8aeec71d18adc07cdb87602bc2c6048e04daff1eb67e45f94887efc']", "pattern_type": "stix", "pattern_version": "2.1", "valid_from": "2022-05-13T15:18:36.285969Z", "labels": ["malicious-activity"]}, {"type": "relationship", "spec_version": "2.1", "id": "relationship--6d1d4cae-c229-493c-903d-3c30fddd3914", "created": "2022-05-13T14:18:36.287964Z", "modified": "2022-05-13T14:18:36.287964Z", "relationship_type": "indicates", "source_ref": "indicator--074cd550-132d-4bda-bab8-f3709dfe1d91", "target_ref": "malware--136e8e98-04d8-427f-8d54-f85362aa9a9e"}, {"type": "relationship", "spec_version": "2.1", "id": "relationship--a8d05c47-ec6d-43ea-ab6e-6a0f60b13406", "created": "2022-05-13T14:18:36.287964Z", "modified": "2022-05-13T14:18:36.287964Z", "relationship_type": "indicates", "source_ref": "indicator--074cd550-132d-4bda-bab8-f3709dfe1d91", "target_ref": "attack-pattern--6b42348c-d58f-4c54-9cd3-a10e2acdb5ea"}, {"type": "relationship", "spec_version": "2.1", "id": "relationship--897dcfec-49cc-4378-b0cf-60eddd3767cb", "created": "2022-05-13T14:18:36.287964Z", "modified": "2022-05-13T14:18:36.287964Z", "relationship_type": "indicates", "source_ref": "indicator--074cd550-132d-4bda-bab8-f3709dfe1d91", "target_ref": "attack-pattern--0bfe5a0d-43c5-4472-9fc0-0076e18be490"}, {"type": "relationship", "spec_version": "2.1", "id": "relationship--4662b776-faab-4a4d-bb76-bd52cdd235cd", "created": "2022-05-13T14:18:36.287964Z", "modified": "2022-05-13T14:18:36.287964Z", "relationship_type": "indicates", "source_ref": "indicator--074cd550-132d-4bda-bab8-f3709dfe1d91", "target_ref": "attack-pattern--b0fa3b37-386e-4a62-91a6-3f9112ecaf6e"}, {"type": "relationship", "spec_version": "2.1", "id": "relationship--aafcaac5-6a78-4ad8-8c08-bbe4e0a63b54", "created": "2022-05-13T14:18:36.288975Z", "modified": "2022-05-13T14:18:36.288975Z", "relationship_type": "indicates", "source_ref": "indicator--074cd550-132d-4bda-bab8-f3709dfe1d91", "target_ref": "attack-pattern--f13c126c-c915-4d02-ab2d-6558aaba50d5"}, {"type": "indicator", "spec_version": "2.1", "id": "indicator--d6e760d4-40be-4969-bd25-451a54f93355", "created_by_ref": "identity--86acc879-ea56-4690-ad5e-c0c6817ef05d", "created": "2022-05-13T14:18:36.288975Z", "modified": "2022-05-13T14:18:36.288975Z", "name": "Malicious SHA256 - 8d30ab8260760e12a8990866eced1567ced257e0cb2fc9f7d2ea927806435208", "description": "Malicious SHA256 involved with Quantum Ransomware", "pattern": "[file:hashes.'SHA-256' = '8d30ab8260760e12a8990866eced1567ced257e0cb2fc9f7d2ea927806435208']", "pattern_type": "stix", "pattern_version": "2.1", "valid_from": "2022-05-13T15:18:36.288975Z", "labels": ["malicious-activity"]}, {"type": "relationship", "spec_version": "2.1", "id": "relationship--c2e5e056-5ee7-45cd-afed-47441fa286e9", "created": "2022-05-13T14:18:36.291035Z", "modified": "2022-05-13T14:18:36.291035Z", "relationship_type": "indicates", "source_ref": "indicator--d6e760d4-40be-4969-bd25-451a54f93355", "target_ref": "malware--136e8e98-04d8-427f-8d54-f85362aa9a9e"}, {"type": "relationship", "spec_version": "2.1", "id": "relationship--66843e88-eb3d-4610-975d-35686f7a23f5", "created": "2022-05-13T14:18:36.291035Z", "modified": "2022-05-13T14:18:36.291035Z", "relationship_type": "indicates", "source_ref": "indicator--d6e760d4-40be-4969-bd25-451a54f93355", "target_ref": "attack-pattern--6b42348c-d58f-4c54-9cd3-a10e2acdb5ea"}, {"type": "relationship", "spec_version": "2.1", "id": "relationship--d89c15e1-8222-4df6-a5d2-35d9c412509d", "created": "2022-05-13T14:18:36.29197Z", "modified": "2022-05-13T14:18:36.29197Z", "relationship_type": "indicates", "source_ref": "indicator--d6e760d4-40be-4969-bd25-451a54f93355", "target_ref": "attack-pattern--0bfe5a0d-43c5-4472-9fc0-0076e18be490"}, {"type": "relationship", "spec_version": "2.1", "id": "relationship--450d964f-2048-4bb8-b758-b4c1f04b8da5", "created": "2022-05-13T14:18:36.29197Z", "modified": "2022-05-13T14:18:36.29197Z", "relationship_type": "indicates", "source_ref": "indicator--d6e760d4-40be-4969-bd25-451a54f93355", "target_ref": "attack-pattern--b0fa3b37-386e-4a62-91a6-3f9112ecaf6e"}, {"type": "relationship", "spec_version": "2.1", "id": "relationship--d8b8891c-82a9-4fee-8ae0-ea124217cd90", "created": "2022-05-13T14:18:36.29197Z", "modified": "2022-05-13T14:18:36.29197Z", "relationship_type": "indicates", "source_ref": "indicator--d6e760d4-40be-4969-bd25-451a54f93355", "target_ref": "attack-pattern--f13c126c-c915-4d02-ab2d-6558aaba50d5"}, {"type": "indicator", "spec_version": "2.1", "id": "indicator--83b5d368-8617-47f9-895b-8d8fbc4ae6e3", "created_by_ref": "identity--86acc879-ea56-4690-ad5e-c0c6817ef05d", "created": "2022-05-13T14:18:36.29197Z", "modified": "2022-05-13T14:18:36.29197Z", "name": "Malicious SHA256 - 99a732c0512bc415668cc3a699128618f02bf154ff8641821c3207b999952533", "description": "Malicious SHA256 involved with Quantum Ransomware", "pattern": "[file:hashes.'SHA-256' = '99a732c0512bc415668cc3a699128618f02bf154ff8641821c3207b999952533']", "pattern_type": "stix", "pattern_version": "2.1", "valid_from": "2022-05-13T15:18:36.29197Z", "labels": ["malicious-activity"]}, {"type": "relationship", "spec_version": "2.1", "id": "relationship--00fe15bc-4584-45ae-a003-aaa8880531a3", "created": "2022-05-13T14:18:36.294482Z", "modified": "2022-05-13T14:18:36.294482Z", "relationship_type": "indicates", "source_ref": "indicator--83b5d368-8617-47f9-895b-8d8fbc4ae6e3", "target_ref": "malware--136e8e98-04d8-427f-8d54-f85362aa9a9e"}, {"type": "relationship", "spec_version": "2.1", "id": "relationship--2bd6b8c8-9b0d-4462-94f6-0e9a625f1cb4", "created": "2022-05-13T14:18:36.294482Z", "modified": "2022-05-13T14:18:36.294482Z", "relationship_type": "indicates", "source_ref": "indicator--83b5d368-8617-47f9-895b-8d8fbc4ae6e3", "target_ref": "attack-pattern--6b42348c-d58f-4c54-9cd3-a10e2acdb5ea"}, {"type": "relationship", "spec_version": "2.1", "id": "relationship--930f0f85-e12c-4bc8-a7f2-9983d019868e", "created": "2022-05-13T14:18:36.295195Z", "modified": "2022-05-13T14:18:36.295195Z", "relationship_type": "indicates", "source_ref": "indicator--83b5d368-8617-47f9-895b-8d8fbc4ae6e3", "target_ref": "attack-pattern--0bfe5a0d-43c5-4472-9fc0-0076e18be490"}, {"type": "relationship", "spec_version": "2.1", "id": "relationship--8af4abef-6c5f-46e1-b00c-b1381c294cd7", "created": "2022-05-13T14:18:36.295479Z", "modified": "2022-05-13T14:18:36.295479Z", "relationship_type": "indicates", "source_ref": "indicator--83b5d368-8617-47f9-895b-8d8fbc4ae6e3", "target_ref": "attack-pattern--b0fa3b37-386e-4a62-91a6-3f9112ecaf6e"}, {"type": "relationship", "spec_version": "2.1", "id": "relationship--0fe9591b-25b2-4971-9048-8f6e59a93e82", "created": "2022-05-13T14:18:36.295479Z", "modified": "2022-05-13T14:18:36.295479Z", "relationship_type": "indicates", "source_ref": "indicator--83b5d368-8617-47f9-895b-8d8fbc4ae6e3", "target_ref": "attack-pattern--f13c126c-c915-4d02-ab2d-6558aaba50d5"}, {"type": "indicator", "spec_version": "2.1", "id": "indicator--b80f35f8-bce3-47a5-95ee-0ab9c157d6eb", "created_by_ref": "identity--86acc879-ea56-4690-ad5e-c0c6817ef05d", "created": "2022-05-13T14:18:36.295479Z", "modified": "2022-05-13T14:18:36.295479Z", "name": "Malicious SHA256 - b63e94928da25e18caa1506305b9ca3dedc267e747dfa4710860e757d2cc8192", "description": "Malicious SHA256 involved with Quantum Ransomware", "pattern": "[file:hashes.'SHA-256' = 'b63e94928da25e18caa1506305b9ca3dedc267e747dfa4710860e757d2cc8192']", "pattern_type": "stix", "pattern_version": "2.1", "valid_from": "2022-05-13T15:18:36.295479Z", "labels": ["malicious-activity"]}, {"type": "relationship", "spec_version": "2.1", "id": "relationship--d40ba02f-11bd-475b-bd1e-c1cda10c2705", "created": "2022-05-13T14:18:36.297474Z", "modified": "2022-05-13T14:18:36.297474Z", "relationship_type": "indicates", "source_ref": "indicator--b80f35f8-bce3-47a5-95ee-0ab9c157d6eb", "target_ref": "malware--136e8e98-04d8-427f-8d54-f85362aa9a9e"}, {"type": "relationship", "spec_version": "2.1", "id": "relationship--874e5d1f-2c05-443f-8c6f-a0e1822a9460", "created": "2022-05-13T14:18:36.297474Z", "modified": "2022-05-13T14:18:36.297474Z", "relationship_type": "indicates", "source_ref": "indicator--b80f35f8-bce3-47a5-95ee-0ab9c157d6eb", "target_ref": "attack-pattern--6b42348c-d58f-4c54-9cd3-a10e2acdb5ea"}, {"type": "relationship", "spec_version": "2.1", "id": "relationship--a0549b9f-9bba-40e3-b7b2-b3bb3e1990ef", "created": "2022-05-13T14:18:36.297474Z", "modified": "2022-05-13T14:18:36.297474Z", "relationship_type": "indicates", "source_ref": "indicator--b80f35f8-bce3-47a5-95ee-0ab9c157d6eb", "target_ref": "attack-pattern--0bfe5a0d-43c5-4472-9fc0-0076e18be490"}, {"type": "relationship", "spec_version": "2.1", "id": "relationship--37a30607-4bd8-4139-978a-57994d3f024f", "created": "2022-05-13T14:18:36.29868Z", "modified": "2022-05-13T14:18:36.29868Z", "relationship_type": "indicates", "source_ref": "indicator--b80f35f8-bce3-47a5-95ee-0ab9c157d6eb", "target_ref": "attack-pattern--b0fa3b37-386e-4a62-91a6-3f9112ecaf6e"}, {"type": "relationship", "spec_version": "2.1", "id": "relationship--ef74bc86-3cf8-426c-a058-4db4dd26de4d", "created": "2022-05-13T14:18:36.29868Z", "modified": "2022-05-13T14:18:36.29868Z", "relationship_type": "indicates", "source_ref": "indicator--b80f35f8-bce3-47a5-95ee-0ab9c157d6eb", "target_ref": "attack-pattern--f13c126c-c915-4d02-ab2d-6558aaba50d5"}, {"type": "indicator", "spec_version": "2.1", "id": "indicator--225e68da-b02d-4eba-bb6c-3074e2b527e0", "created_by_ref": "identity--86acc879-ea56-4690-ad5e-c0c6817ef05d", "created": "2022-05-13T14:18:36.299217Z", "modified": "2022-05-13T14:18:36.299217Z", "name": "Malicious SHA256 - d44c065f04fe13bd51ba5469baa9077efb541d849ad298043739e08b7a90008f", "description": "Malicious SHA256 involved with Quantum Ransomware", "pattern": "[file:hashes.'SHA-256' = 'd44c065f04fe13bd51ba5469baa9077efb541d849ad298043739e08b7a90008f']", "pattern_type": "stix", "pattern_version": "2.1", "valid_from": "2022-05-13T15:18:36.299217Z", "labels": ["malicious-activity"]}, {"type": "relationship", "spec_version": "2.1", "id": "relationship--5666e3d5-4ea2-4d1b-8bbd-5fa090a1106b", "created": "2022-05-13T14:18:36.301183Z", "modified": "2022-05-13T14:18:36.301183Z", "relationship_type": "indicates", "source_ref": "indicator--225e68da-b02d-4eba-bb6c-3074e2b527e0", "target_ref": "malware--136e8e98-04d8-427f-8d54-f85362aa9a9e"}, {"type": "relationship", "spec_version": "2.1", "id": "relationship--468aa341-d97a-49df-8cfe-c8d60f899637", "created": "2022-05-13T14:18:36.30218Z", "modified": "2022-05-13T14:18:36.30218Z", "relationship_type": "indicates", "source_ref": "indicator--225e68da-b02d-4eba-bb6c-3074e2b527e0", "target_ref": "attack-pattern--6b42348c-d58f-4c54-9cd3-a10e2acdb5ea"}, {"type": "relationship", "spec_version": "2.1", "id": "relationship--81099f88-3e9a-4b2d-9337-73f57f0f3e8e", "created": "2022-05-13T14:18:36.30218Z", "modified": "2022-05-13T14:18:36.30218Z", "relationship_type": "indicates", "source_ref": "indicator--225e68da-b02d-4eba-bb6c-3074e2b527e0", "target_ref": "attack-pattern--0bfe5a0d-43c5-4472-9fc0-0076e18be490"}, {"type": "relationship", "spec_version": "2.1", "id": "relationship--b2bf94cf-6918-44c8-aaf1-77cf77c45b0d", "created": "2022-05-13T14:18:36.30218Z", "modified": "2022-05-13T14:18:36.30218Z", "relationship_type": "indicates", "source_ref": "indicator--225e68da-b02d-4eba-bb6c-3074e2b527e0", "target_ref": "attack-pattern--b0fa3b37-386e-4a62-91a6-3f9112ecaf6e"}, {"type": "relationship", "spec_version": "2.1", "id": "relationship--200c7a5d-465f-48a0-90e5-811ec2b9bca4", "created": "2022-05-13T14:18:36.30218Z", "modified": "2022-05-13T14:18:36.30218Z", "relationship_type": "indicates", "source_ref": "indicator--225e68da-b02d-4eba-bb6c-3074e2b527e0", "target_ref": "attack-pattern--f13c126c-c915-4d02-ab2d-6558aaba50d5"}, {"type": "indicator", "spec_version": "2.1", "id": "indicator--f24cc902-1bff-4c5a-8bd4-943cac2d23bd", "created_by_ref": "identity--86acc879-ea56-4690-ad5e-c0c6817ef05d", "created": "2022-05-13T14:18:36.303177Z", "modified": "2022-05-13T14:18:36.303177Z", "name": "Malicious SHA256 - f72c47948a2cb2cd445135bc65c6bf5c0aaacc262ee9c04d1483781355cda976", "description": "Malicious SHA256 involved with Quantum Ransomware", "pattern": "[file:hashes.'SHA-256' = 'f72c47948a2cb2cd445135bc65c6bf5c0aaacc262ee9c04d1483781355cda976']", "pattern_type": "stix", "pattern_version": "2.1", "valid_from": "2022-05-13T15:18:36.303177Z", "labels": ["malicious-activity"]}, {"type": "relationship", "spec_version": "2.1", "id": "relationship--56ef5016-0b1c-4146-9352-24c7aa199d30", "created": "2022-05-13T14:18:36.305172Z", "modified": "2022-05-13T14:18:36.305172Z", "relationship_type": "indicates", "source_ref": "indicator--f24cc902-1bff-4c5a-8bd4-943cac2d23bd", "target_ref": "malware--136e8e98-04d8-427f-8d54-f85362aa9a9e"}, {"type": "relationship", "spec_version": "2.1", "id": "relationship--373e5c69-37dc-4dc3-b47e-353742592140", "created": "2022-05-13T14:18:36.305172Z", "modified": "2022-05-13T14:18:36.305172Z", "relationship_type": "indicates", "source_ref": "indicator--f24cc902-1bff-4c5a-8bd4-943cac2d23bd", "target_ref": "attack-pattern--6b42348c-d58f-4c54-9cd3-a10e2acdb5ea"}, {"type": "relationship", "spec_version": "2.1", "id": "relationship--3d0780a2-a189-4cfe-9b1c-d36a72ade686", "created": "2022-05-13T14:18:36.305172Z", "modified": "2022-05-13T14:18:36.305172Z", "relationship_type": "indicates", "source_ref": "indicator--f24cc902-1bff-4c5a-8bd4-943cac2d23bd", "target_ref": "attack-pattern--0bfe5a0d-43c5-4472-9fc0-0076e18be490"}, {"type": "relationship", "spec_version": "2.1", "id": "relationship--68829a25-ac4a-4708-85ef-37cb16076110", "created": "2022-05-13T14:18:36.305172Z", "modified": "2022-05-13T14:18:36.305172Z", "relationship_type": "indicates", "source_ref": "indicator--f24cc902-1bff-4c5a-8bd4-943cac2d23bd", "target_ref": "attack-pattern--b0fa3b37-386e-4a62-91a6-3f9112ecaf6e"}, {"type": "relationship", "spec_version": "2.1", "id": "relationship--243087b9-4d2c-459c-adaa-ac185defd1ee", "created": "2022-05-13T14:18:36.306169Z", "modified": "2022-05-13T14:18:36.306169Z", "relationship_type": "indicates", "source_ref": "indicator--f24cc902-1bff-4c5a-8bd4-943cac2d23bd", "target_ref": "attack-pattern--f13c126c-c915-4d02-ab2d-6558aaba50d5"}, {"type": "indicator", "spec_version": "2.1", "id": "indicator--825c42c9-399e-4295-905d-0d3ae37c72d7", "created_by_ref": "identity--86acc879-ea56-4690-ad5e-c0c6817ef05d", "created": "2022-05-13T14:18:36.306169Z", "modified": "2022-05-13T14:18:36.306169Z", "name": "Malicious SHA256 - f8136eb39ee8638f9eb1acf49b1e10ce73e96583a885e4376d897ab255b39bd6", "description": "Malicious SHA256 involved with Quantum Ransomware", "pattern": "[file:hashes.'SHA-256' = 'f8136eb39ee8638f9eb1acf49b1e10ce73e96583a885e4376d897ab255b39bd6']", "pattern_type": "stix", "pattern_version": "2.1", "valid_from": "2022-05-13T15:18:36.306169Z", "labels": ["malicious-activity"]}, {"type": "relationship", "spec_version": "2.1", "id": "relationship--c4cf9068-a337-437a-8851-0fdf895d2e80", "created": "2022-05-13T14:18:36.308164Z", "modified": "2022-05-13T14:18:36.308164Z", "relationship_type": "indicates", "source_ref": "indicator--825c42c9-399e-4295-905d-0d3ae37c72d7", "target_ref": "malware--136e8e98-04d8-427f-8d54-f85362aa9a9e"}, {"type": "relationship", "spec_version": "2.1", "id": "relationship--e48b64f0-860b-4769-90ca-39c9352df9b7", "created": "2022-05-13T14:18:36.308164Z", "modified": "2022-05-13T14:18:36.308164Z", "relationship_type": "indicates", "source_ref": "indicator--825c42c9-399e-4295-905d-0d3ae37c72d7", "target_ref": "attack-pattern--6b42348c-d58f-4c54-9cd3-a10e2acdb5ea"}, {"type": "relationship", "spec_version": "2.1", "id": "relationship--6bdf292b-104e-47d7-a89a-94c7cd40d636", "created": "2022-05-13T14:18:36.308164Z", "modified": "2022-05-13T14:18:36.308164Z", "relationship_type": "indicates", "source_ref": "indicator--825c42c9-399e-4295-905d-0d3ae37c72d7", "target_ref": "attack-pattern--0bfe5a0d-43c5-4472-9fc0-0076e18be490"}, {"type": "relationship", "spec_version": "2.1", "id": "relationship--36697f63-22d9-4a04-8936-605230c65d1a", "created": "2022-05-13T14:18:36.309161Z", "modified": "2022-05-13T14:18:36.309161Z", "relationship_type": "indicates", "source_ref": "indicator--825c42c9-399e-4295-905d-0d3ae37c72d7", "target_ref": "attack-pattern--b0fa3b37-386e-4a62-91a6-3f9112ecaf6e"}, {"type": "relationship", "spec_version": "2.1", "id": "relationship--fb587491-610e-401c-8aeb-5bf3793ea5e4", "created": "2022-05-13T14:18:36.309161Z", "modified": "2022-05-13T14:18:36.309161Z", "relationship_type": "indicates", "source_ref": "indicator--825c42c9-399e-4295-905d-0d3ae37c72d7", "target_ref": "attack-pattern--f13c126c-c915-4d02-ab2d-6558aaba50d5"}, {"type": "indicator", "spec_version": "2.1", "id": "indicator--6360f0e2-d6f6-47b6-8874-e157b3ce375c", "created_by_ref": "identity--86acc879-ea56-4690-ad5e-c0c6817ef05d", "created": "2022-05-13T14:18:36.309676Z", "modified": "2022-05-13T14:18:36.309676Z", "name": "Malicious SHA256 - faf49653a0f057ed09a75c4dfc01e4d8e6fef203d0102a5947a73db80be0db1d", "description": "Malicious SHA256 involved with Quantum Ransomware", "pattern": "[file:hashes.'SHA-256' = 'faf49653a0f057ed09a75c4dfc01e4d8e6fef203d0102a5947a73db80be0db1d']", "pattern_type": "stix", "pattern_version": "2.1", "valid_from": "2022-05-13T15:18:36.309676Z", "labels": ["malicious-activity"]}, {"type": "relationship", "spec_version": "2.1", "id": "relationship--b75d8805-64e2-40cb-abc2-578e1694599f", "created": "2022-05-13T14:18:36.311674Z", "modified": "2022-05-13T14:18:36.311674Z", "relationship_type": "indicates", "source_ref": "indicator--6360f0e2-d6f6-47b6-8874-e157b3ce375c", "target_ref": "malware--136e8e98-04d8-427f-8d54-f85362aa9a9e"}, {"type": "relationship", "spec_version": "2.1", "id": "relationship--335180de-c98c-484f-af07-8f01392668b9", "created": "2022-05-13T14:18:36.311674Z", "modified": "2022-05-13T14:18:36.311674Z", "relationship_type": "indicates", "source_ref": "indicator--6360f0e2-d6f6-47b6-8874-e157b3ce375c", "target_ref": "attack-pattern--6b42348c-d58f-4c54-9cd3-a10e2acdb5ea"}, {"type": "relationship", "spec_version": "2.1", "id": "relationship--2990b2da-9134-4317-ac6e-b6c261012811", "created": "2022-05-13T14:18:36.312672Z", "modified": "2022-05-13T14:18:36.312672Z", "relationship_type": "indicates", "source_ref": "indicator--6360f0e2-d6f6-47b6-8874-e157b3ce375c", "target_ref": "attack-pattern--0bfe5a0d-43c5-4472-9fc0-0076e18be490"}, {"type": "relationship", "spec_version": "2.1", "id": "relationship--65fc5016-c344-4284-840a-b4d2b8c46807", "created": "2022-05-13T14:18:36.313071Z", "modified": "2022-05-13T14:18:36.313071Z", "relationship_type": "indicates", "source_ref": "indicator--6360f0e2-d6f6-47b6-8874-e157b3ce375c", "target_ref": "attack-pattern--b0fa3b37-386e-4a62-91a6-3f9112ecaf6e"}, {"type": "relationship", "spec_version": "2.1", "id": "relationship--f30a0c95-50dc-4ad5-bdb4-7e01a226e367", "created": "2022-05-13T14:18:36.313071Z", "modified": "2022-05-13T14:18:36.313071Z", "relationship_type": "indicates", "source_ref": "indicator--6360f0e2-d6f6-47b6-8874-e157b3ce375c", "target_ref": "attack-pattern--f13c126c-c915-4d02-ab2d-6558aaba50d5"}, {"type": "indicator", "spec_version": "2.1", "id": "indicator--31a00232-7c86-4773-9f86-a56ccceffe8c", "created_by_ref": "identity--86acc879-ea56-4690-ad5e-c0c6817ef05d", "created": "2022-05-13T14:18:36.313669Z", "modified": "2022-05-13T14:18:36.313669Z", "name": "Malicious IP - 138.68.42.130", "description": "Malicious IP involved with Quantum Ransomware", "pattern": "[ipv4-addr:value = '138.68.42.130']", "pattern_type": "stix", "pattern_version": "2.1", "valid_from": "2022-05-13T15:18:36.313669Z", "labels": ["malicious-activity"]}, {"type": "relationship", "spec_version": "2.1", "id": "relationship--3b2a6eb7-1d6a-4c72-9e19-51a70fb6fa2b", "created": "2022-05-13T14:18:36.314702Z", "modified": "2022-05-13T14:18:36.314702Z", "relationship_type": "indicates", "source_ref": "indicator--31a00232-7c86-4773-9f86-a56ccceffe8c", "target_ref": "malware--136e8e98-04d8-427f-8d54-f85362aa9a9e"}, {"type": "relationship", "spec_version": "2.1", "id": "relationship--9d39e193-3e68-4eba-9ba3-dd48e62f27a1", "created": "2022-05-13T14:18:36.315664Z", "modified": "2022-05-13T14:18:36.315664Z", "relationship_type": "indicates", "source_ref": "indicator--31a00232-7c86-4773-9f86-a56ccceffe8c", "target_ref": "attack-pattern--6b42348c-d58f-4c54-9cd3-a10e2acdb5ea"}, {"type": "relationship", "spec_version": "2.1", "id": "relationship--ab66fb38-562f-4c8c-a66d-45d8c2f22a64", "created": "2022-05-13T14:18:36.315664Z", "modified": "2022-05-13T14:18:36.315664Z", "relationship_type": "indicates", "source_ref": "indicator--31a00232-7c86-4773-9f86-a56ccceffe8c", "target_ref": "attack-pattern--0bfe5a0d-43c5-4472-9fc0-0076e18be490"}, {"type": "relationship", "spec_version": "2.1", "id": "relationship--148c2aae-a588-4be2-b6ba-73704b4bd822", "created": "2022-05-13T14:18:36.316663Z", "modified": "2022-05-13T14:18:36.316663Z", "relationship_type": "indicates", "source_ref": "indicator--31a00232-7c86-4773-9f86-a56ccceffe8c", "target_ref": "attack-pattern--b0fa3b37-386e-4a62-91a6-3f9112ecaf6e"}, {"type": "relationship", "spec_version": "2.1", "id": "relationship--857acfb2-f7c0-4d1c-af97-240d15fffa9e", "created": "2022-05-13T14:18:36.316663Z", "modified": "2022-05-13T14:18:36.316663Z", "relationship_type": "indicates", "source_ref": "indicator--31a00232-7c86-4773-9f86-a56ccceffe8c", "target_ref": "attack-pattern--f13c126c-c915-4d02-ab2d-6558aaba50d5"}, {"type": "indicator", "spec_version": "2.1", "id": "indicator--26e7fe1e-d533-4e27-a8f2-acb626de728b", "created_by_ref": "identity--86acc879-ea56-4690-ad5e-c0c6817ef05d", "created": "2022-05-13T14:18:36.316663Z", "modified": "2022-05-13T14:18:36.316663Z", "name": "Malicious IP - 157.245.142.66", "description": "Malicious IP involved with Quantum Ransomware", "pattern": "[ipv4-addr:value = '157.245.142.66']", "pattern_type": "stix", "pattern_version": "2.1", "valid_from": "2022-05-13T15:18:36.316663Z", "labels": ["malicious-activity"]}, {"type": "relationship", "spec_version": "2.1", "id": "relationship--9a27d1a2-a0bb-4594-bb00-c61eb6a978a1", "created": "2022-05-13T14:18:36.318655Z", "modified": "2022-05-13T14:18:36.318655Z", "relationship_type": "indicates", "source_ref": "indicator--26e7fe1e-d533-4e27-a8f2-acb626de728b", "target_ref": "malware--136e8e98-04d8-427f-8d54-f85362aa9a9e"}, {"type": "relationship", "spec_version": "2.1", "id": "relationship--5a7d4c43-f85a-4ffd-b926-876ec8fe6367", "created": "2022-05-13T14:18:36.318655Z", "modified": "2022-05-13T14:18:36.318655Z", "relationship_type": "indicates", "source_ref": "indicator--26e7fe1e-d533-4e27-a8f2-acb626de728b", "target_ref": "attack-pattern--6b42348c-d58f-4c54-9cd3-a10e2acdb5ea"}, {"type": "relationship", "spec_version": "2.1", "id": "relationship--d864a69b-7d65-4e9b-8c6f-9d00af28e0b0", "created": "2022-05-13T14:18:36.319183Z", "modified": "2022-05-13T14:18:36.319183Z", "relationship_type": "indicates", "source_ref": "indicator--26e7fe1e-d533-4e27-a8f2-acb626de728b", "target_ref": "attack-pattern--0bfe5a0d-43c5-4472-9fc0-0076e18be490"}, {"type": "relationship", "spec_version": "2.1", "id": "relationship--2d7c16a2-c245-4d6a-9076-ca2961cda4bb", "created": "2022-05-13T14:18:36.319183Z", "modified": "2022-05-13T14:18:36.319183Z", "relationship_type": "indicates", "source_ref": "indicator--26e7fe1e-d533-4e27-a8f2-acb626de728b", "target_ref": "attack-pattern--b0fa3b37-386e-4a62-91a6-3f9112ecaf6e"}, {"type": "relationship", "spec_version": "2.1", "id": "relationship--f8f3262a-ac6e-4676-8b47-b654222fba8a", "created": "2022-05-13T14:18:36.319183Z", "modified": "2022-05-13T14:18:36.319183Z", "relationship_type": "indicates", "source_ref": "indicator--26e7fe1e-d533-4e27-a8f2-acb626de728b", "target_ref": "attack-pattern--f13c126c-c915-4d02-ab2d-6558aaba50d5"}, {"type": "indicator", "spec_version": "2.1", "id": "indicator--ca3869d0-c2b0-431c-8abd-ff7b5c930109", "created_by_ref": "identity--86acc879-ea56-4690-ad5e-c0c6817ef05d", "created": "2022-05-13T14:18:36.320171Z", "modified": "2022-05-13T14:18:36.320171Z", "name": "Malicious URL - http://188.166.154.118:80", "description": "Malicious URL involved with Quantum Ransomware", "pattern": "[url:value = 'http://188.166.154.118:80']", "pattern_type": "stix", "pattern_version": "2.1", "valid_from": "2022-05-13T15:18:36.320171Z", "labels": ["malicious-activity"]}, {"type": "relationship", "spec_version": "2.1", "id": "relationship--b09c5d30-f3f6-4e8d-89ec-e98a9a3fc916", "created": "2022-05-13T14:18:36.322166Z", "modified": "2022-05-13T14:18:36.322166Z", "relationship_type": "indicates", "source_ref": "indicator--ca3869d0-c2b0-431c-8abd-ff7b5c930109", "target_ref": "malware--136e8e98-04d8-427f-8d54-f85362aa9a9e"}, {"type": "relationship", "spec_version": "2.1", "id": "relationship--47da9e47-98bf-43c0-979d-8b1e33400ac0", "created": "2022-05-13T14:18:36.322166Z", "modified": "2022-05-13T14:18:36.322166Z", "relationship_type": "indicates", "source_ref": "indicator--ca3869d0-c2b0-431c-8abd-ff7b5c930109", "target_ref": "attack-pattern--6b42348c-d58f-4c54-9cd3-a10e2acdb5ea"}, {"type": "relationship", "spec_version": "2.1", "id": "relationship--a63b6ce7-6f2b-45f7-906c-46d2a1ed70c6", "created": "2022-05-13T14:18:36.323163Z", "modified": "2022-05-13T14:18:36.323163Z", "relationship_type": "indicates", "source_ref": "indicator--ca3869d0-c2b0-431c-8abd-ff7b5c930109", "target_ref": "attack-pattern--0bfe5a0d-43c5-4472-9fc0-0076e18be490"}, {"type": "relationship", "spec_version": "2.1", "id": "relationship--56c2b33e-6535-405a-a20e-8d6bfb052e44", "created": "2022-05-13T14:18:36.323225Z", "modified": "2022-05-13T14:18:36.323225Z", "relationship_type": "indicates", "source_ref": "indicator--ca3869d0-c2b0-431c-8abd-ff7b5c930109", "target_ref": "attack-pattern--b0fa3b37-386e-4a62-91a6-3f9112ecaf6e"}, {"type": "relationship", "spec_version": "2.1", "id": "relationship--12dea90a-1ce5-4311-89da-fa8583ec1f41", "created": "2022-05-13T14:18:36.323225Z", "modified": "2022-05-13T14:18:36.323225Z", "relationship_type": "indicates", "source_ref": "indicator--ca3869d0-c2b0-431c-8abd-ff7b5c930109", "target_ref": "attack-pattern--f13c126c-c915-4d02-ab2d-6558aaba50d5"}, {"type": "indicator", "spec_version": "2.1", "id": "indicator--5c556fb3-b7fb-49d5-b353-5e2c94ca9a87", "created_by_ref": "identity--86acc879-ea56-4690-ad5e-c0c6817ef05d", "created": "2022-05-13T14:18:36.323225Z", "modified": "2022-05-13T14:18:36.323225Z", "name": "Malicious domain - antnosience.com", "description": "Malicious domain involved with Quantum Ransomware", "pattern": "[domain-name:value = 'antnosience.com']", "pattern_type": "stix", "pattern_version": "2.1", "valid_from": "2022-05-13T15:18:36.323225Z", "labels": ["malicious-activity"]}, {"type": "relationship", "spec_version": "2.1", "id": "relationship--b8b4f6b9-f1e3-4d64-a3b5-0db711dbf8d5", "created": "2022-05-13T14:18:36.325158Z", "modified": "2022-05-13T14:18:36.325158Z", "relationship_type": "indicates", "source_ref": "indicator--5c556fb3-b7fb-49d5-b353-5e2c94ca9a87", "target_ref": "malware--136e8e98-04d8-427f-8d54-f85362aa9a9e"}, {"type": "relationship", "spec_version": "2.1", "id": "relationship--a05fd3ad-98c1-4a4e-b657-0674763be040", "created": "2022-05-13T14:18:36.326155Z", "modified": "2022-05-13T14:18:36.326155Z", "relationship_type": "indicates", "source_ref": "indicator--5c556fb3-b7fb-49d5-b353-5e2c94ca9a87", "target_ref": "attack-pattern--6b42348c-d58f-4c54-9cd3-a10e2acdb5ea"}, {"type": "relationship", "spec_version": "2.1", "id": "relationship--c6f7fd82-c32e-4fee-ae2b-8948a61eaf2f", "created": "2022-05-13T14:18:36.326155Z", "modified": "2022-05-13T14:18:36.326155Z", "relationship_type": "indicates", "source_ref": "indicator--5c556fb3-b7fb-49d5-b353-5e2c94ca9a87", "target_ref": "attack-pattern--0bfe5a0d-43c5-4472-9fc0-0076e18be490"}, {"type": "relationship", "spec_version": "2.1", "id": "relationship--f6e3e553-6ef6-4c41-a832-284b7115121a", "created": "2022-05-13T14:18:36.326155Z", "modified": "2022-05-13T14:18:36.326155Z", "relationship_type": "indicates", "source_ref": "indicator--5c556fb3-b7fb-49d5-b353-5e2c94ca9a87", "target_ref": "attack-pattern--b0fa3b37-386e-4a62-91a6-3f9112ecaf6e"}, {"type": "relationship", "spec_version": "2.1", "id": "relationship--9755e5b1-c752-4f7e-bd5d-c2a9410659cf", "created": "2022-05-13T14:18:36.326991Z", "modified": "2022-05-13T14:18:36.326991Z", "relationship_type": "indicates", "source_ref": "indicator--5c556fb3-b7fb-49d5-b353-5e2c94ca9a87", "target_ref": "attack-pattern--f13c126c-c915-4d02-ab2d-6558aaba50d5"}, {"type": "indicator", "spec_version": "2.1", "id": "indicator--b379cd22-1a55-4aff-b751-be1a1f67ddad", "created_by_ref": "identity--86acc879-ea56-4690-ad5e-c0c6817ef05d", "created": "2022-05-13T14:18:36.32718Z", "modified": "2022-05-13T14:18:36.32718Z", "name": "Malicious domain - arelyevennot.top", "description": "Malicious domain involved with Quantum Ransomware", "pattern": "[domain-name:value = 'arelyevennot.top']", "pattern_type": "stix", "pattern_version": "2.1", "valid_from": "2022-05-13T15:18:36.32718Z", "labels": ["malicious-activity"]}, {"type": "relationship", "spec_version": "2.1", "id": "relationship--f3d6e398-1575-4cab-880d-4d7f156c851f", "created": "2022-05-13T14:18:36.32815Z", "modified": "2022-05-13T14:18:36.32815Z", "relationship_type": "indicates", "source_ref": "indicator--b379cd22-1a55-4aff-b751-be1a1f67ddad", "target_ref": "malware--136e8e98-04d8-427f-8d54-f85362aa9a9e"}, {"type": "relationship", "spec_version": "2.1", "id": "relationship--7ea4505d-c981-4d48-b8c0-7ff9732bc4dc", "created": "2022-05-13T14:18:36.329147Z", "modified": "2022-05-13T14:18:36.329147Z", "relationship_type": "indicates", "source_ref": "indicator--b379cd22-1a55-4aff-b751-be1a1f67ddad", "target_ref": "attack-pattern--6b42348c-d58f-4c54-9cd3-a10e2acdb5ea"}, {"type": "relationship", "spec_version": "2.1", "id": "relationship--15033ff6-cc8c-4243-90ec-4231eb1e3517", "created": "2022-05-13T14:18:36.329147Z", "modified": "2022-05-13T14:18:36.329147Z", "relationship_type": "indicates", "source_ref": "indicator--b379cd22-1a55-4aff-b751-be1a1f67ddad", "target_ref": "attack-pattern--0bfe5a0d-43c5-4472-9fc0-0076e18be490"}, {"type": "relationship", "spec_version": "2.1", "id": "relationship--1752885d-0fc4-41fc-a68f-715eb9527ebd", "created": "2022-05-13T14:18:36.329147Z", "modified": "2022-05-13T14:18:36.329147Z", "relationship_type": "indicates", "source_ref": "indicator--b379cd22-1a55-4aff-b751-be1a1f67ddad", "target_ref": "attack-pattern--b0fa3b37-386e-4a62-91a6-3f9112ecaf6e"}, {"type": "relationship", "spec_version": "2.1", "id": "relationship--82aff950-1901-47a2-a556-1725f8232651", "created": "2022-05-13T14:18:36.330261Z", "modified": "2022-05-13T14:18:36.330261Z", "relationship_type": "indicates", "source_ref": "indicator--b379cd22-1a55-4aff-b751-be1a1f67ddad", "target_ref": "attack-pattern--f13c126c-c915-4d02-ab2d-6558aaba50d5"}, {"type": "indicator", "spec_version": "2.1", "id": "indicator--ddd466be-88cf-46d0-b7b7-10a481c11a82", "created_by_ref": "identity--86acc879-ea56-4690-ad5e-c0c6817ef05d", "created": "2022-05-13T14:18:36.330261Z", "modified": "2022-05-13T14:18:36.330261Z", "name": "Malicious domain - dilimoretast.com", "description": "Malicious domain involved with Quantum Ransomware", "pattern": "[domain-name:value = 'dilimoretast.com']", "pattern_type": "stix", "pattern_version": "2.1", "valid_from": "2022-05-13T15:18:36.330261Z", "labels": ["malicious-activity"]}, {"type": "relationship", "spec_version": "2.1", "id": "relationship--4f0f36d0-2088-4f89-bfed-986fbee71f97", "created": "2022-05-13T14:18:36.331144Z", "modified": "2022-05-13T14:18:36.331144Z", "relationship_type": "indicates", "source_ref": "indicator--ddd466be-88cf-46d0-b7b7-10a481c11a82", "target_ref": "malware--136e8e98-04d8-427f-8d54-f85362aa9a9e"}, {"type": "relationship", "spec_version": "2.1", "id": "relationship--85105551-07bb-4c0c-9c43-5809acacab41", "created": "2022-05-13T14:18:36.332139Z", "modified": "2022-05-13T14:18:36.332139Z", "relationship_type": "indicates", "source_ref": "indicator--ddd466be-88cf-46d0-b7b7-10a481c11a82", "target_ref": "attack-pattern--6b42348c-d58f-4c54-9cd3-a10e2acdb5ea"}, {"type": "relationship", "spec_version": "2.1", "id": "relationship--4dca3be8-fd1d-41e3-99b1-94d4ce82f8d7", "created": "2022-05-13T14:18:36.332139Z", "modified": "2022-05-13T14:18:36.332139Z", "relationship_type": "indicates", "source_ref": "indicator--ddd466be-88cf-46d0-b7b7-10a481c11a82", "target_ref": "attack-pattern--0bfe5a0d-43c5-4472-9fc0-0076e18be490"}, {"type": "relationship", "spec_version": "2.1", "id": "relationship--f890da53-3599-41dd-adb6-f0b030d6e14d", "created": "2022-05-13T14:18:36.332139Z", "modified": "2022-05-13T14:18:36.332139Z", "relationship_type": "indicates", "source_ref": "indicator--ddd466be-88cf-46d0-b7b7-10a481c11a82", "target_ref": "attack-pattern--b0fa3b37-386e-4a62-91a6-3f9112ecaf6e"}, {"type": "relationship", "spec_version": "2.1", "id": "relationship--6402382a-9994-4b0a-8717-b4cdebd9da06", "created": "2022-05-13T14:18:36.333137Z", "modified": "2022-05-13T14:18:36.333137Z", "relationship_type": "indicates", "source_ref": "indicator--ddd466be-88cf-46d0-b7b7-10a481c11a82", "target_ref": "attack-pattern--f13c126c-c915-4d02-ab2d-6558aaba50d5"}]}